sim_id,model,alpha,t_test,breach_rate,kupiec_pval,christo_pval,es_realized
0,GARCH-t,0.05,58,0.017241379310344827,0.18772840378073352,1.0,1.3804204903384862
0,GARCH-Normal,0.05,58,0.017241379310344827,0.18772840378073352,1.0,1.3804204903384862
0,XGBoost-Q,0.05,58,0.05172413793103448,0.9522160163149069,1.0,1.4071600041833303
0,Historical-VaR,0.05,58,0.05172413793103448,0.9522160163149069,1.0,1.4071600041833303
0,GARCH-t,0.01,58,0.0,0.2802578748911524,1.0,
0,GARCH-Normal,0.01,58,0.0,0.2802578748911524,1.0,
0,XGBoost-Q,0.01,58,0.0,0.2802578748911524,1.0,
0,Historical-VaR,0.01,58,0.0,0.2802578748911524,1.0,
0,GARCH-t,0.05,250,0.02,0.01373817726098514,1.0,2.374036293730849
0,GARCH-Normal,0.05,250,0.04,0.45291244993520263,1.0,1.8827399579468937
0,XGBoost-Q,0.05,250,0.048,0.8838996943305626,1.0,1.7844559346184328
0,Historical-VaR,0.05,250,0.056,0.6690657551458938,0.8060054340398742,1.680261477043056
0,GARCH-t,0.01,250,0.004,0.2780714900139599,1.0,3.6766329714216996
0,GARCH-Normal,0.01,250,0.012,0.7579883213733308,1.0,2.409830626625821
0,XGBoost-Q,0.01,250,0.028,0.01904923089052679,1.0,2.0203661795609626
0,Historical-VaR,0.01,250,0.008,0.7419327009525927,1.0,3.229632708597996
1,GARCH-t,0.05,58,0.017241379310344827,0.18772840378073352,1.0,1.8128672997495852
1,GARCH-Normal,0.05,58,0.017241379310344827,0.18772840378073352,1.0,1.8128672997495852
1,XGBoost-Q,0.05,58,0.05172413793103448,0.9522160163149069,1.0,1.445050883883746
1,Historical-VaR,0.05,58,0.017241379310344827,0.18772840378073352,1.0,1.8128672997495852
1,GARCH-t,0.01,58,0.0,0.2802578748911524,1.0,
1,GARCH-Normal,0.01,58,0.0,0.2802578748911524,1.0,
1,XGBoost-Q,0.01,58,0.034482758620689655,0.14285740777902822,1.0,1.5893182642733859
1,Historical-VaR,0.01,58,0.017241379310344827,0.6152964566692893,1.0,1.8128672997495852
1,GARCH-t,0.05,250,0.02,0.01373817726098514,1.0,1.6338241738972137
1,GARCH-Normal,0.05,250,0.036,0.28602152157354077,0.3157401924103128,1.5758134448495094
1,XGBoost-Q,0.05,250,0.032,0.16322015045707905,1.0,1.6425675123338577
1,Historical-VaR,0.05,250,0.06,0.4812385279526591,0.28020572726503534,1.4159903546827906
1,GARCH-t,0.01,250,0.0,0.024981503053449705,1.0,
1,GARCH-Normal,0.01,250,0.004,0.2780714900139599,1.0,1.7428128558556808
1,XGBoost-Q,0.01,250,0.0,0.024981503053449705,1.0,
1,Historical-VaR,0.01,250,0.016,0.380483738238954,1.0,1.743847467680566
2,GARCH-t,0.05,58,0.0,0.014717101200455551,1.0,
2,GARCH-Normal,0.05,58,0.08620689655172414,0.24909991485866112,0.3113630270442601,1.573079137837487
2,XGBoost-Q,0.05,58,0.05172413793103448,0.9522160163149069,1.0,1.668369700506468
2,Historical-VaR,0.05,58,0.017241379310344827,0.18772840378073352,1.0,1.7948714337344676
2,GARCH-t,0.01,58,0.0,0.2802578748911524,1.0,
2,GARCH-Normal,0.01,58,0.0,0.2802578748911524,1.0,
2,XGBoost-Q,0.01,58,0.0,0.2802578748911524,1.0,
2,Historical-VaR,0.01,58,0.0,0.2802578748911524,1.0,
2,GARCH-t,0.05,250,0.02,0.01373817726098514,1.0,3.4503607741213442
2,GARCH-Normal,0.05,250,0.028,0.08280655204389309,1.0,3.044693411191454
2,XGBoost-Q,0.05,250,0.08,0.044446449306055236,0.6886363903622623,2.0283246647695314
2,Historical-VaR,0.05,250,0.068,0.21457514830975966,0.11531850247183639,2.1634664980208385
2,GARCH-t,0.01,250,0.004,0.2780714900139599,1.0,4.968003888042076
2,GARCH-Normal,0.01,250,0.016,0.380483738238954,1.0,3.739756062346538
2,XGBoost-Q,0.01,250,0.016,0.380483738238954,1.0,3.739756062346538
2,Historical-VaR,0.01,250,0.024,0.059353618972289524,0.11954364333624434,3.1633836768450636
3,GARCH-t,0.05,58,0.017241379310344827,0.18772840378073352,1.0,1.2195249733671607
3,GARCH-Normal,0.05,58,0.017241379310344827,0.18772840378073352,1.0,1.2195249733671607
3,XGBoost-Q,0.05,58,0.017241379310344827,0.18772840378073352,1.0,1.8282716145724565
3,Historical-VaR,0.05,58,0.0,0.014717101200455551,1.0,
3,GARCH-t,0.01,58,0.0,0.2802578748911524,1.0,
3,GARCH-Normal,0.01,58,0.0,0.2802578748911524,1.0,
3,XGBoost-Q,0.01,58,0.0,0.2802578748911524,1.0,
3,Historical-VaR,0.01,58,0.0,0.2802578748911524,1.0,
3,GARCH-t,0.05,250,0.02,0.01373817726098514,1.0,2.651761497659881
3,GARCH-Normal,0.05,250,0.072,0.1331391348605262,0.7675549258303029,2.0256511046889503
3,XGBoost-Q,0.05,250,0.152,1.6549969172885426e-09,0.6898740727739807,1.654229323774175
3,Historical-VaR,0.05,250,0.06,0.4812385279526591,0.28020572726503534,2.192215980660596
3,GARCH-t,0.01,250,0.004,0.2780714900139599,1.0,2.5770158163507157
3,GARCH-Normal,0.01,250,0.016,0.380483738238954,1.0,2.8576339684317373
3,XGBoost-Q,0.01,250,0.076,1.783662106902284e-11,0.21215902495759276,1.9533686936137975
3,Historical-VaR,0.01,250,0.016,0.380483738238954,1.0,2.8576339684317373
4,GARCH-t,0.05,58,0.05172413793103448,0.9522160163149069,0.10826140068536261,1.6493988820459382
4,GARCH-Normal,0.05,58,0.05172413793103448,0.9522160163149069,0.10826140068536261,1.6493988820459382
4,XGBoost-Q,0.05,58,0.10344827586206896,0.1001997614778738,0.6249518715764388,1.404457262254905
4,Historical-VaR,0.05,58,0.05172413793103448,0.9522160163149069,0.10826140068536261,1.6493988820459382
4,GARCH-t,0.01,58,0.0,0.2802578748911524,1.0,
4,GARCH-Normal,0.01,58,0.0,0.2802578748911524,1.0,
4,XGBoost-Q,0.01,58,0.034482758620689655,0.14285740777902822,1.0,1.6951465494194873
4,Historical-VaR,0.01,58,0.017241379310344827,0.6152964566692893,1.0,1.707878288637146
4,GARCH-t,0.05,250,0.056,0.6690657551458938,0.8060054340398742,1.5345688535342052
4,GARCH-Normal,0.05,250,0.064,0.3293742025406984,0.9728396985992332,1.4990439418792598
4,XGBoost-Q,0.05,250,0.124,5.119559107646943e-06,0.6062116615032884,1.2441870386593938
4,Historical-VaR,0.05,250,0.08,0.044446449306055236,0.27599304392509605,1.3808262181073658
4,GARCH-t,0.01,250,0.004,0.2780714900139599,1.0,1.839662892854434
4,GARCH-Normal,0.01,250,0.016,0.380483738238954,1.0,1.7331124002504168
4,XGBoost-Q,0.01,250,0.048,1.2961433017655288e-05,0.5938165372595774,1.5634149908896253
4,Historical-VaR,0.01,250,0.024,0.059353618972289524,1.0,1.7492328767853944
5,GARCH-t,0.05,58,0.017241379310344827,0.18772840378073352,1.0,1.692795872959115
5,GARCH-Normal,0.05,58,0.017241379310344827,0.18772840378073352,1.0,1.692795872959115
5,XGBoost-Q,0.05,58,0.034482758620689655,0.566622286684572,1.0,1.368537798719424
5,Historical-VaR,0.05,58,0.017241379310344827,0.18772840378073352,1.0,1.692795872959115
5,GARCH-t,0.01,58,0.0,0.2802578748911524,1.0,
5,GARCH-Normal,0.01,58,0.0,0.2802578748911524,1.0,
5,XGBoost-Q,0.01,58,0.0,0.2802578748911524,1.0,
5,Historical-VaR,0.01,58,0.017241379310344827,0.6152964566692893,1.0,1.692795872959115
5,GARCH-t,0.05,250,0.0,4.1000723660644667e-07,1.0,
5,GARCH-Normal,0.05,250,0.024,0.036605690145713465,1.0,1.7660674649574506
5,XGBoost-Q,0.05,250,0.056,0.6690657551458938,0.00028439536627700157,1.5616383612647264
5,Historical-VaR,0.05,250,0.044,0.6570559130430669,0.007157793794833278,1.6378769493230811
5,GARCH-t,0.01,250,0.0,0.024981503053449705,1.0,
5,GARCH-Normal,0.01,250,0.0,0.024981503053449705,1.0,
5,XGBoost-Q,0.01,250,0.004,0.2780714900139599,1.0,0.7942232560429404
5,Historical-VaR,0.01,250,0.012,0.7579883213733308,1.0,1.775625148699411
6,GARCH-t,0.05,58,0.0,0.014717101200455551,1.0,
6,GARCH-Normal,0.05,58,0.017241379310344827,0.18772840378073352,1.0,1.7186836453259569
6,XGBoost-Q,0.05,58,0.06896551724137931,0.5297992033445762,1.0,1.4852846342343131
6,Historical-VaR,0.05,58,0.034482758620689655,0.566622286684572,1.0,1.5951988239634947
6,GARCH-t,0.01,58,0.0,0.2802578748911524,1.0,
6,GARCH-Normal,0.01,58,0.0,0.2802578748911524,1.0,
6,XGBoost-Q,0.01,58,0.0,0.2802578748911524,1.0,
6,Historical-VaR,0.01,58,0.0,0.2802578748911524,1.0,
6,GARCH-t,0.05,250,0.148,5.733507335570209e-09,0.802309766490219,1.4373907589850055
6,GARCH-Normal,0.05,250,0.152,1.6549969172885426e-09,0.919051921674483,1.4209925771957743
6,XGBoost-Q,0.05,250,0.224,0.0,0.11802257005571715,1.1991068116594306
6,Historical-VaR,0.05,250,0.064,0.3293742025406984,0.3561236544492167,1.903336312319288
6,GARCH-t,0.01,250,0.076,1.783662106902284e-11,0.6366846004565231,1.8666055118218414
6,GARCH-Normal,0.01,250,0.076,1.783662106902284e-11,0.6366846004565231,1.8666055118218414
6,XGBoost-Q,0.01,250,0.068,1.156144957548122e-09,0.8694886459542454,1.911167201391377
6,Historical-VaR,0.01,250,0.016,0.380483738238954,1.0,2.611096750822635
7,GARCH-t,0.05,58,0.05172413793103448,0.9522160163149069,1.0,2.226206422390469
7,GARCH-Normal,0.05,58,0.08620689655172414,0.24909991485866112,1.0,1.9568673248706883
7,XGBoost-Q,0.05,58,0.1896551724137931,0.00014907452301948787,0.9312368329264693,1.4119769877763
7,Historical-VaR,0.05,58,0.10344827586206896,0.1001997614778738,0.5085519372685593,1.828925853650855
7,GARCH-t,0.01,58,0.0,0.2802578748911524,1.0,
7,GARCH-Normal,0.01,58,0.05172413793103448,0.02360405908935692,1.0,2.226206422390469
7,XGBoost-Q,0.01,58,0.05172413793103448,0.02360405908935692,1.0,2.226206422390469
7,Historical-VaR,0.01,58,0.034482758620689655,0.14285740777902822,1.0,2.35731435521235
7,GARCH-t,0.05,250,0.024,0.036605690145713465,1.0,2.129918475358704
7,GARCH-Normal,0.05,250,0.04,0.45291244993520263,1.0,1.933299504582708
7,XGBoost-Q,0.05,250,0.06,0.4812385279526591,0.28020572726503534,1.6957021965191847
7,Historical-VaR,0.05,250,0.064,0.3293742025406984,0.3561236544492167,1.7086876433580853
7,GARCH-t,0.01,250,0.0,0.024981503053449705,1.0,
7,GARCH-Normal,0.01,250,0.016,0.380483738238954,1.0,2.2348312314226124
7,XGBoost-Q,0.01,250,0.024,0.059353618972289524,1.0,2.1307619372531175
7,Historical-VaR,0.01,250,0.02,0.1618549171960365,1.0,2.1301170878769335
8,GARCH-t,0.05,58,0.1206896551724138,0.03490665780790292,0.8600837305914304,1.46897076181007
8,GARCH-Normal,0.05,58,0.1206896551724138,0.03490665780790292,0.8600837305914304,1.46897076181007
8,XGBoost-Q,0.05,58,0.05172413793103448,0.9522160163149069,1.0,1.766197263858478
8,Historical-VaR,0.05,58,0.05172413793103448,0.9522160163149069,1.0,1.766197263858478
8,GARCH-t,0.01,58,0.08620689655172414,0.0003031273422592351,0.41026037736228527,1.6339385888878346
8,GARCH-Normal,0.01,58,0.10344827586206896,2.5506905097061328e-05,0.6249518715764388,1.5720151644727647
8,XGBoost-Q,0.01,58,0.0,0.2802578748911524,1.0,
8,Historical-VaR,0.01,58,0.0,0.2802578748911524,1.0,
8,GARCH-t,0.05,250,0.048,0.8838996943305626,1.0,2.572781646777746
8,GARCH-Normal,0.05,250,0.104,0.0005718444785519639,0.6143948283422973,2.0834651512708504
8,XGBoost-Q,0.05,250,0.18,1.2367884494324244e-13,0.43348949748193244,1.6303126788759057
8,Historical-VaR,0.05,250,0.064,0.3293742025406984,1.0,2.3576704208335455
8,GARCH-t,0.01,250,0.012,0.7579883213733308,1.0,3.8716044974788795
8,GARCH-Normal,0.01,250,0.052,2.3114936901214023e-06,1.0,2.5799909138115633
8,XGBoost-Q,0.01,250,0.092,2.220446049250313e-15,0.9227362399442068,2.2072025800073938
8,Historical-VaR,0.01,250,0.024,0.059353618972289524,1.0,2.947195044093013
9,GARCH-t,0.05,58,0.017241379310344827,0.18772840378073352,1.0,1.7733083359309245
9,GARCH-Normal,0.05,58,0.017241379310344827,0.18772840378073352,1.0,1.7733083359309245
9,XGBoost-Q,0.05,58,0.017241379310344827,0.18772840378073352,1.0,1.7733083359309245
9,Historical-VaR,0.05,58,0.017241379310344827,0.18772840378073352,1.0,1.7733083359309245
9,GARCH-t,0.01,58,0.0,0.2802578748911524,1.0,
9,GARCH-Normal,0.01,58,0.0,0.2802578748911524,1.0,
9,XGBoost-Q,0.01,58,0.0,0.2802578748911524,1.0,
9,Historical-VaR,0.01,58,0.0,0.2802578748911524,1.0,
9,GARCH-t,0.05,250,0.008,0.00017085611685885294,1.0,2.7421448309286953
9,GARCH-Normal,0.05,250,0.024,0.036605690145713465,1.0,2.07974015044146
9,XGBoost-Q,0.05,250,0.096,0.002886808755840242,0.6293415603548427,1.5406443585882332
9,Historical-VaR,0.05,250,0.044,0.6570559130430669,0.4940636998432081,1.8728343683494246
9,GARCH-t,0.01,250,0.0,0.024981503053449705,1.0,
9,GARCH-Normal,0.01,250,0.008,0.7419327009525927,1.0,2.7421448309286953
9,XGBoost-Q,0.01,250,0.008,0.7419327009525927,1.0,2.7421448309286953
9,Historical-VaR,0.01,250,0.012,0.7579883213733308,0.019847210337081034,2.49645620578613
10,GARCH-t,0.05,58,0.13793103448275862,0.01064869216888753,1.0,1.4827960107647673
10,GARCH-Normal,0.05,58,0.10344827586206896,0.1001997614778738,1.0,1.6313392108931994
10,XGBoost-Q,0.05,58,0.27586206896551724,1.6674122749193998e-08,0.7327287618769405,1.0317561355300657
10,Historical-VaR,0.05,58,0.10344827586206896,0.1001997614778738,1.0,1.6313392108931994
10,GARCH-t,0.01,58,0.05172413793103448,0.02360405908935692,1.0,2.045938884338462
10,GARCH-Normal,0.01,58,0.05172413793103448,0.02360405908935692,1.0,2.045938884338462
10,XGBoost-Q,0.01,58,0.15517241379310345,6.060853263711863e-09,1.0,1.4088844312823872
10,Historical-VaR,0.01,58,0.06896551724137931,0.0029859389941127024,1.0,1.8893277132869297
10,GARCH-t,0.05,250,0.024,0.036605690145713465,0.11954364333624434,2.2667418066973504
10,GARCH-Normal,0.05,250,0.024,0.036605690145713465,0.11954364333624434,2.2667418066973504
10,XGBoost-Q,0.05,250,0.036,0.28602152157354077,0.3157401924103128,2.0346510902033246
10,Historical-VaR,0.05,250,0.056,0.6690657551458938,0.8060054340398742,1.7276398129957968
10,GARCH-t,0.01,250,0.004,0.2780714900139599,1.0,3.0503596724206234
10,GARCH-Normal,0.01,250,0.004,0.2780714900139599,1.0,3.0503596724206234
10,XGBoost-Q,0.01,250,0.008,0.7419327009525927,1.0,2.6148812721697667
10,Historical-VaR,0.01,250,0.024,0.059353618972289524,1.0,2.034823286374138
11,GARCH-t,0.05,58,0.1206896551724138,0.03490665780790292,1.0,2.4267248984029304
11,GARCH-Normal,0.05,58,0.1206896551724138,0.03490665780790292,1.0,2.4267248984029304
11,XGBoost-Q,0.05,58,0.1724137931034483,0.0006905869430211542,1.0,2.095020913763796
11,Historical-VaR,0.05,58,0.13793103448275862,0.01064869216888753,1.0,2.325677198362485
11,GARCH-t,0.01,58,0.06896551724137931,0.0029859389941127024,1.0,2.879727381171779
11,GARCH-Normal,0.01,58,0.06896551724137931,0.0029859389941127024,1.0,2.879727381171779
11,XGBoost-Q,0.01,58,0.10344827586206896,2.5506905097061328e-05,1.0,2.5990298429960514
11,Historical-VaR,0.01,58,0.05172413793103448,0.02360405908935692,1.0,3.171912154732677
11,GARCH-t,0.05,250,0.02,0.01373817726098514,1.0,2.766326005730972
11,GARCH-Normal,0.05,250,0.02,0.01373817726098514,1.0,2.766326005730972
11,XGBoost-Q,0.05,250,0.04,0.45291244993520263,1.0,2.3201695401600673
11,Historical-VaR,0.05,250,0.06,0.4812385279526591,1.0,2.0065378902928246
11,GARCH-t,0.01,250,0.008,0.7419327009525927,1.0,3.6202559831196033
11,GARCH-Normal,0.01,250,0.008,0.7419327009525927,1.0,3.6202559831196033
11,XGBoost-Q,0.01,250,0.012,0.7579883213733308,1.0,3.23247940048301
11,Historical-VaR,0.01,250,0.02,0.1618549171960365,1.0,2.707727189205336
12,GARCH-t,0.05,58,0.06896551724137931,0.5297992033445762,0.23469323729108316,3.504189313114444
12,GARCH-Normal,0.05,58,0.034482758620689655,0.566622286684572,1.0,4.1222229969237745
12,XGBoost-Q,0.05,58,0.15517241379310345,0.002872135801635811,0.5768498189407187,2.391227876573028
12,Historical-VaR,0.05,58,0.08620689655172414,0.24909991485866112,0.04003585100782736,3.151683281884573
12,GARCH-t,0.01,58,0.034482758620689655,0.14285740777902822,1.0,4.1222229969237745
12,GARCH-Normal,0.01,58,0.017241379310344827,0.6152964566692893,1.0,4.331111329804324
12,XGBoost-Q,0.01,58,0.08620689655172414,0.0003031273422592351,0.04003585100782736,3.151683281884573
12,Historical-VaR,0.01,58,0.05172413793103448,0.02360405908935692,1.0,3.6890112792833314
12,GARCH-t,0.05,250,0.004,1.7020689304647618e-05,1.0,4.331111329804324
12,GARCH-Normal,0.05,250,0.012,0.001008261016782086,1.0,3.631315848996207
12,XGBoost-Q,0.05,250,0.064,0.3293742025406984,0.08106294284440829,2.3152542397727016
12,Historical-VaR,0.05,250,0.04,0.45291244993520263,0.0036455230658820614,2.6422013407257223
12,GARCH-t,0.01,250,0.0,0.024981503053449705,1.0,
12,GARCH-Normal,0.01,250,0.0,0.024981503053449705,1.0,
12,XGBoost-Q,0.01,250,0.016,0.380483738238954,0.04270457626805502,3.504189313114444
12,Historical-VaR,0.01,250,0.016,0.380483738238954,1.0,3.3791627355412954
13,GARCH-t,0.05,58,0.034482758620689655,0.566622286684572,1.0,1.5119897650550307
13,GARCH-Normal,0.05,58,0.034482758620689655,0.566622286684572,1.0,1.5119897650550307
13,XGBoost-Q,0.05,58,0.017241379310344827,0.18772840378073352,1.0,1.8161989059425279
13,Historical-VaR,0.05,58,0.034482758620689655,0.566622286684572,1.0,1.5119897650550307
13,GARCH-t,0.01,58,0.017241379310344827,0.6152964566692893,1.0,1.8161989059425279
13,GARCH-Normal,0.01,58,0.017241379310344827,0.6152964566692893,1.0,1.8161989059425279
13,XGBoost-Q,0.01,58,0.0,0.2802578748911524,1.0,
13,Historical-VaR,0.01,58,0.017241379310344827,0.6152964566692893,1.0,1.8161989059425279
13,GARCH-t,0.05,250,0.016,0.004223420509394504,1.0,2.9876724392443674
13,GARCH-Normal,0.05,250,0.028,0.08280655204389309,0.17433170965123956,2.612410968140565
13,XGBoost-Q,0.05,250,0.116,3.768183275731918e-05,0.002382009598185242,1.6269911765981433
13,Historical-VaR,0.05,250,0.052,0.8853472694426691,0.1591447787109309,2.0750215817806543
13,GARCH-t,0.01,250,0.004,0.2780714900139599,1.0,4.162925455349189
13,GARCH-Normal,0.01,250,0.012,0.7579883213733308,1.0,3.3781636170116474
13,XGBoost-Q,0.01,250,0.04,0.0003189845082133269,0.051226555951393915,2.2743245280061926
13,Historical-VaR,0.01,250,0.02,0.1618549171960365,0.07573778314272639,2.781611728420535
14,GARCH-t,0.05,58,0.06896551724137931,0.5297992033445762,1.0,2.019282291847439
14,GARCH-Normal,0.05,58,0.08620689655172414,0.24909991485866112,0.41026037736228527,1.889003923705996
14,XGBoost-Q,0.05,58,0.13793103448275862,0.01064869216888753,0.9548393446602738,1.6175884332188768
14,Historical-VaR,0.05,58,0.034482758620689655,0.566622286684572,1.0,2.458613535683551
14,GARCH-t,0.01,58,0.017241379310344827,0.6152964566692893,1.0,3.095864778204538
14,GARCH-Normal,0.01,58,0.017241379310344827,0.6152964566692893,1.0,3.095864778204538
14,XGBoost-Q,0.01,58,0.017241379310344827,0.6152964566692893,1.0,3.095864778204538
14,Historical-VaR,0.01,58,0.017241379310344827,0.6152964566692893,1.0,3.095864778204538
14,GARCH-t,0.05,250,0.056,0.6690657551458938,0.8060054340398742,2.6933892575014062
14,GARCH-Normal,0.05,250,0.096,0.002886808755840242,0.6293415603548427,2.323795905659287
14,XGBoost-Q,0.05,250,0.144,1.9268683204565207e-08,0.9675689099007716,1.9390325328934648
14,Historical-VaR,0.05,250,0.076,0.07874901240828369,0.21215902495759276,2.51628415006303
14,GARCH-t,0.01,250,0.02,0.1618549171960365,1.0,3.4475480813525605
14,GARCH-Normal,0.01,250,0.036,0.0013824730075047142,0.3157401924103128,3.245348205054042
14,XGBoost-Q,0.01,250,0.076,1.783662106902284e-11,0.21215902495759276,2.6858277104522332
14,Historical-VaR,0.01,250,0.028,0.01904923089052679,0.17433170965123956,3.2007012420522147
15,GARCH-t,0.05,58,0.10344827586206896,0.1001997614778738,0.6249518715764388,1.7137031635084938
15,GARCH-Normal,0.05,58,0.10344827586206896,0.1001997614778738,0.6249518715764388,1.7137031635084938
15,XGBoost-Q,0.05,58,0.10344827586206896,0.1001997614778738,0.6249518715764388,1.7137031635084938
15,Historical-VaR,0.05,58,0.10344827586206896,0.1001997614778738,0.6249518715764388,1.7137031635084938
15,GARCH-t,0.01,58,0.017241379310344827,0.6152964566692893,1.0,2.8928802648397824
15,GARCH-Normal,0.01,58,0.017241379310344827,0.6152964566692893,1.0,2.8928802648397824
15,XGBoost-Q,0.01,58,0.034482758620689655,0.14285740777902822,1.0,2.2664434989340463
15,Historical-VaR,0.01,58,0.06896551724137931,0.0029859389941127024,0.23469323729108316,1.8887149802053256
15,GARCH-t,0.05,250,0.016,0.004223420509394504,0.04270457626805502,2.2173878876568014
15,GARCH-Normal,0.05,250,0.032,0.16322015045707905,0.23991931651644083,1.9038647740224552
15,XGBoost-Q,0.05,250,0.088,0.012356545939324781,0.43461653760061447,1.5063849985408504
15,Historical-VaR,0.05,250,0.064,0.3293742025406984,0.3561236544492167,1.666523737932343
15,GARCH-t,0.01,250,0.004,0.2780714900139599,1.0,2.8928802648397824
15,GARCH-Normal,0.01,250,0.004,0.2780714900139599,1.0,2.8928802648397824
15,XGBoost-Q,0.01,250,0.016,0.380483738238954,0.04270457626805502,2.2173878876568014
15,Historical-VaR,0.01,250,0.028,0.01904923089052679,0.00944698975425362,1.9330758866583893
16,GARCH-t,0.05,58,0.034482758620689655,0.566622286684572,1.0,1.6022118564430712
16,GARCH-Normal,0.05,58,0.034482758620689655,0.566622286684572,1.0,1.6022118564430712
16,XGBoost-Q,0.05,58,0.05172413793103448,0.9522160163149069,0.10826140068536261,1.4323827533344746
16,Historical-VaR,0.05,58,0.017241379310344827,0.18772840378073352,1.0,1.7551485100107205
16,GARCH-t,0.01,58,0.0,0.2802578748911524,1.0,
16,GARCH-Normal,0.01,58,0.0,0.2802578748911524,1.0,
16,XGBoost-Q,0.01,58,0.017241379310344827,0.6152964566692893,1.0,1.7551485100107205
16,Historical-VaR,0.01,58,0.0,0.2802578748911524,1.0,
16,GARCH-t,0.05,250,0.048,0.8838996943305626,0.5938165372595774,1.72766585720145
16,GARCH-Normal,0.05,250,0.048,0.8838996943305626,0.5938165372595774,1.72766585720145
16,XGBoost-Q,0.05,250,0.068,0.21457514830975966,0.44160858786642465,1.5982099043771865
16,Historical-VaR,0.05,250,0.06,0.4812385279526591,0.9144032996435878,1.6570075714129229
16,GARCH-t,0.01,250,0.008,0.7419327009525927,1.0,2.2026461286885897
16,GARCH-Normal,0.01,250,0.008,0.7419327009525927,1.0,2.2026461286885897
16,XGBoost-Q,0.01,250,0.008,0.7419327009525927,1.0,1.8079908565225462
16,Historical-VaR,0.01,250,0.012,0.7579883213733308,1.0,2.1395386519469803
17,GARCH-t,0.05,58,0.05172413793103448,0.9522160163149069,1.0,1.491096595800513
17,GARCH-Normal,0.05,58,0.06896551724137931,0.5297992033445762,1.0,1.402810064832529
17,XGBoost-Q,0.05,58,0.05172413793103448,0.9522160163149069,1.0,1.491096595800513
17,Historical-VaR,0.05,58,0.034482758620689655,0.566622286684572,1.0,1.5966226760610764
17,GARCH-t,0.01,58,0.017241379310344827,0.6152964566692893,1.0,1.8063089392903497
17,GARCH-Normal,0.01,58,0.017241379310344827,0.6152964566692893,1.0,1.8063089392903497
17,XGBoost-Q,0.01,58,0.0,0.2802578748911524,1.0,
17,Historical-VaR,0.01,58,0.017241379310344827,0.6152964566692893,1.0,1.8063089392903497
17,GARCH-t,0.05,250,0.024,0.036605690145713465,1.0,2.521884417615111
17,GARCH-Normal,0.05,250,0.04,0.45291244993520263,0.4008693134710468,2.1888655463511997
17,XGBoost-Q,0.05,250,0.096,0.002886808755840242,0.6293415603548427,1.6868456357647552
17,Historical-VaR,0.05,250,0.048,0.8838996943305626,0.5938165372595774,2.0658714792667707
17,GARCH-t,0.01,250,0.004,0.2780714900139599,1.0,4.411139015201492
17,GARCH-Normal,0.01,250,0.016,0.380483738238954,1.0,2.9034196454803434
17,XGBoost-Q,0.01,250,0.016,0.380483738238954,1.0,2.7912854379131575
17,Historical-VaR,0.01,250,0.012,0.7579883213733308,1.0,3.00183212860122
18,GARCH-t,0.05,58,0.2413793103448276,8.307417863617772e-07,0.19908571095370142,1.7120584926927644
18,GARCH-Normal,0.05,58,0.2413793103448276,8.307417863617772e-07,0.19908571095370142,1.7120584926927644
18,XGBoost-Q,0.05,58,0.1896551724137931,0.00014907452301948787,0.9291965559505457,1.89013085137683
18,Historical-VaR,0.05,58,0.13793103448275862,0.01064869216888753,0.27880398935953843,2.178994532027533
18,GARCH-t,0.01,58,0.13793103448275862,1.122831849720285e-07,0.27880398935953843,2.178994532027533
18,GARCH-Normal,0.01,58,0.13793103448275862,1.122831849720285e-07,0.27880398935953843,2.178994532027533
18,XGBoost-Q,0.01,58,0.08620689655172414,0.0003031273422592351,1.0,2.474285402918548
18,Historical-VaR,0.01,58,0.06896551724137931,0.0029859389941127024,1.0,2.624839436530758
18,GARCH-t,0.05,250,0.008,0.00017085611685885294,1.0,3.1360586482471113
18,GARCH-Normal,0.05,250,0.024,0.036605690145713465,1.0,2.6893685153678217
18,XGBoost-Q,0.05,250,0.064,0.3293742025406984,0.009513267613896148,2.199507328685172
18,Historical-VaR,0.05,250,0.064,0.3293742025406984,0.06682643228298724,2.2048113884986282
18,GARCH-t,0.01,250,0.0,0.024981503053449705,1.0,
18,GARCH-Normal,0.01,250,0.0,0.024981503053449705,1.0,
18,XGBoost-Q,0.01,250,0.04,0.0003189845082133269,0.4008693134710468,1.796762836575531
18,Historical-VaR,0.01,250,0.02,0.1618549171960365,1.0,2.755153302837442
19,GARCH-t,0.05,58,0.034482758620689655,0.566622286684572,1.0,1.8411650849140582
19,GARCH-Normal,0.05,58,0.034482758620689655,0.566622286684572,1.0,1.8411650849140582
19,XGBoost-Q,0.05,58,0.06896551724137931,0.5297992033445762,1.0,1.4499330679086329
19,Historical-VaR,0.05,58,0.05172413793103448,0.9522160163149069,1.0,1.6446135680779523
19,GARCH-t,0.01,58,0.0,0.2802578748911524,1.0,
19,GARCH-Normal,0.01,58,0.017241379310344827,0.6152964566692893,1.0,2.1172806241733317
19,XGBoost-Q,0.01,58,0.017241379310344827,0.6152964566692893,1.0,2.1172806241733317
19,Historical-VaR,0.01,58,0.017241379310344827,0.6152964566692893,1.0,2.1172806241733317
19,GARCH-t,0.05,250,0.008,0.00017085611685885294,1.0,4.326145511020105
19,GARCH-Normal,0.05,250,0.008,0.00017085611685885294,1.0,4.326145511020105
19,XGBoost-Q,0.05,250,0.016,0.004223420509394504,1.0,3.6227190714151756
19,Historical-VaR,0.05,250,0.044,0.6570559130430669,1.0,2.1490020596881787
19,GARCH-t,0.01,250,0.0,0.024981503053449705,1.0,
19,GARCH-Normal,0.01,250,0.0,0.024981503053449705,1.0,
19,XGBoost-Q,0.01,250,0.008,0.7419327009525927,1.0,4.326145511020105
19,Historical-VaR,0.01,250,0.02,0.1618549171960365,1.0,3.140701472107972
20,GARCH-t,0.05,58,0.0,0.014717101200455551,1.0,
20,GARCH-Normal,0.05,58,0.05172413793103448,0.9522160163149069,1.0,1.9287107482936328
20,XGBoost-Q,0.05,58,0.10344827586206896,0.1001997614778738,1.0,1.7430781691544626
20,Historical-VaR,0.05,58,0.08620689655172414,0.24909991485866112,1.0,1.7974598607788213
20,GARCH-t,0.01,58,0.0,0.2802578748911524,1.0,
20,GARCH-Normal,0.01,58,0.0,0.2802578748911524,1.0,
20,XGBoost-Q,0.01,58,0.0,0.2802578748911524,1.0,
20,Historical-VaR,0.01,58,0.0,0.2802578748911524,1.0,
20,GARCH-t,0.05,250,0.044,0.6570559130430669,1.0,2.0449423286279336
20,GARCH-Normal,0.05,250,0.044,0.6570559130430669,1.0,2.0449423286279336
20,XGBoost-Q,0.05,250,0.056,0.6690657551458938,1.0,1.91519928538011
20,Historical-VaR,0.05,250,0.06,0.4812385279526591,1.0,1.8712749942563165
20,GARCH-t,0.01,250,0.008,0.7419327009525927,1.0,3.301742265106971
20,GARCH-Normal,0.01,250,0.008,0.7419327009525927,1.0,3.301742265106971
20,XGBoost-Q,0.01,250,0.008,0.7419327009525927,1.0,3.301742265106971
20,Historical-VaR,0.01,250,0.012,0.7579883213733308,1.0,2.8171141112940945
21,GARCH-t,0.05,58,0.05172413793103448,0.9522160163149069,1.0,2.227117358545858
21,GARCH-Normal,0.05,58,0.1206896551724138,0.03490665780790292,1.0,1.894950211350668
21,XGBoost-Q,0.05,58,0.10344827586206896,0.1001997614778738,1.0,1.926457230981416
21,Historical-VaR,0.05,58,0.1206896551724138,0.03490665780790292,1.0,1.894950211350668
21,GARCH-t,0.01,58,0.0,0.2802578748911524,1.0,
21,GARCH-Normal,0.01,58,0.05172413793103448,0.02360405908935692,1.0,2.2120319685138767
21,XGBoost-Q,0.01,58,0.0,0.2802578748911524,1.0,
21,Historical-VaR,0.01,58,0.0,0.2802578748911524,1.0,
21,GARCH-t,0.05,250,0.036,0.28602152157354077,1.0,2.816178005291549
21,GARCH-Normal,0.05,250,0.044,0.6570559130430669,0.4940636998432081,2.653340531907416
21,XGBoost-Q,0.05,250,0.108,0.00023987731413255275,0.6143948283422973,2.007472550871602
21,Historical-VaR,0.05,250,0.072,0.1331391348605262,0.48693137086303817,2.3056256662266987
21,GARCH-t,0.01,250,0.012,0.7579883213733308,1.0,3.785381233489023
21,GARCH-Normal,0.01,250,0.012,0.7579883213733308,1.0,3.785381233489023
21,XGBoost-Q,0.01,250,0.06,5.902967969984019e-08,0.24545253685629076,2.4488901268829695
21,Historical-VaR,0.01,250,0.02,0.1618549171960365,1.0,3.1628506996110968
22,GARCH-t,0.05,58,0.22413793103448276,5.145489379132506e-06,0.45120242576297087,1.5848080341660533
22,GARCH-Normal,0.05,58,0.25862068965517243,1.227965407135656e-07,0.5064141363156943,1.4834795444122422
22,XGBoost-Q,0.05,58,0.27586206896551724,1.6674122749193998e-08,0.3135888766470758,1.431172964273487
22,Historical-VaR,0.05,58,0.13793103448275862,0.01064869216888753,1.0,1.9712143998117653
22,GARCH-t,0.01,58,0.10344827586206896,2.5506905097061328e-05,1.0,2.221544611248475
22,GARCH-Normal,0.01,58,0.1896551724137931,1.2351786260467179e-11,1.0,1.705344173552316
22,XGBoost-Q,0.01,58,0.10344827586206896,2.5506905097061328e-05,1.0,2.221544611248475
22,Historical-VaR,0.01,58,0.06896551724137931,0.0029859389941127024,1.0,2.503855272707231
22,GARCH-t,0.05,250,0.276,0.0,0.7203506972028589,1.0503704865458274
22,GARCH-Normal,0.05,250,0.28,0.0,0.5955271677899918,1.047972527272234
22,XGBoost-Q,0.05,250,0.084,0.023963870334161808,1.0,1.9089429829480455
22,Historical-VaR,0.05,250,0.064,0.3293742025406984,1.0,2.0854871694648627
22,GARCH-t,0.01,250,0.184,0.0,0.5200862038565748,1.292076571320495
22,GARCH-Normal,0.01,250,0.208,0.0,0.2594276624429499,1.2048738943556105
22,XGBoost-Q,0.01,250,0.012,0.7579883213733308,1.0,2.543660999171037
22,Historical-VaR,0.01,250,0.016,0.380483738238954,1.0,2.503855272707231
23,GARCH-t,0.05,58,0.034482758620689655,0.566622286684572,1.0,2.0798851551183994
23,GARCH-Normal,0.05,58,0.034482758620689655,0.566622286684572,1.0,2.0798851551183994
23,XGBoost-Q,0.05,58,0.1896551724137931,0.00014907452301948787,0.30521002496291316,1.5033383625855483
23,Historical-VaR,0.05,58,0.13793103448275862,0.01064869216888753,0.8835267408663141,1.6293062642240272
23,GARCH-t,0.01,58,0.0,0.2802578748911524,1.0,
23,GARCH-Normal,0.01,58,0.017241379310344827,0.6152964566692893,1.0,2.3502282837769455
23,XGBoost-Q,0.01,58,0.08620689655172414,0.0003031273422592351,0.41026037736228527,1.7023508727277215
23,Historical-VaR,0.01,58,0.017241379310344827,0.6152964566692893,1.0,2.3502282837769455
23,GARCH-t,0.05,250,0.044,0.6570559130430669,1.0,1.689014063930176
23,GARCH-Normal,0.05,250,0.044,0.6570559130430669,1.0,1.689014063930176
23,XGBoost-Q,0.05,250,0.092,0.006100334771630078,0.1954382296060001,1.4821633635152796
23,Historical-VaR,0.05,250,0.06,0.4812385279526591,0.05493120975677379,1.6393482747795936
23,GARCH-t,0.01,250,0.016,0.380483738238954,1.0,2.047379194866836
23,GARCH-Normal,0.01,250,0.016,0.380483738238954,1.0,2.047379194866836
23,XGBoost-Q,0.01,250,0.012,0.7579883213733308,1.0,2.1591826675828716
23,Historical-VaR,0.01,250,0.024,0.059353618972289524,0.11954364333624434,1.8233031156573183
24,GARCH-t,0.05,58,0.08620689655172414,0.24909991485866112,1.0,3.01289009979913
24,GARCH-Normal,0.05,58,0.10344827586206896,0.1001997614778738,1.0,2.755379966585437
24,XGBoost-Q,0.05,58,0.10344827586206896,0.1001997614778738,1.0,2.7794772137523913
24,Historical-VaR,0.05,58,0.10344827586206896,0.1001997614778738,1.0,2.879935592912917
24,GARCH-t,0.01,58,0.017241379310344827,0.6152964566692893,1.0,4.445725933811497
24,GARCH-Normal,0.01,58,0.034482758620689655,0.14285740777902822,1.0,3.576710506143953
24,XGBoost-Q,0.01,58,0.034482758620689655,0.14285740777902822,1.0,3.862864380056452
24,Historical-VaR,0.01,58,0.08620689655172414,0.0003031273422592351,1.0,3.01289009979913
24,GARCH-t,0.05,250,0.092,0.006100334771630078,0.528083108357758,2.2343707454715744
24,GARCH-Normal,0.05,250,0.084,0.023963870334161808,0.3502875722269412,2.290405034821145
24,XGBoost-Q,0.05,250,0.144,1.9268683204565207e-08,0.3741055285924939,1.8331299452040009
24,Historical-VaR,0.05,250,0.06,0.4812385279526591,0.05493120975677379,2.602136382940918
24,GARCH-t,0.01,250,0.044,6.711051864838335e-05,0.4940636998432081,2.920414487081624
24,GARCH-Normal,0.01,250,0.052,2.3114936901214023e-06,0.6984184728469447,2.7457464950658736
24,XGBoost-Q,0.01,250,0.076,1.783662106902284e-11,0.21215902495759276,2.432857173331464
24,Historical-VaR,0.01,250,0.036,0.0013824730075047142,0.3157401924103128,3.114657892494179
25,GARCH-t,0.05,58,0.05172413793103448,0.9522160163149069,1.0,2.077068713596315
25,GARCH-Normal,0.05,58,0.06896551724137931,0.5297992033445762,1.0,1.9688177652268628
25,XGBoost-Q,0.05,58,0.08620689655172414,0.24909991485866112,1.0,1.8680498337089955
25,Historical-VaR,0.05,58,0.05172413793103448,0.9522160163149069,1.0,2.077068713596315
25,GARCH-t,0.01,58,0.0,0.2802578748911524,1.0,
25,GARCH-Normal,0.01,58,0.017241379310344827,0.6152964566692893,1.0,2.4264579990489215
25,XGBoost-Q,0.01,58,0.034482758620689655,0.14285740777902822,1.0,1.830047001696924
25,Historical-VaR,0.01,58,0.017241379310344827,0.6152964566692893,1.0,2.4264579990489215
25,GARCH-t,0.05,250,0.02,0.01373817726098514,1.0,2.760351445417362
25,GARCH-Normal,0.05,250,0.092,0.006100334771630078,0.38518068295690866,1.8831911419195309
25,XGBoost-Q,0.05,250,0.112,9.685813528637066e-05,0.48167900594976487,1.648704683801794
25,Historical-VaR,0.05,250,0.072,0.1331391348605262,0.4869397319791794,1.9724897429616308
25,GARCH-t,0.01,250,0.0,0.024981503053449705,1.0,
25,GARCH-Normal,0.01,250,0.02,0.1618549171960365,1.0,2.760351445417362
25,XGBoost-Q,0.01,250,0.02,0.1618549171960365,1.0,2.5979544779531496
25,Historical-VaR,0.01,250,0.016,0.380483738238954,1.0,2.9390340963552055
26,GARCH-t,0.05,58,0.05172413793103448,0.9522160163149069,1.0,1.6738052996037887
26,GARCH-Normal,0.05,58,0.10344827586206896,0.1001997614778738,1.0,1.5545759383550397
26,XGBoost-Q,0.05,58,0.13793103448275862,0.01064869216888753,0.9548393446602738,1.451712098572178
26,Historical-VaR,0.05,58,0.13793103448275862,0.01064869216888753,0.3681923829020052,1.49760169237352
26,GARCH-t,0.01,58,0.0,0.2802578748911524,1.0,
26,GARCH-Normal,0.01,58,0.017241379310344827,0.6152964566692893,1.0,1.9813917780136476
26,XGBoost-Q,0.01,58,0.017241379310344827,0.6152964566692893,1.0,1.9813917780136476
26,Historical-VaR,0.01,58,0.0,0.2802578748911524,1.0,
26,GARCH-t,0.05,250,0.016,0.004223420509394504,1.0,2.4753033078118705
26,GARCH-Normal,0.05,250,0.044,0.6570559130430669,0.4454063081713605,2.005210413247914
26,XGBoost-Q,0.05,250,0.128,1.7909088273482254e-06,0.0015895101697452896,1.5585631995525886
26,Historical-VaR,0.05,250,0.088,0.012356545939324781,0.12405688360366418,1.7587634852071974
26,GARCH-t,0.01,250,0.0,0.024981503053449705,1.0,
26,GARCH-Normal,0.01,250,0.02,0.1618549171960365,1.0,2.488626885774903
26,XGBoost-Q,0.01,250,0.036,0.0013824730075047142,1.0,2.1578431671058076
26,Historical-VaR,0.01,250,0.016,0.380483738238954,1.0,2.6304235676300305
27,GARCH-t,0.05,58,0.0,0.014717101200455551,1.0,
27,GARCH-Normal,0.05,58,0.0,0.014717101200455551,1.0,
27,XGBoost-Q,0.05,58,0.0,0.014717101200455551,1.0,
27,Historical-VaR,0.05,58,0.0,0.014717101200455551,1.0,
27,GARCH-t,0.01,58,0.0,0.2802578748911524,1.0,
27,GARCH-Normal,0.01,58,0.0,0.2802578748911524,1.0,
27,XGBoost-Q,0.01,58,0.0,0.2802578748911524,1.0,
27,Historical-VaR,0.01,58,0.0,0.2802578748911524,1.0,
27,GARCH-t,0.05,250,0.036,0.28602152157354077,1.0,2.0638407312937628
27,GARCH-Normal,0.05,250,0.04,0.45291244993520263,1.0,1.983640635975546
27,XGBoost-Q,0.05,250,0.084,0.023963870334161808,0.10540437919999812,1.6323359131212134
27,Historical-VaR,0.05,250,0.052,0.8853472694426691,1.0,1.881760001450576
27,GARCH-t,0.01,250,0.012,0.7579883213733308,1.0,2.6158630459947645
27,GARCH-Normal,0.01,250,0.02,0.1618549171960365,1.0,2.3670628195576695
27,XGBoost-Q,0.01,250,0.02,0.1618549171960365,1.0,2.497640333996021
27,Historical-VaR,0.01,250,0.016,0.380483738238954,1.0,2.5887488627580786
28,GARCH-t,0.05,58,0.017241379310344827,0.18772840378073352,1.0,1.4644139901595365
28,GARCH-Normal,0.05,58,0.017241379310344827,0.18772840378073352,1.0,1.4644139901595365
28,XGBoost-Q,0.05,58,0.05172413793103448,0.9522160163149069,1.0,1.3491046181635695
28,Historical-VaR,0.05,58,0.017241379310344827,0.18772840378073352,1.0,1.4644139901595365
28,GARCH-t,0.01,58,0.0,0.2802578748911524,1.0,
28,GARCH-Normal,0.01,58,0.0,0.2802578748911524,1.0,
28,XGBoost-Q,0.01,58,0.017241379310344827,0.6152964566692893,1.0,0.978969437822297
28,Historical-VaR,0.01,58,0.0,0.2802578748911524,1.0,
28,GARCH-t,0.05,250,0.028,0.08280655204389309,1.0,1.8143898675757562
28,GARCH-Normal,0.05,250,0.048,0.8838996943305626,1.0,1.6457257550053381
28,XGBoost-Q,0.05,250,0.076,0.07874901240828369,0.6706071336824497,1.6278342864669282
28,Historical-VaR,0.05,250,0.056,0.6690657551458938,0.8060054340398742,1.734608549769731
28,GARCH-t,0.01,250,0.0,0.024981503053449705,1.0,
28,GARCH-Normal,0.01,250,0.004,0.2780714900139599,1.0,1.933096439521433
28,XGBoost-Q,0.01,250,0.004,0.2780714900139599,1.0,2.094777159537525
28,Historical-VaR,0.01,250,0.012,0.7579883213733308,1.0,2.0381435792141307
29,GARCH-t,0.05,58,0.017241379310344827,0.18772840378073352,1.0,2.15526763963317
29,GARCH-Normal,0.05,58,0.017241379310344827,0.18772840378073352,1.0,2.15526763963317
29,XGBoost-Q,0.05,58,0.05172413793103448,0.9522160163149069,0.05950462960989089,1.5269148129618042
29,Historical-VaR,0.05,58,0.034482758620689655,0.566622286684572,0.006908946799700666,1.7839021409279403
29,GARCH-t,0.01,58,0.0,0.2802578748911524,1.0,
29,GARCH-Normal,0.01,58,0.017241379310344827,0.6152964566692893,1.0,2.15526763963317
29,XGBoost-Q,0.01,58,0.0,0.2802578748911524,1.0,
29,Historical-VaR,0.01,58,0.017241379310344827,0.6152964566692893,1.0,2.15526763963317
29,GARCH-t,0.05,250,0.024,0.036605690145713465,1.0,2.3093739836222564
29,GARCH-Normal,0.05,250,0.032,0.16322015045707905,1.0,2.107748524559363
29,XGBoost-Q,0.05,250,0.06,0.4812385279526591,0.04435614284650069,1.8145500309678877
29,Historical-VaR,0.05,250,0.052,0.8853472694426691,0.01699464623856417,1.9317060533757873
29,GARCH-t,0.01,250,0.004,0.2780714900139599,1.0,3.209248748240336
29,GARCH-Normal,0.01,250,0.012,0.7579883213733308,1.0,2.671683072446678
29,XGBoost-Q,0.01,250,0.02,0.1618549171960365,1.0,2.4623979652017107
29,Historical-VaR,0.01,250,0.016,0.380483738238954,1.0,2.6977503704619954
30,GARCH-t,0.05,58,0.0,0.014717101200455551,1.0,
30,GARCH-Normal,0.05,58,0.0,0.014717101200455551,1.0,
30,XGBoost-Q,0.05,58,0.017241379310344827,0.18772840378073352,1.0,1.683700207560792
30,Historical-VaR,0.05,58,0.017241379310344827,0.18772840378073352,1.0,1.683700207560792
30,GARCH-t,0.01,58,0.0,0.2802578748911524,1.0,
30,GARCH-Normal,0.01,58,0.0,0.2802578748911524,1.0,
30,XGBoost-Q,0.01,58,0.0,0.2802578748911524,1.0,
30,Historical-VaR,0.01,58,0.0,0.2802578748911524,1.0,
30,GARCH-t,0.05,250,0.088,0.012356545939324781,0.9615114371164931,2.163837249015224
30,GARCH-Normal,0.05,250,0.092,0.006100334771630078,0.9227362399442068,2.1172463222405673
30,XGBoost-Q,0.05,250,0.196,3.3306690738754696e-16,0.14615617240898737,1.551083338493972
30,Historical-VaR,0.05,250,0.052,0.8853472694426691,0.6984184728469447,2.554340085289906
30,GARCH-t,0.01,250,0.036,0.0013824730075047142,1.0,2.7294291652897353
30,GARCH-Normal,0.01,250,0.052,2.3114936901214023e-06,1.0,2.4358227400058072
30,XGBoost-Q,0.01,250,0.088,2.2870594307278225e-14,0.41995397267226564,2.1176527620853487
30,Historical-VaR,0.01,250,0.028,0.01904923089052679,1.0,2.960675360405425
31,GARCH-t,0.05,58,0.017241379310344827,0.18772840378073352,1.0,2.366860027699856
31,GARCH-Normal,0.05,58,0.034482758620689655,0.566622286684572,1.0,2.2565159141972497
31,XGBoost-Q,0.05,58,0.05172413793103448,0.9522160163149069,0.10826140068536261,2.141912761160439
31,Historical-VaR,0.05,58,0.06896551724137931,0.5297992033445762,0.23469323729108316,1.9049414904995916
31,GARCH-t,0.01,58,0.0,0.2802578748911524,1.0,
31,GARCH-Normal,0.01,58,0.0,0.2802578748911524,1.0,
31,XGBoost-Q,0.01,58,0.0,0.2802578748911524,1.0,
31,Historical-VaR,0.01,58,0.017241379310344827,0.6152964566692893,1.0,2.366860027699856
31,GARCH-t,0.05,250,0.068,0.21457514830975966,0.11531850247183639,2.019128651729488
31,GARCH-Normal,0.05,250,0.128,1.7909088273482254e-06,0.30813892644582586,1.588131730956983
31,XGBoost-Q,0.05,250,0.168,8.577472065951497e-12,0.03570483575796768,1.435647889852321
31,Historical-VaR,0.05,250,0.068,0.21457514830975966,0.11531850247183639,1.987548045770266
31,GARCH-t,0.01,250,0.028,0.01904923089052679,0.17433170965123956,2.6673458012875164
31,GARCH-Normal,0.01,250,0.056,3.825770412690943e-07,0.21448320593086867,2.175463732022826
31,XGBoost-Q,0.01,250,0.064,8.52433379439077e-09,0.012545572813151384,2.057551678614656
31,Historical-VaR,0.01,250,0.028,0.01904923089052679,1.0,2.3920031366795613
32,GARCH-t,0.05,58,0.017241379310344827,0.18772840378073352,1.0,3.1509976028477333
32,GARCH-Normal,0.05,58,0.05172413793103448,0.9522160163149069,1.0,1.9735953099353563
32,XGBoost-Q,0.05,58,0.08620689655172414,0.24909991485866112,1.0,1.5648511302496118
32,Historical-VaR,0.05,58,0.05172413793103448,0.9522160163149069,1.0,1.9735953099353563
32,GARCH-t,0.01,58,0.017241379310344827,0.6152964566692893,1.0,3.1509976028477333
32,GARCH-Normal,0.01,58,0.017241379310344827,0.6152964566692893,1.0,3.1509976028477333
32,XGBoost-Q,0.01,58,0.017241379310344827,0.6152964566692893,1.0,3.1509976028477333
32,Historical-VaR,0.01,58,0.017241379310344827,0.6152964566692893,1.0,3.1509976028477333
32,GARCH-t,0.05,250,0.008,0.00017085611685885294,1.0,3.17896998285791
32,GARCH-Normal,0.05,250,0.008,0.00017085611685885294,1.0,3.17896998285791
32,XGBoost-Q,0.05,250,0.028,0.08280655204389309,1.0,1.901156858220393
32,Historical-VaR,0.05,250,0.056,0.6690657551458938,0.8060054340398742,1.5966691763514962
32,GARCH-t,0.01,250,0.008,0.7419327009525927,1.0,3.17896998285791
32,GARCH-Normal,0.01,250,0.008,0.7419327009525927,1.0,3.17896998285791
32,XGBoost-Q,0.01,250,0.008,0.7419327009525927,1.0,3.17896998285791
32,Historical-VaR,0.01,250,0.012,0.7579883213733308,1.0,2.6132954129225965
33,GARCH-t,0.05,58,0.05172413793103448,0.9522160163149069,1.0,2.4998805478037927
33,GARCH-Normal,0.05,58,0.05172413793103448,0.9522160163149069,1.0,2.4998805478037927
33,XGBoost-Q,0.05,58,0.1896551724137931,0.00014907452301948787,0.9021283235792997,1.5340152648347165
33,Historical-VaR,0.05,58,0.06896551724137931,0.5297992033445762,1.0,2.168449832404329
33,GARCH-t,0.01,58,0.034482758620689655,0.14285740777902822,1.0,2.9633546916609066
33,GARCH-Normal,0.01,58,0.034482758620689655,0.14285740777902822,1.0,2.9633546916609066
33,XGBoost-Q,0.01,58,0.034482758620689655,0.14285740777902822,1.0,2.9633546916609066
33,Historical-VaR,0.01,58,0.034482758620689655,0.14285740777902822,1.0,2.9633546916609066
33,GARCH-t,0.05,250,0.044,0.6570559130430669,1.0,2.0850314435242683
33,GARCH-Normal,0.05,250,0.044,0.6570559130430669,1.0,2.0850314435242683
33,XGBoost-Q,0.05,250,0.056,0.6690657551458938,0.21448320593086867,1.9178010049954202
33,Historical-VaR,0.05,250,0.06,0.4812385279526591,0.9144032996435878,1.847222715746396
33,GARCH-t,0.01,250,0.016,0.380483738238954,1.0,2.8880868734523966
33,GARCH-Normal,0.01,250,0.016,0.380483738238954,1.0,2.8880868734523966
33,XGBoost-Q,0.01,250,0.024,0.059353618972289524,1.0,2.4647501625412054
33,Historical-VaR,0.01,250,0.016,0.380483738238954,1.0,2.8880868734523966
34,GARCH-t,0.05,58,0.017241379310344827,0.18772840378073352,1.0,2.3395619380688872
34,GARCH-Normal,0.05,58,0.034482758620689655,0.566622286684572,1.0,1.7607773866258405
34,XGBoost-Q,0.05,58,0.034482758620689655,0.566622286684572,1.0,1.7607773866258405
34,Historical-VaR,0.05,58,0.034482758620689655,0.566622286684572,1.0,1.7607773866258405
34,GARCH-t,0.01,58,0.0,0.2802578748911524,1.0,
34,GARCH-Normal,0.01,58,0.017241379310344827,0.6152964566692893,1.0,2.3395619380688872
34,XGBoost-Q,0.01,58,0.034482758620689655,0.14285740777902822,1.0,1.7607773866258405
34,Historical-VaR,0.01,58,0.017241379310344827,0.6152964566692893,1.0,2.3395619380688872
34,GARCH-t,0.05,250,0.036,0.28602152157354077,1.0,1.982196234596975
34,GARCH-Normal,0.05,250,0.052,0.8853472694426691,0.6984184728469447,1.843746117130969
34,XGBoost-Q,0.05,250,0.076,0.07874901240828369,0.6366846004565231,1.6323047052531703
34,Historical-VaR,0.05,250,0.036,0.28602152157354077,1.0,2.0019807304206356
34,GARCH-t,0.01,250,0.004,0.2780714900139599,1.0,2.4472185886288997
34,GARCH-Normal,0.01,250,0.02,0.1618549171960365,1.0,1.9943427525187623
34,XGBoost-Q,0.01,250,0.012,0.7579883213733308,1.0,2.436335154087191
34,Historical-VaR,0.01,250,0.016,0.380483738238954,1.0,2.3150439272452674
35,GARCH-t,0.05,58,0.017241379310344827,0.18772840378073352,1.0,2.267528965470908
35,GARCH-Normal,0.05,58,0.017241379310344827,0.18772840378073352,1.0,2.267528965470908
35,XGBoost-Q,0.05,58,0.08620689655172414,0.24909991485866112,1.0,1.3852572328508042
35,Historical-VaR,0.05,58,0.017241379310344827,0.18772840378073352,1.0,2.267528965470908
35,GARCH-t,0.01,58,0.0,0.2802578748911524,1.0,
35,GARCH-Normal,0.01,58,0.0,0.2802578748911524,1.0,
35,XGBoost-Q,0.01,58,0.017241379310344827,0.6152964566692893,1.0,2.267528965470908
35,Historical-VaR,0.01,58,0.017241379310344827,0.6152964566692893,1.0,2.267528965470908
35,GARCH-t,0.05,250,0.028,0.08280655204389309,1.0,2.165072380628472
35,GARCH-Normal,0.05,250,0.032,0.16322015045707905,1.0,2.106966512774187
35,XGBoost-Q,0.05,250,0.076,0.07874901240828369,1.0,1.5926073136615122
35,Historical-VaR,0.05,250,0.06,0.4812385279526591,0.9144032996435878,1.6862739964472275
35,GARCH-t,0.01,250,0.004,0.2780714900139599,1.0,3.133988575686021
35,GARCH-Normal,0.01,250,0.004,0.2780714900139599,1.0,3.133988575686021
35,XGBoost-Q,0.01,250,0.04,0.0003189845082133269,1.0,1.8341130588347387
35,Historical-VaR,0.01,250,0.024,0.059353618972289524,1.0,2.197837436832989
36,GARCH-t,0.05,58,0.034482758620689655,0.566622286684572,1.0,2.2050851877153566
36,GARCH-Normal,0.05,58,0.05172413793103448,0.9522160163149069,1.0,1.965865506036944
36,XGBoost-Q,0.05,58,0.05172413793103448,0.9522160163149069,1.0,1.965865506036944
36,Historical-VaR,0.05,58,0.017241379310344827,0.18772840378073352,1.0,2.5509369672316557
36,GARCH-t,0.01,58,0.017241379310344827,0.6152964566692893,1.0,2.5509369672316557
36,GARCH-Normal,0.01,58,0.017241379310344827,0.6152964566692893,1.0,2.5509369672316557
36,XGBoost-Q,0.01,58,0.017241379310344827,0.6152964566692893,1.0,2.5509369672316557
36,Historical-VaR,0.01,58,0.0,0.2802578748911524,1.0,
36,GARCH-t,0.05,250,0.1,0.0013109034724475555,0.11273461207479396,3.2366748971067842
36,GARCH-Normal,0.05,250,0.152,1.6549969172885426e-09,0.29834518032729573,2.629419529649564
36,XGBoost-Q,0.05,250,0.156,4.6370263184769556e-10,0.6729049323647806,2.527104635591551
36,Historical-VaR,0.05,250,0.048,0.8838996943305626,0.11395391525605225,4.245143023843825
36,GARCH-t,0.01,250,0.044,6.711051864838335e-05,0.07829206140871703,4.605348331458
36,GARCH-Normal,0.01,250,0.092,2.220446049250313e-15,0.1954382296060001,3.367142526429114
36,XGBoost-Q,0.01,250,0.08,2.0398127631438e-12,0.27599304392509605,3.5062621662597855
36,Historical-VaR,0.01,250,0.016,0.380483738238954,0.04270457626805502,6.026007481125218
37,GARCH-t,0.05,58,0.0,0.014717101200455551,1.0,
37,GARCH-Normal,0.05,58,0.0,0.014717101200455551,1.0,
37,XGBoost-Q,0.05,58,0.0,0.014717101200455551,1.0,
37,Historical-VaR,0.05,58,0.0,0.014717101200455551,1.0,
37,GARCH-t,0.01,58,0.0,0.2802578748911524,1.0,
37,GARCH-Normal,0.01,58,0.0,0.2802578748911524,1.0,
37,XGBoost-Q,0.01,58,0.0,0.2802578748911524,1.0,
37,Historical-VaR,0.01,58,0.0,0.2802578748911524,1.0,
37,GARCH-t,0.05,250,0.052,0.8853472694426691,0.1591447787109309,2.806628223144158
37,GARCH-Normal,0.05,250,0.072,0.1331391348605262,0.53560756834656,2.5068685141108777
37,XGBoost-Q,0.05,250,0.172,2.1449508835758024e-12,0.2682674695729641,1.7426861758535577
37,Historical-VaR,0.05,250,0.052,0.8853472694426691,0.1591447787109309,2.806628223144158
37,GARCH-t,0.01,250,0.012,0.7579883213733308,1.0,3.7505987311308875
37,GARCH-Normal,0.01,250,0.052,2.3114936901214023e-06,0.1591447787109309,2.806628223144158
37,XGBoost-Q,0.01,250,0.064,8.52433379439077e-09,0.3561236544492167,2.563505890206278
37,Historical-VaR,0.01,250,0.02,0.1618549171960365,1.0,3.188598906946357
38,GARCH-t,0.05,58,0.1206896551724138,0.03490665780790292,0.7371982333888507,1.9910547285808768
38,GARCH-Normal,0.05,58,0.1206896551724138,0.03490665780790292,0.7371982333888507,1.9910547285808768
38,XGBoost-Q,0.05,58,0.20689655172413793,2.9066138041433653e-05,0.5798046934956479,1.6960240628457395
38,Historical-VaR,0.05,58,0.1206896551724138,0.03490665780790292,0.7371982333888507,1.9910547285808768
38,GARCH-t,0.01,58,0.0,0.2802578748911524,1.0,
38,GARCH-Normal,0.01,58,0.06896551724137931,0.0029859389941127024,0.15980982014102396,2.1214504537353176
38,XGBoost-Q,0.01,58,0.13793103448275862,1.122831849720285e-07,0.2788854419239529,1.9197730583850485
38,Historical-VaR,0.01,58,0.05172413793103448,0.02360405908935692,0.05951641538848018,2.2074198501917413
38,GARCH-t,0.05,250,0.048,0.8838996943305626,0.5938165372595774,1.9819750315543752
38,GARCH-Normal,0.05,250,0.092,0.006100334771630078,0.055074514564522836,1.719512023867242
38,XGBoost-Q,0.05,250,0.144,1.9268683204565207e-08,0.3741055285924939,1.4509056115760026
38,Historical-VaR,0.05,250,0.076,0.07874901240828369,0.21215902495759276,1.7896248113194915
38,GARCH-t,0.01,250,0.0,0.024981503053449705,1.0,
38,GARCH-Normal,0.01,250,0.052,2.3114936901214023e-06,0.6984184728469447,1.958528846875352
38,XGBoost-Q,0.01,250,0.024,0.059353618972289524,0.11954364333624434,2.1285902275689836
38,Historical-VaR,0.01,250,0.02,0.1618549171960365,0.07573778314272639,2.155672975971319
39,GARCH-t,0.05,58,0.017241379310344827,0.18772840378073352,1.0,1.7912892429942229
39,GARCH-Normal,0.05,58,0.034482758620689655,0.566622286684572,1.0,1.4302937656401136
39,XGBoost-Q,0.05,58,0.05172413793103448,0.9522160163149069,1.0,1.2777504210754567
39,Historical-VaR,0.05,58,0.05172413793103448,0.9522160163149069,1.0,1.2772499441890164
39,GARCH-t,0.01,58,0.017241379310344827,0.6152964566692893,1.0,1.7912892429942229
39,GARCH-Normal,0.01,58,0.017241379310344827,0.6152964566692893,1.0,1.7912892429942229
39,XGBoost-Q,0.01,58,0.0,0.2802578748911524,1.0,
39,Historical-VaR,0.01,58,0.0,0.2802578748911524,1.0,
39,GARCH-t,0.05,250,0.04,0.45291244993520263,1.0,1.979619717835579
39,GARCH-Normal,0.05,250,0.056,0.6690657551458938,0.8060054340398742,1.7993398535647178
39,XGBoost-Q,0.05,250,0.08,0.044446449306055236,0.5798486356307124,1.5278605758779622
39,Historical-VaR,0.05,250,0.06,0.4812385279526591,0.9144032996435878,1.7257985547543606
39,GARCH-t,0.01,250,0.012,0.7579883213733308,1.0,2.6970221004432546
39,GARCH-Normal,0.01,250,0.024,0.059353618972289524,1.0,2.2947188507003813
39,XGBoost-Q,0.01,250,0.02,0.1618549171960365,1.0,2.395404772241613
39,Historical-VaR,0.01,250,0.008,0.7419327009525927,1.0,2.8246397360193134
40,GARCH-t,0.05,58,0.10344827586206896,0.1001997614778738,0.007187433554686651,2.8852782656710168
40,GARCH-Normal,0.05,58,0.1206896551724138,0.03490665780790292,0.02494720510557502,2.760572339398934
40,XGBoost-Q,0.05,58,0.15517241379310345,0.002872135801635811,0.02153837445499751,2.4464884144236634
40,Historical-VaR,0.05,58,0.1206896551724138,0.03490665780790292,0.02494720510557502,2.760572339398934
40,GARCH-t,0.01,58,0.05172413793103448,0.02360405908935692,1.0,3.5715820977611448
40,GARCH-Normal,0.01,58,0.05172413793103448,0.02360405908935692,1.0,3.5715820977611448
40,XGBoost-Q,0.01,58,0.10344827586206896,2.5506905097061328e-05,0.007187433554686651,2.8852782656710168
40,Historical-VaR,0.01,58,0.05172413793103448,0.02360405908935692,1.0,3.5715820977611448
40,GARCH-t,0.05,250,0.12,1.413747561440637e-05,0.4264413638978153,2.041372206313609
40,GARCH-Normal,0.05,250,0.152,1.6549969172885426e-09,0.29834518032729573,1.882702628373483
40,XGBoost-Q,0.05,250,0.136,1.981754611524167e-07,0.8476761843422795,1.955015875824039
40,Historical-VaR,0.05,250,0.092,0.006100334771630078,0.011950622603588257,2.16092754009465
40,GARCH-t,0.01,250,0.04,0.0003189845082133269,0.0036455230658820614,2.7943289374025357
40,GARCH-Normal,0.01,250,0.072,1.477367117530548e-10,0.15875130435350415,2.393408148014563
40,XGBoost-Q,0.01,250,0.08,2.0398127631438e-12,0.27599304392509605,2.1992783087716474
40,Historical-VaR,0.01,250,0.024,0.059353618972289524,1.0,3.2000630597848345
41,GARCH-t,0.05,58,0.06896551724137931,0.5297992033445762,1.0,1.8720580628388028
41,GARCH-Normal,0.05,58,0.08620689655172414,0.24909991485866112,0.41026037736228527,1.789228491385164
41,XGBoost-Q,0.05,58,0.15517241379310345,0.002872135801635811,0.46369921590810914,1.5556012653326963
41,Historical-VaR,0.05,58,0.06896551724137931,0.5297992033445762,1.0,1.8720580628388028
41,GARCH-t,0.01,58,0.017241379310344827,0.6152964566692893,1.0,2.3904558482902782
41,GARCH-Normal,0.01,58,0.017241379310344827,0.6152964566692893,1.0,2.3904558482902782
41,XGBoost-Q,0.01,58,0.034482758620689655,0.14285740777902822,1.0,1.7642036005365065
41,Historical-VaR,0.01,58,0.017241379310344827,0.6152964566692893,1.0,2.3904558482902782
41,GARCH-t,0.05,250,0.072,0.1331391348605262,0.53560756834656,1.7894825845777145
41,GARCH-Normal,0.05,250,0.152,1.6549969172885426e-09,0.8603308707168033,1.425411978134391
41,XGBoost-Q,0.05,250,0.136,1.981754611524167e-07,0.4319890325715915,1.4531364389556216
41,Historical-VaR,0.05,250,0.06,0.4812385279526591,0.9144032996435878,1.8611338152359589
41,GARCH-t,0.01,250,0.012,0.7579883213733308,1.0,2.6465906903407896
41,GARCH-Normal,0.01,250,0.068,1.156144957548122e-09,0.44160858786642465,1.8172273576398523
41,XGBoost-Q,0.01,250,0.008,0.7419327009525927,1.0,2.9108418103558895
41,Historical-VaR,0.01,250,0.012,0.7579883213733308,1.0,2.6465906903407896
42,GARCH-t,0.05,58,0.0,0.014717101200455551,1.0,
42,GARCH-Normal,0.05,58,0.034482758620689655,0.566622286684572,1.0,1.6225241807761046
42,XGBoost-Q,0.05,58,0.017241379310344827,0.18772840378073352,1.0,1.7831282445339414
42,Historical-VaR,0.05,58,0.0,0.014717101200455551,1.0,
42,GARCH-t,0.01,58,0.0,0.2802578748911524,1.0,
42,GARCH-Normal,0.01,58,0.0,0.2802578748911524,1.0,
42,XGBoost-Q,0.01,58,0.0,0.2802578748911524,1.0,
42,Historical-VaR,0.01,58,0.0,0.2802578748911524,1.0,
42,GARCH-t,0.05,250,0.044,0.6570559130430669,0.07829206140871703,2.7089633385343905
42,GARCH-Normal,0.05,250,0.044,0.6570559130430669,0.07829206140871703,2.7089633385343905
42,XGBoost-Q,0.05,250,0.08,0.044446449306055236,0.743075719977325,2.1332916348290683
42,Historical-VaR,0.05,250,0.064,0.3293742025406984,0.3561236544492167,2.314591601389935
42,GARCH-t,0.01,250,0.012,0.7579883213733308,0.019847210337081034,5.049826809929749
42,GARCH-Normal,0.01,250,0.012,0.7579883213733308,0.019847210337081034,5.049826809929749
42,XGBoost-Q,0.01,250,0.024,0.059353618972289524,0.004338133522385879,3.6887818449112664
42,Historical-VaR,0.01,250,0.02,0.1618549171960365,0.07573778314272639,3.824653913742098
43,GARCH-t,0.05,58,0.08620689655172414,0.24909991485866112,0.41026037736228527,2.427859162532906
43,GARCH-Normal,0.05,58,0.13793103448275862,0.01064869216888753,0.06676360434881579,2.0269407104802233
43,XGBoost-Q,0.05,58,0.1206896551724138,0.03490665780790292,0.2085985388689996,2.1185851442354884
43,Historical-VaR,0.05,58,0.06896551724137931,0.5297992033445762,0.23469323729108316,2.6489964026265884
43,GARCH-t,0.01,58,0.05172413793103448,0.02360405908935692,1.0,2.898812715635606
43,GARCH-Normal,0.01,58,0.06896551724137931,0.0029859389941127024,0.23469323729108316,2.6489964026265884
43,XGBoost-Q,0.01,58,0.05172413793103448,0.02360405908935692,1.0,2.898812715635606
43,Historical-VaR,0.01,58,0.034482758620689655,0.14285740777902822,1.0,3.01440764956891
43,GARCH-t,0.05,250,0.048,0.8838996943305626,1.0,2.3733495377249856
43,GARCH-Normal,0.05,250,0.056,0.6690657551458938,0.8060054340398742,2.2592419233441547
43,XGBoost-Q,0.05,250,0.076,0.07874901240828369,0.21215902495759276,2.030789578369262
43,Historical-VaR,0.05,250,0.064,0.3293742025406984,0.3561236544492167,2.157614895252247
43,GARCH-t,0.01,250,0.012,0.7579883213733308,1.0,3.1635108272944628
43,GARCH-Normal,0.01,250,0.032,0.005420405194127675,1.0,2.7346573482888012
43,XGBoost-Q,0.01,250,0.032,0.005420405194127675,0.018111733034069988,2.661507219174378
43,Historical-VaR,0.01,250,0.02,0.1618549171960365,1.0,3.0089433459152004
44,GARCH-t,0.05,58,0.0,0.014717101200455551,1.0,
44,GARCH-Normal,0.05,58,0.034482758620689655,0.566622286684572,1.0,2.104264292154113
44,XGBoost-Q,0.05,58,0.06896551724137931,0.5297992033445762,1.0,1.7584042332028882
44,Historical-VaR,0.05,58,0.034482758620689655,0.566622286684572,1.0,2.104264292154113
44,GARCH-t,0.01,58,0.0,0.2802578748911524,1.0,
44,GARCH-Normal,0.01,58,0.017241379310344827,0.6152964566692893,1.0,2.2928080872442074
44,XGBoost-Q,0.01,58,0.034482758620689655,0.14285740777902822,1.0,1.818961272149945
44,Historical-VaR,0.01,58,0.017241379310344827,0.6152964566692893,1.0,2.2928080872442074
44,GARCH-t,0.05,250,0.04,0.45291244993520263,0.4008693134710468,2.1462017177456985
44,GARCH-Normal,0.05,250,0.04,0.45291244993520263,0.4008693134710468,2.1462017177456985
44,XGBoost-Q,0.05,250,0.048,0.8838996943305626,0.5938165372595774,2.059872223086756
44,Historical-VaR,0.05,250,0.056,0.6690657551458938,0.8060054340398742,1.968544537152496
44,GARCH-t,0.01,250,0.004,0.2780714900139599,1.0,2.8366671068707623
44,GARCH-Normal,0.01,250,0.004,0.2780714900139599,1.0,2.8366671068707623
44,XGBoost-Q,0.01,250,0.012,0.7579883213733308,1.0,2.489178129876369
44,Historical-VaR,0.01,250,0.016,0.380483738238954,1.0,2.430919499089093
45,GARCH-t,0.05,58,0.034482758620689655,0.566622286684572,1.0,2.4707574777670622
45,GARCH-Normal,0.05,58,0.06896551724137931,0.5297992033445762,0.23469323729108316,1.9378214699541352
45,XGBoost-Q,0.05,58,0.06896551724137931,0.5297992033445762,0.23469323729108316,1.9378214699541352
45,Historical-VaR,0.05,58,0.06896551724137931,0.5297992033445762,0.23469323729108316,1.9378214699541352
45,GARCH-t,0.01,58,0.0,0.2802578748911524,1.0,
45,GARCH-Normal,0.01,58,0.034482758620689655,0.14285740777902822,1.0,2.4707574777670622
45,XGBoost-Q,0.01,58,0.017241379310344827,0.6152964566692893,1.0,2.7123636955958585
45,Historical-VaR,0.01,58,0.0,0.2802578748911524,1.0,
45,GARCH-t,0.05,250,0.18,1.2367884494324244e-13,0.013664639885296204,1.3727536894213483
45,GARCH-Normal,0.05,250,0.028,0.08280655204389309,1.0,2.846007448697116
45,XGBoost-Q,0.05,250,0.068,0.21457514830975966,0.44160858786642465,2.021443774180849
45,Historical-VaR,0.05,250,0.044,0.6570559130430669,0.07829206140871703,2.375806459663571
45,GARCH-t,0.01,250,0.08,2.0398127631438e-12,0.07406962855517885,1.7846801207575165
45,GARCH-Normal,0.01,250,0.016,0.380483738238954,1.0,3.2507043334721635
45,XGBoost-Q,0.01,250,0.008,0.7419327009525927,1.0,4.340819908127832
45,Historical-VaR,0.01,250,0.016,0.380483738238954,1.0,3.304534255728731
46,GARCH-t,0.05,58,0.05172413793103448,0.9522160163149069,1.0,1.6416701924706192
46,GARCH-Normal,0.05,58,0.05172413793103448,0.9522160163149069,1.0,1.6416701924706192
46,XGBoost-Q,0.05,58,0.06896551724137931,0.5297992033445762,1.0,1.5321360619757094
46,Historical-VaR,0.05,58,0.05172413793103448,0.9522160163149069,1.0,1.6416701924706192
46,GARCH-t,0.01,58,0.017241379310344827,0.6152964566692893,1.0,2.0081596521707286
46,GARCH-Normal,0.01,58,0.017241379310344827,0.6152964566692893,1.0,2.0081596521707286
46,XGBoost-Q,0.01,58,0.017241379310344827,0.6152964566692893,1.0,2.0081596521707286
46,Historical-VaR,0.01,58,0.0,0.2802578748911524,1.0,
46,GARCH-t,0.05,250,0.02,0.01373817726098514,1.0,2.1662110155346035
46,GARCH-Normal,0.05,250,0.064,0.3293742025406984,1.0,1.633954037248252
46,XGBoost-Q,0.05,250,0.148,5.733507335570209e-09,0.4640579880172889,1.2642233385577881
46,Historical-VaR,0.05,250,0.056,0.6690657551458938,1.0,1.6825157667953161
46,GARCH-t,0.01,250,0.0,0.024981503053449705,1.0,
46,GARCH-Normal,0.01,250,0.02,0.1618549171960365,1.0,2.1662110155346035
46,XGBoost-Q,0.01,250,0.028,0.01904923089052679,1.0,2.009670754154692
46,Historical-VaR,0.01,250,0.012,0.7579883213733308,1.0,2.362259055618607
47,GARCH-t,0.05,58,0.0,0.014717101200455551,1.0,
47,GARCH-Normal,0.05,58,0.08620689655172414,0.24909991485866112,1.0,2.0574593609275444
47,XGBoost-Q,0.05,58,0.1896551724137931,0.00014907452301948787,0.30521002496291316,1.922612062351009
47,Historical-VaR,0.05,58,0.06896551724137931,0.5297992033445762,1.0,2.205676810803414
47,GARCH-t,0.01,58,0.0,0.2802578748911524,1.0,
47,GARCH-Normal,0.01,58,0.0,0.2802578748911524,1.0,
47,XGBoost-Q,0.01,58,0.0,0.2802578748911524,1.0,
47,Historical-VaR,0.01,58,0.0,0.2802578748911524,1.0,
47,GARCH-t,0.05,250,0.032,0.16322015045707905,1.0,2.31592378850201
47,GARCH-Normal,0.05,250,0.032,0.16322015045707905,1.0,2.31592378850201
47,XGBoost-Q,0.05,250,0.132,6.056714834112853e-07,0.8340323151975384,1.9119803315493982
47,Historical-VaR,0.05,250,0.056,0.6690657551458938,0.8060054340398742,2.4000257879113365
47,GARCH-t,0.01,250,0.004,0.2780714900139599,1.0,3.4875161280464932
47,GARCH-Normal,0.01,250,0.012,0.7579883213733308,1.0,2.5360875964821368
47,XGBoost-Q,0.01,250,0.048,1.2961433017655288e-05,0.5938165372595774,2.4454372423245623
47,Historical-VaR,0.01,250,0.024,0.059353618972289524,1.0,2.889894889756554
48,GARCH-t,0.05,58,0.05172413793103448,0.9522160163149069,1.0,2.0269803849882284
48,GARCH-Normal,0.05,58,0.05172413793103448,0.9522160163149069,1.0,2.0269803849882284
48,XGBoost-Q,0.05,58,0.08620689655172414,0.24909991485866112,0.41026037736228527,1.8249910297198233
48,Historical-VaR,0.05,58,0.05172413793103448,0.9522160163149069,1.0,2.0269803849882284
48,GARCH-t,0.01,58,0.0,0.2802578748911524,1.0,
48,GARCH-Normal,0.01,58,0.0,0.2802578748911524,1.0,
48,XGBoost-Q,0.01,58,0.0,0.2802578748911524,1.0,
48,Historical-VaR,0.01,58,0.0,0.2802578748911524,1.0,
48,GARCH-t,0.05,250,0.0,4.1000723660644667e-07,1.0,
48,GARCH-Normal,0.05,250,0.016,0.004223420509394504,0.04270457626805502,2.5539695534104423
48,XGBoost-Q,0.05,250,0.144,1.9268683204565207e-08,0.06832738470109345,1.605554790243492
48,Historical-VaR,0.05,250,0.064,0.3293742025406984,0.3561236544492167,1.966275559147547
48,GARCH-t,0.01,250,0.0,0.024981503053449705,1.0,
48,GARCH-Normal,0.01,250,0.0,0.024981503053449705,1.0,
48,XGBoost-Q,0.01,250,0.052,2.3114936901214023e-06,0.022148658948658917,2.0613703859088064
48,Historical-VaR,0.01,250,0.02,0.1618549171960365,0.07573778314272639,2.3968115396350123
49,GARCH-t,0.05,58,0.017241379310344827,0.18772840378073352,1.0,2.1766523730120118
49,GARCH-Normal,0.05,58,0.05172413793103448,0.9522160163149069,1.0,1.974678659808415
49,XGBoost-Q,0.05,58,0.08620689655172414,0.24909991485866112,0.41026037736228527,1.7423905642064454
49,Historical-VaR,0.05,58,0.05172413793103448,0.9522160163149069,1.0,1.974678659808415
49,GARCH-t,0.01,58,0.0,0.2802578748911524,1.0,
49,GARCH-Normal,0.01,58,0.0,0.2802578748911524,1.0,
49,XGBoost-Q,0.01,58,0.0,0.2802578748911524,1.0,
49,Historical-VaR,0.01,58,0.0,0.2802578748911524,1.0,
49,GARCH-t,0.05,250,0.044,0.6570559130430669,1.0,2.2866785292611103
49,GARCH-Normal,0.05,250,0.056,0.6690657551458938,1.0,2.1156585472043377
49,XGBoost-Q,0.05,250,0.076,0.07874901240828369,0.6706071336824497,1.8961591196631826
49,Historical-VaR,0.05,250,0.064,0.3293742025406984,1.0,2.0011594923747698
49,GARCH-t,0.01,250,0.02,0.1618549171960365,1.0,2.7737978549599673
49,GARCH-Normal,0.01,250,0.024,0.059353618972289524,1.0,2.6742736079686416
49,XGBoost-Q,0.01,250,0.052,2.3114936901214023e-06,1.0,2.127097573966192
49,Historical-VaR,0.01,250,0.016,0.380483738238954,1.0,2.8850021019372636
50,GARCH-t,0.05,58,0.05172413793103448,0.9522160163149069,1.0,1.6309247000576261
50,GARCH-Normal,0.05,58,0.05172413793103448,0.9522160163149069,1.0,1.6309247000576261
50,XGBoost-Q,0.05,58,0.1896551724137931,0.00014907452301948787,0.9291965559505457,1.2638001394466125
50,Historical-VaR,0.05,58,0.13793103448275862,0.01064869216888753,1.0,1.3967047001131383
50,GARCH-t,0.01,58,0.0,0.2802578748911524,1.0,
50,GARCH-Normal,0.01,58,0.0,0.2802578748911524,1.0,
50,XGBoost-Q,0.01,58,0.10344827586206896,2.5506905097061328e-05,1.0,1.5255966787137554
50,Historical-VaR,0.01,58,0.034482758620689655,0.14285740777902822,1.0,1.7458122208327467
50,GARCH-t,0.05,250,0.008,0.00017085611685885294,1.0,2.2463536253838186
50,GARCH-Normal,0.05,250,0.004,1.7020689304647618e-05,1.0,2.398665580774133
50,XGBoost-Q,0.05,250,0.032,0.16322015045707905,1.0,1.772912773232501
50,Historical-VaR,0.05,250,0.064,0.3293742025406984,0.9728396985992332,1.5054178690547537
50,GARCH-t,0.01,250,0.0,0.024981503053449705,1.0,
50,GARCH-Normal,0.01,250,0.0,0.024981503053449705,1.0,
50,XGBoost-Q,0.01,250,0.0,0.024981503053449705,1.0,
50,Historical-VaR,0.01,250,0.012,0.7579883213733308,1.0,1.7250240272086843
51,GARCH-t,0.05,58,0.0,0.014717101200455551,1.0,
51,GARCH-Normal,0.05,58,0.0,0.014717101200455551,1.0,
51,XGBoost-Q,0.05,58,0.08620689655172414,0.24909991485866112,1.0,1.2031320027258463
51,Historical-VaR,0.05,58,0.017241379310344827,0.18772840378073352,1.0,1.4501668058520276
51,GARCH-t,0.01,58,0.0,0.2802578748911524,1.0,
51,GARCH-Normal,0.01,58,0.0,0.2802578748911524,1.0,
51,XGBoost-Q,0.01,58,0.0,0.2802578748911524,1.0,
51,Historical-VaR,0.01,58,0.0,0.2802578748911524,1.0,
51,GARCH-t,0.05,250,0.004,1.7020689304647618e-05,1.0,2.6321361735329547
51,GARCH-Normal,0.05,250,0.024,0.036605690145713465,1.0,1.982820191559771
51,XGBoost-Q,0.05,250,0.08,0.044446449306055236,0.014641681752603941,1.586468821641348
51,Historical-VaR,0.05,250,0.044,0.6570559130430669,1.0,1.845659356962145
51,GARCH-t,0.01,250,0.0,0.024981503053449705,1.0,
51,GARCH-Normal,0.01,250,0.004,0.2780714900139599,1.0,2.6321361735329547
51,XGBoost-Q,0.01,250,0.008,0.7419327009525927,1.0,2.269920776533459
51,Historical-VaR,0.01,250,0.012,0.7579883213733308,1.0,2.207795357222771
52,GARCH-t,0.05,58,0.05172413793103448,0.9522160163149069,1.0,1.5243993752012706
52,GARCH-Normal,0.05,58,0.06896551724137931,0.5297992033445762,1.0,1.479638380620131
52,XGBoost-Q,0.05,58,0.08620689655172414,0.24909991485866112,1.0,1.2518741240281757
52,Historical-VaR,0.05,58,0.08620689655172414,0.24909991485866112,1.0,1.3608121834150793
52,GARCH-t,0.01,58,0.0,0.2802578748911524,1.0,
52,GARCH-Normal,0.01,58,0.017241379310344827,0.6152964566692893,1.0,1.90795761184589
52,XGBoost-Q,0.01,58,0.034482758620689655,0.14285740777902822,1.0,1.6692710633601646
52,Historical-VaR,0.01,58,0.017241379310344827,0.6152964566692893,1.0,1.90795761184589
52,GARCH-t,0.05,250,0.084,0.023963870334161808,0.49611598650212385,1.8469614301657216
52,GARCH-Normal,0.05,250,0.088,0.012356545939324781,0.41995397267226564,1.8032765568827307
52,XGBoost-Q,0.05,250,0.144,1.9268683204565207e-08,0.022941496826642482,1.48439009145193
52,Historical-VaR,0.05,250,0.072,0.1331391348605262,0.03303162391536796,1.9869656257928259
52,GARCH-t,0.01,250,0.044,6.711051864838335e-05,1.0,2.295530882253888
52,GARCH-Normal,0.01,250,0.044,6.711051864838335e-05,1.0,2.295530882253888
52,XGBoost-Q,0.01,250,0.116,0.0,0.1342756967481935,1.6612103469900092
52,Historical-VaR,0.01,250,0.02,0.1618549171960365,0.07573778314272639,2.760268203062646
53,GARCH-t,0.05,58,0.08620689655172414,0.24909991485866112,1.0,1.3657405093789334
53,GARCH-Normal,0.05,58,0.08620689655172414,0.24909991485866112,1.0,1.3657405093789334
53,XGBoost-Q,0.05,58,0.13793103448275862,0.01064869216888753,1.0,1.2380123151821398
53,Historical-VaR,0.05,58,0.05172413793103448,0.9522160163149069,1.0,1.3965117889302874
53,GARCH-t,0.01,58,0.0,0.2802578748911524,1.0,
53,GARCH-Normal,0.01,58,0.0,0.2802578748911524,1.0,
53,XGBoost-Q,0.01,58,0.0,0.2802578748911524,1.0,
53,Historical-VaR,0.01,58,0.0,0.2802578748911524,1.0,
53,GARCH-t,0.05,250,0.076,0.07874901240828369,0.6366846004565231,1.5957018403765033
53,GARCH-Normal,0.05,250,0.1,0.0013109034724475555,0.3268317996107135,1.4686448786450128
53,XGBoost-Q,0.05,250,0.108,0.00023987731413255275,0.49984077117663206,1.4304950709692734
53,Historical-VaR,0.05,250,0.068,0.21457514830975966,0.11531850247183639,1.6133431332831574
53,GARCH-t,0.01,250,0.024,0.059353618972289524,0.11954364333624434,2.259866987329276
53,GARCH-Normal,0.01,250,0.032,0.005420405194127675,0.23991931651644083,2.061394825561611
53,XGBoost-Q,0.01,250,0.016,0.380483738238954,0.04270457626805502,2.4849603343357485
53,Historical-VaR,0.01,250,0.012,0.7579883213733308,0.019847210337081034,2.531746197101248
54,GARCH-t,0.05,58,0.034482758620689655,0.566622286684572,1.0,1.669413253305269
54,GARCH-Normal,0.05,58,0.034482758620689655,0.566622286684572,1.0,1.669413253305269
54,XGBoost-Q,0.05,58,0.034482758620689655,0.566622286684572,1.0,1.669413253305269
54,Historical-VaR,0.05,58,0.017241379310344827,0.18772840378073352,1.0,1.8416611147567246
54,GARCH-t,0.01,58,0.0,0.2802578748911524,1.0,
54,GARCH-Normal,0.01,58,0.0,0.2802578748911524,1.0,
54,XGBoost-Q,0.01,58,0.0,0.2802578748911524,1.0,
54,Historical-VaR,0.01,58,0.0,0.2802578748911524,1.0,
54,GARCH-t,0.05,250,0.016,0.004223420509394504,1.0,2.5870104779568734
54,GARCH-Normal,0.05,250,0.02,0.01373817726098514,1.0,2.4789675876441164
54,XGBoost-Q,0.05,250,0.132,6.056714834112853e-07,0.8340323151975384,1.706873614774919
54,Historical-VaR,0.05,250,0.06,0.4812385279526591,0.9144032996435878,2.0610972676183286
54,GARCH-t,0.01,250,0.0,0.024981503053449705,1.0,
54,GARCH-Normal,0.01,250,0.004,0.2780714900139599,1.0,3.0295775782499095
54,XGBoost-Q,0.01,250,0.048,1.2961433017655288e-05,1.0,2.1754618541400705
54,Historical-VaR,0.01,250,0.02,0.1618549171960365,1.0,2.4605597988283727
55,GARCH-t,0.05,58,0.05172413793103448,0.9522160163149069,0.10826140068536261,2.9955520620094607
55,GARCH-Normal,0.05,58,0.05172413793103448,0.9522160163149069,0.10826140068536261,2.9955520620094607
55,XGBoost-Q,0.05,58,0.06896551724137931,0.5297992033445762,0.23469323729108316,2.6584448090951596
55,Historical-VaR,0.05,58,0.05172413793103448,0.9522160163149069,0.10826140068536261,2.9955520620094607
55,GARCH-t,0.01,58,0.017241379310344827,0.6152964566692893,1.0,3.6778172530841515
55,GARCH-Normal,0.01,58,0.05172413793103448,0.02360405908935692,0.10826140068536261,2.9955520620094607
55,XGBoost-Q,0.01,58,0.034482758620689655,0.14285740777902822,0.03272198263992743,3.2248466590103018
55,Historical-VaR,0.01,58,0.017241379310344827,0.6152964566692893,1.0,3.6778172530841515
55,GARCH-t,0.05,250,0.06,0.4812385279526591,0.05493120975677379,2.526371130134626
55,GARCH-Normal,0.05,250,0.068,0.21457514830975966,0.016185745386866568,2.4230348528626466
55,XGBoost-Q,0.05,250,0.092,0.006100334771630078,0.009205229162740913,2.140835809236721
55,Historical-VaR,0.05,250,0.064,0.3293742025406984,0.08106294284440829,2.457328289307995
55,GARCH-t,0.01,250,0.016,0.380483738238954,1.0,3.0672272443927215
55,GARCH-Normal,0.01,250,0.044,6.711051864838335e-05,0.4940636998432081,2.659383380720503
55,XGBoost-Q,0.01,250,0.016,0.380483738238954,1.0,2.851575375864659
55,Historical-VaR,0.01,250,0.016,0.380483738238954,1.0,3.148218156567018
56,GARCH-t,0.05,58,0.034482758620689655,0.566622286684572,1.0,1.822485143279648
56,GARCH-Normal,0.05,58,0.034482758620689655,0.566622286684572,1.0,1.822485143279648
56,XGBoost-Q,0.05,58,0.05172413793103448,0.9522160163149069,1.0,1.705424259349389
56,Historical-VaR,0.05,58,0.034482758620689655,0.566622286684572,1.0,1.822485143279648
56,GARCH-t,0.01,58,0.0,0.2802578748911524,1.0,
56,GARCH-Normal,0.01,58,0.0,0.2802578748911524,1.0,
56,XGBoost-Q,0.01,58,0.0,0.2802578748911524,1.0,
56,Historical-VaR,0.01,58,0.0,0.2802578748911524,1.0,
56,GARCH-t,0.05,250,0.052,0.8853472694426691,0.13482876335881278,2.209924992721509
56,GARCH-Normal,0.05,250,0.068,0.21457514830975966,0.3970540810360399,1.9952666703149708
56,XGBoost-Q,0.05,250,0.068,0.21457514830975966,0.3970540810360399,1.9922677277421532
56,Historical-VaR,0.05,250,0.06,0.4812385279526591,0.24545253685629076,2.0769048485759436
56,GARCH-t,0.01,250,0.028,0.01904923089052679,0.00944698975425362,2.8136449151161975
56,GARCH-Normal,0.01,250,0.028,0.01904923089052679,0.00944698975425362,2.8136449151161975
56,XGBoost-Q,0.01,250,0.024,0.059353618972289524,0.004338133522385879,2.9041200723130687
56,Historical-VaR,0.01,250,0.02,0.1618549171960365,0.0016575220255742318,3.011721254908653
57,GARCH-t,0.05,58,0.05172413793103448,0.9522160163149069,1.0,2.1377103884656736
57,GARCH-Normal,0.05,58,0.05172413793103448,0.9522160163149069,1.0,2.1377103884656736
57,XGBoost-Q,0.05,58,0.08620689655172414,0.24909991485866112,1.0,1.7091501053243967
57,Historical-VaR,0.05,58,0.06896551724137931,0.5297992033445762,1.0,1.9515870782265687
57,GARCH-t,0.01,58,0.017241379310344827,0.6152964566692893,1.0,2.782591895635526
57,GARCH-Normal,0.01,58,0.017241379310344827,0.6152964566692893,1.0,2.782591895635526
57,XGBoost-Q,0.01,58,0.034482758620689655,0.14285740777902822,1.0,2.3038500247295897
57,Historical-VaR,0.01,58,0.017241379310344827,0.6152964566692893,1.0,2.782591895635526
57,GARCH-t,0.05,250,0.056,0.6690657551458938,0.8060054340398742,2.3278709748534636
57,GARCH-Normal,0.05,250,0.112,9.685813528637066e-05,0.268791053988391,1.8693547868888714
57,XGBoost-Q,0.05,250,0.124,5.119559107646943e-06,0.23923243934954885,1.7295924711073372
57,Historical-VaR,0.05,250,0.056,0.6690657551458938,0.8060054340398742,2.321551977004802
57,GARCH-t,0.01,250,0.016,0.380483738238954,1.0,3.4886297962768857
57,GARCH-Normal,0.01,250,0.056,3.825770412690943e-07,0.8060054340398742,2.351956671479548
57,XGBoost-Q,0.01,250,0.024,0.059353618972289524,1.0,3.066755786185339
57,Historical-VaR,0.01,250,0.016,0.380483738238954,1.0,3.4886297962768857
58,GARCH-t,0.05,58,0.034482758620689655,0.566622286684572,1.0,2.9378138301456183
58,GARCH-Normal,0.05,58,0.05172413793103448,0.9522160163149069,1.0,2.347225692588881
58,XGBoost-Q,0.05,58,0.08620689655172414,0.24909991485866112,1.0,1.8797122666216328
58,Historical-VaR,0.05,58,0.05172413793103448,0.9522160163149069,1.0,2.3771861740933224
58,GARCH-t,0.01,58,0.034482758620689655,0.14285740777902822,1.0,2.9378138301456183
58,GARCH-Normal,0.01,58,0.034482758620689655,0.14285740777902822,1.0,2.9378138301456183
58,XGBoost-Q,0.01,58,0.034482758620689655,0.14285740777902822,1.0,2.9378138301456183
58,Historical-VaR,0.01,58,0.034482758620689655,0.14285740777902822,1.0,2.9378138301456183
58,GARCH-t,0.05,250,0.06,0.4812385279526591,0.05493120975677379,2.474855131056869
58,GARCH-Normal,0.05,250,0.068,0.21457514830975966,0.11531850247183639,2.3465954399618054
58,XGBoost-Q,0.05,250,0.112,9.685813528637066e-05,0.5999264631348717,1.8488850167174034
58,Historical-VaR,0.05,250,0.056,0.6690657551458938,0.21448320593086867,2.5030422814581135
58,GARCH-t,0.01,250,0.024,0.059353618972289524,1.0,3.165443223876974
58,GARCH-Normal,0.01,250,0.048,1.2961433017655288e-05,0.5938165372595774,2.678894658432911
58,XGBoost-Q,0.01,250,0.048,1.2961433017655288e-05,0.5938165372595774,2.678894658432911
58,Historical-VaR,0.01,250,0.016,0.380483738238954,1.0,3.228444209296984
59,GARCH-t,0.05,58,0.05172413793103448,0.9522160163149069,1.0,3.3122622324110123
59,GARCH-Normal,0.05,58,0.06896551724137931,0.5297992033445762,1.0,2.9893526753706485
59,XGBoost-Q,0.05,58,0.13793103448275862,0.01064869216888753,0.9577271835901771,2.287868299040737
59,Historical-VaR,0.05,58,0.10344827586206896,0.1001997614778738,0.5085519372685593,2.5641552328284014
59,GARCH-t,0.01,58,0.034482758620689655,0.14285740777902822,1.0,3.887968870412643
59,GARCH-Normal,0.01,58,0.05172413793103448,0.02360405908935692,1.0,3.3122622324110123
59,XGBoost-Q,0.01,58,0.06896551724137931,0.0029859389941127024,1.0,2.937942316162775
59,Historical-VaR,0.01,58,0.034482758620689655,0.14285740777902822,1.0,3.887968870412643
59,GARCH-t,0.05,250,0.06,0.4812385279526591,0.9144032996435878,2.414580199626429
59,GARCH-Normal,0.05,250,0.064,0.3293742025406984,0.9728396985992332,2.357739807318647
59,XGBoost-Q,0.05,250,0.136,1.981754611524167e-07,0.22792878664010052,1.815529032729972
59,Historical-VaR,0.05,250,0.076,0.07874901240828369,0.05036502055391623,2.317780940913532
59,GARCH-t,0.01,250,0.024,0.059353618972289524,1.0,3.4370530252481797
59,GARCH-Normal,0.01,250,0.024,0.059353618972289524,1.0,3.4370530252481797
59,XGBoost-Q,0.01,250,0.064,8.52433379439077e-09,0.08106294284440829,2.417602133739585
59,Historical-VaR,0.01,250,0.02,0.1618549171960365,1.0,3.6922938390162656
60,GARCH-t,0.05,58,0.0,0.014717101200455551,1.0,
60,GARCH-Normal,0.05,58,0.05172413793103448,0.9522160163149069,1.0,1.7133665791336146
60,XGBoost-Q,0.05,58,0.06896551724137931,0.5297992033445762,1.0,1.6750700171084836
60,Historical-VaR,0.05,58,0.017241379310344827,0.18772840378073352,1.0,1.9066719855647833
60,GARCH-t,0.01,58,0.0,0.2802578748911524,1.0,
60,GARCH-Normal,0.01,58,0.0,0.2802578748911524,1.0,
60,XGBoost-Q,0.01,58,0.0,0.2802578748911524,1.0,
60,Historical-VaR,0.01,58,0.0,0.2802578748911524,1.0,
60,GARCH-t,0.05,250,0.06,0.4812385279526591,0.28020572726503534,2.064461169180262
60,GARCH-Normal,0.05,250,0.068,0.21457514830975966,0.44160858786642465,2.0060221900488155
60,XGBoost-Q,0.05,250,0.112,9.685813528637066e-05,0.5999264631348717,1.6879461623348981
60,Historical-VaR,0.05,250,0.056,0.6690657551458938,0.21448320593086867,2.0934835105686225
60,GARCH-t,0.01,250,0.008,0.7419327009525927,1.0,2.9016615899740206
60,GARCH-Normal,0.01,250,0.024,0.059353618972289524,0.11954364333624434,2.470428912488773
60,XGBoost-Q,0.01,250,0.04,0.0003189845082133269,0.051226555951393915,2.232695367192867
60,Historical-VaR,0.01,250,0.02,0.1618549171960365,0.07573778314272639,2.4933402443984933
61,GARCH-t,0.05,58,0.017241379310344827,0.18772840378073352,1.0,3.5390850905069042
61,GARCH-Normal,0.05,58,0.017241379310344827,0.18772840378073352,1.0,3.5390850905069042
61,XGBoost-Q,0.05,58,0.06896551724137931,0.5297992033445762,0.23469323729108316,2.568987217175096
61,Historical-VaR,0.05,58,0.034482758620689655,0.566622286684572,1.0,2.986419074483493
61,GARCH-t,0.01,58,0.0,0.2802578748911524,1.0,
61,GARCH-Normal,0.01,58,0.017241379310344827,0.6152964566692893,1.0,3.5390850905069042
61,XGBoost-Q,0.01,58,0.017241379310344827,0.6152964566692893,1.0,3.5390850905069042
61,Historical-VaR,0.01,58,0.0,0.2802578748911524,1.0,
61,GARCH-t,0.05,250,0.08,0.044446449306055236,0.743075719977325,2.534477595070176
61,GARCH-Normal,0.05,250,0.08,0.044446449306055236,0.743075719977325,2.534477595070176
61,XGBoost-Q,0.05,250,0.136,1.981754611524167e-07,0.8476761843422795,2.025884966391071
61,Historical-VaR,0.05,250,0.068,0.21457514830975966,1.0,2.6065565975689946
61,GARCH-t,0.01,250,0.048,1.2961433017655288e-05,1.0,3.032744350518554
61,GARCH-Normal,0.01,250,0.048,1.2961433017655288e-05,1.0,3.032744350518554
61,XGBoost-Q,0.01,250,0.068,1.156144957548122e-09,0.9224401771318351,2.6605944407777216
61,Historical-VaR,0.01,250,0.028,0.01904923089052679,1.0,3.2462490248263705
62,GARCH-t,0.05,58,0.08620689655172414,0.24909991485866112,0.04003585100782736,3.1614667913457795
62,GARCH-Normal,0.05,58,0.1206896551724138,0.03490665780790292,0.2085985388689996,2.763125693995934
62,XGBoost-Q,0.05,58,0.15517241379310345,0.002872135801635811,0.14744163248044262,2.4291120276074007
62,Historical-VaR,0.05,58,0.06896551724137931,0.5297992033445762,0.011473126161455904,3.4717794242605438
62,GARCH-t,0.01,58,0.034482758620689655,0.14285740777902822,0.03272198263992743,4.106292101830425
62,GARCH-Normal,0.01,58,0.06896551724137931,0.0029859389941127024,0.011473126161455904,3.4717794242605438
62,XGBoost-Q,0.01,58,0.06896551724137931,0.0029859389941127024,0.011473126161455904,3.4717794242605438
62,Historical-VaR,0.01,58,0.05172413793103448,0.02360405908935692,0.10826140068536261,3.530348157038702
62,GARCH-t,0.05,250,0.036,0.28602152157354077,0.0016868870067149322,2.765536064962442
62,GARCH-Normal,0.05,250,0.04,0.45291244993520263,0.0036455230658820614,2.6689968219347744
62,XGBoost-Q,0.05,250,0.068,0.21457514830975966,0.09682699810083328,2.2317878047616593
62,Historical-VaR,0.05,250,0.068,0.21457514830975966,0.11531850247183639,2.112287563846104
62,GARCH-t,0.01,250,0.016,0.380483738238954,0.04270457626805502,3.375217514214198
62,GARCH-Normal,0.01,250,0.016,0.380483738238954,0.04270457626805502,3.375217514214198
62,XGBoost-Q,0.01,250,0.028,0.01904923089052679,0.00944698975425362,3.0136599728464053
62,Historical-VaR,0.01,250,0.024,0.059353618972289524,0.11954364333624434,2.917531762205693
63,GARCH-t,0.05,58,0.034482758620689655,0.566622286684572,1.0,2.0353788845714984
63,GARCH-Normal,0.05,58,0.05172413793103448,0.9522160163149069,1.0,1.7851941508739178
63,XGBoost-Q,0.05,58,0.034482758620689655,0.566622286684572,1.0,2.0353788845714984
63,Historical-VaR,0.05,58,0.034482758620689655,0.566622286684572,1.0,2.0353788845714984
63,GARCH-t,0.01,58,0.0,0.2802578748911524,1.0,
63,GARCH-Normal,0.01,58,0.017241379310344827,0.6152964566692893,1.0,2.3075876680813807
63,XGBoost-Q,0.01,58,0.017241379310344827,0.6152964566692893,1.0,2.3075876680813807
63,Historical-VaR,0.01,58,0.0,0.2802578748911524,1.0,
63,GARCH-t,0.05,250,0.044,0.6570559130430669,0.4940636998432081,2.1391521290574715
63,GARCH-Normal,0.05,250,0.048,0.8838996943305626,0.5938165372595774,2.08735838536855
63,XGBoost-Q,0.05,250,0.076,0.07874901240828369,0.6366846004565231,1.8384429097235748
63,Historical-VaR,0.05,250,0.068,0.21457514830975966,0.11531850247183639,1.860593656616388
63,GARCH-t,0.01,250,0.024,0.059353618972289524,1.0,2.4375915866806244
63,GARCH-Normal,0.01,250,0.024,0.059353618972289524,1.0,2.4375915866806244
63,XGBoost-Q,0.01,250,0.032,0.005420405194127675,1.0,2.2218016602987616
63,Historical-VaR,0.01,250,0.016,0.380483738238954,1.0,2.550846574501233
64,GARCH-t,0.05,58,0.017241379310344827,0.18772840378073352,1.0,1.2315937290623826
64,GARCH-Normal,0.05,58,0.017241379310344827,0.18772840378073352,1.0,1.2315937290623826
64,XGBoost-Q,0.05,58,0.06896551724137931,0.5297992033445762,0.23469323729108316,1.0158233729955368
64,Historical-VaR,0.05,58,0.034482758620689655,0.566622286684572,1.0,1.139107439312904
64,GARCH-t,0.01,58,0.0,0.2802578748911524,1.0,
64,GARCH-Normal,0.01,58,0.0,0.2802578748911524,1.0,
64,XGBoost-Q,0.01,58,0.0,0.2802578748911524,1.0,
64,Historical-VaR,0.01,58,0.0,0.2802578748911524,1.0,
64,GARCH-t,0.05,250,0.016,0.004223420509394504,1.0,2.332065814175536
64,GARCH-Normal,0.05,250,0.02,0.01373817726098514,1.0,2.192521610177107
64,XGBoost-Q,0.05,250,0.036,0.28602152157354077,1.0,1.7421808361941484
64,Historical-VaR,0.05,250,0.04,0.45291244993520263,1.0,1.7400997574886774
64,GARCH-t,0.01,250,0.004,0.2780714900139599,1.0,3.054121970103908
64,GARCH-Normal,0.01,250,0.012,0.7579883213733308,1.0,2.611149063964389
64,XGBoost-Q,0.01,250,0.008,0.7419327009525927,1.0,2.8590883295379896
64,Historical-VaR,0.01,250,0.008,0.7419327009525927,1.0,2.8590883295379896
65,GARCH-t,0.05,58,0.034482758620689655,0.566622286684572,1.0,3.2738471691283637
65,GARCH-Normal,0.05,58,0.05172413793103448,0.9522160163149069,1.0,3.002475330008556
65,XGBoost-Q,0.05,58,0.06896551724137931,0.5297992033445762,1.0,2.668248071632452
65,Historical-VaR,0.05,58,0.05172413793103448,0.9522160163149069,1.0,3.002475330008556
65,GARCH-t,0.01,58,0.017241379310344827,0.6152964566692893,1.0,3.606059577538722
65,GARCH-Normal,0.01,58,0.017241379310344827,0.6152964566692893,1.0,3.606059577538722
65,XGBoost-Q,0.01,58,0.034482758620689655,0.14285740777902822,1.0,3.2738471691283637
65,Historical-VaR,0.01,58,0.017241379310344827,0.6152964566692893,1.0,3.606059577538722
65,GARCH-t,0.05,250,0.048,0.8838996943305626,1.0,2.7335263184144605
65,GARCH-Normal,0.05,250,0.104,0.0005718444785519639,1.0,2.1091777620706718
65,XGBoost-Q,0.05,250,0.132,6.056714834112853e-07,0.7333339348582175,1.9410399609886486
65,Historical-VaR,0.05,250,0.06,0.4812385279526591,1.0,2.585806304983333
65,GARCH-t,0.01,250,0.0,0.024981503053449705,1.0,
65,GARCH-Normal,0.01,250,0.044,6.711051864838335e-05,1.0,2.7150519759856575
65,XGBoost-Q,0.01,250,0.048,1.2961433017655288e-05,1.0,2.7463498263193107
65,Historical-VaR,0.01,250,0.016,0.380483738238954,1.0,3.321679169351481
66,GARCH-t,0.05,58,0.017241379310344827,0.18772840378073352,1.0,1.8868145453003657
66,GARCH-Normal,0.05,58,0.034482758620689655,0.566622286684572,1.0,1.6090394826114858
66,XGBoost-Q,0.05,58,0.08620689655172414,0.24909991485866112,1.0,1.4291801472472287
66,Historical-VaR,0.05,58,0.05172413793103448,0.9522160163149069,1.0,1.5843374733497415
66,GARCH-t,0.01,58,0.0,0.2802578748911524,1.0,
66,GARCH-Normal,0.01,58,0.0,0.2802578748911524,1.0,
66,XGBoost-Q,0.01,58,0.0,0.2802578748911524,1.0,
66,Historical-VaR,0.01,58,0.0,0.2802578748911524,1.0,
66,GARCH-t,0.05,250,0.196,3.3306690738754696e-16,0.03928890278524033,1.1946464804991832
66,GARCH-Normal,0.05,250,0.208,0.0,0.05670809025334855,1.1668043993607229
66,XGBoost-Q,0.05,250,0.1,0.0013109034724475555,0.11273461207479396,1.568346047217315
66,Historical-VaR,0.05,250,0.068,0.21457514830975966,0.44160858786642465,1.7860745710802715
66,GARCH-t,0.01,250,0.132,0.0,0.019747907662745368,1.3774640359050043
66,GARCH-Normal,0.01,250,0.148,0.0,0.011003661421680966,1.3276635403252957
66,XGBoost-Q,0.01,250,0.012,0.7579883213733308,1.0,3.4009061759297015
66,Historical-VaR,0.01,250,0.028,0.01904923089052679,0.17433170965123956,2.2864986441572994
67,GARCH-t,0.05,58,0.034482758620689655,0.566622286684572,1.0,1.7717120771265753
67,GARCH-Normal,0.05,58,0.05172413793103448,0.9522160163149069,1.0,1.70534716544406
67,XGBoost-Q,0.05,58,0.06896551724137931,0.5297992033445762,1.0,1.5797204643314626
67,Historical-VaR,0.05,58,0.05172413793103448,0.9522160163149069,1.0,1.70534716544406
67,GARCH-t,0.01,58,0.0,0.2802578748911524,1.0,
67,GARCH-Normal,0.01,58,0.0,0.2802578748911524,1.0,
67,XGBoost-Q,0.01,58,0.0,0.2802578748911524,1.0,
67,Historical-VaR,0.01,58,0.0,0.2802578748911524,1.0,
67,GARCH-t,0.05,250,0.072,0.1331391348605262,0.53560756834656,1.8067470099694607
67,GARCH-Normal,0.05,250,0.08,0.044446449306055236,0.743075719977325,1.740073248991802
67,XGBoost-Q,0.05,250,0.096,0.002886808755840242,0.6293415603548427,1.5947836316534432
67,Historical-VaR,0.05,250,0.06,0.4812385279526591,0.28020572726503534,1.9260192481444605
67,GARCH-t,0.01,250,0.024,0.059353618972289524,1.0,2.36726932802547
67,GARCH-Normal,0.01,250,0.048,1.2961433017655288e-05,0.5938165372595774,2.039719188999078
67,XGBoost-Q,0.01,250,0.048,1.2961433017655288e-05,0.11395391525605225,2.058353645848375
67,Historical-VaR,0.01,250,0.02,0.1618549171960365,0.07573778314272639,2.3532882618057505
68,GARCH-t,0.05,58,0.0,0.014717101200455551,1.0,
68,GARCH-Normal,0.05,58,0.0,0.014717101200455551,1.0,
68,XGBoost-Q,0.05,58,0.0,0.014717101200455551,1.0,
68,Historical-VaR,0.05,58,0.0,0.014717101200455551,1.0,
68,GARCH-t,0.01,58,0.0,0.2802578748911524,1.0,
68,GARCH-Normal,0.01,58,0.0,0.2802578748911524,1.0,
68,XGBoost-Q,0.01,58,0.0,0.2802578748911524,1.0,
68,Historical-VaR,0.01,58,0.0,0.2802578748911524,1.0,
68,GARCH-t,0.05,250,0.02,0.01373817726098514,1.0,2.191530187241496
68,GARCH-Normal,0.05,250,0.02,0.01373817726098514,1.0,2.191530187241496
68,XGBoost-Q,0.05,250,0.124,5.119559107646943e-06,0.5206305061561506,1.3901190647940298
68,Historical-VaR,0.05,250,0.06,0.4812385279526591,0.28020572726503534,1.7269637505078208
68,GARCH-t,0.01,250,0.004,0.2780714900139599,1.0,3.2514535818562935
68,GARCH-Normal,0.01,250,0.004,0.2780714900139599,1.0,3.2514535818562935
68,XGBoost-Q,0.01,250,0.064,8.52433379439077e-09,1.0,1.7354104462313913
68,Historical-VaR,0.01,250,0.012,0.7579883213733308,1.0,2.426804555596964
69,GARCH-t,0.05,58,0.0,0.014717101200455551,1.0,
69,GARCH-Normal,0.05,58,0.0,0.014717101200455551,1.0,
69,XGBoost-Q,0.05,58,0.10344827586206896,0.1001997614778738,0.6249518715764388,1.178119884399999
69,Historical-VaR,0.05,58,0.0,0.014717101200455551,1.0,
69,GARCH-t,0.01,58,0.0,0.2802578748911524,1.0,
69,GARCH-Normal,0.01,58,0.0,0.2802578748911524,1.0,
69,XGBoost-Q,0.01,58,0.0,0.2802578748911524,1.0,
69,Historical-VaR,0.01,58,0.0,0.2802578748911524,1.0,
69,GARCH-t,0.05,250,0.32,0.0,0.6845541235886965,0.9481631676722913
69,GARCH-Normal,0.05,250,0.328,0.0,0.4384066207049907,0.9387667867674236
69,XGBoost-Q,0.05,250,0.048,0.8838996943305626,1.0,2.1805814740669436
69,Historical-VaR,0.05,250,0.06,0.4812385279526591,1.0,1.94935856121813
69,GARCH-t,0.01,250,0.244,0.0,0.03436533025210686,1.0517928678020914
69,GARCH-Normal,0.01,250,0.256,0.0,0.11512210194038996,1.0256715564661898
69,XGBoost-Q,0.01,250,0.02,0.1618549171960365,1.0,2.945560744668753
69,Historical-VaR,0.01,250,0.028,0.01904923089052679,1.0,2.6356241406001635
70,GARCH-t,0.05,58,0.06896551724137931,0.5297992033445762,1.0,1.3945055296508908
70,GARCH-Normal,0.05,58,0.0,0.014717101200455551,1.0,
70,XGBoost-Q,0.05,58,0.13793103448275862,0.01064869216888753,0.3681923829020052,1.2748851829280299
70,Historical-VaR,0.05,58,0.06896551724137931,0.5297992033445762,1.0,1.3823905779624877
70,GARCH-t,0.01,58,0.0,0.2802578748911524,1.0,
70,GARCH-Normal,0.01,58,0.0,0.2802578748911524,1.0,
70,XGBoost-Q,0.01,58,0.0,0.2802578748911524,1.0,
70,Historical-VaR,0.01,58,0.0,0.2802578748911524,1.0,
70,GARCH-t,0.05,250,0.004,1.7020689304647618e-05,1.0,4.14509462605831
70,GARCH-Normal,0.05,250,0.04,0.45291244993520263,1.0,1.8047393211593288
70,XGBoost-Q,0.05,250,0.052,0.8853472694426691,0.6984184728469447,1.7412659877612056
70,Historical-VaR,0.05,250,0.04,0.45291244993520263,0.4008693134710468,1.8451430940468534
70,GARCH-t,0.01,250,0.0,0.024981503053449705,1.0,
70,GARCH-Normal,0.01,250,0.004,0.2780714900139599,1.0,4.14509462605831
70,XGBoost-Q,0.01,250,0.004,0.2780714900139599,1.0,4.14509462605831
70,Historical-VaR,0.01,250,0.012,0.7579883213733308,1.0,2.6160655563198216
71,GARCH-t,0.05,58,0.0,0.014717101200455551,1.0,
71,GARCH-Normal,0.05,58,0.017241379310344827,0.18772840378073352,1.0,1.3149738524780634
71,XGBoost-Q,0.05,58,0.05172413793103448,0.9522160163149069,0.10826140068536261,1.588487541337788
71,Historical-VaR,0.05,58,0.017241379310344827,0.18772840378073352,1.0,1.9037304755934643
71,GARCH-t,0.01,58,0.0,0.2802578748911524,1.0,
71,GARCH-Normal,0.01,58,0.0,0.2802578748911524,1.0,
71,XGBoost-Q,0.01,58,0.0,0.2802578748911524,1.0,
71,Historical-VaR,0.01,58,0.0,0.2802578748911524,1.0,
71,GARCH-t,0.05,250,0.048,0.8838996943305626,0.11395391525605225,2.4272158635140895
71,GARCH-Normal,0.05,250,0.096,0.002886808755840242,0.6293415603548427,1.8512714763197309
71,XGBoost-Q,0.05,250,0.08,0.044446449306055236,0.27599304392509605,2.1269682858090735
71,Historical-VaR,0.05,250,0.076,0.07874901240828369,0.21215902495759276,2.1419306341170063
71,GARCH-t,0.01,250,0.024,0.059353618972289524,1.0,3.3640258315415337
71,GARCH-Normal,0.01,250,0.04,0.0003189845082133269,0.4008693134710468,2.6965793124415023
71,XGBoost-Q,0.01,250,0.02,0.1618549171960365,0.07573778314272639,4.038715709791839
71,Historical-VaR,0.01,250,0.032,0.005420405194127675,0.23991931651644083,3.2056031235798086
72,GARCH-t,0.05,58,0.034482758620689655,0.566622286684572,1.0,3.131314458820456
72,GARCH-Normal,0.05,58,0.05172413793103448,0.9522160163149069,1.0,2.775243297896759
72,XGBoost-Q,0.05,58,0.05172413793103448,0.9522160163149069,1.0,2.775243297896759
72,Historical-VaR,0.05,58,0.034482758620689655,0.566622286684572,1.0,3.131314458820456
72,GARCH-t,0.01,58,0.017241379310344827,0.6152964566692893,1.0,3.495448065622855
72,GARCH-Normal,0.01,58,0.034482758620689655,0.14285740777902822,1.0,3.131314458820456
72,XGBoost-Q,0.01,58,0.034482758620689655,0.14285740777902822,1.0,3.131314458820456
72,Historical-VaR,0.01,58,0.017241379310344827,0.6152964566692893,1.0,3.495448065622855
72,GARCH-t,0.05,250,0.036,0.28602152157354077,1.0,3.042508258469104
72,GARCH-Normal,0.05,250,0.072,0.1331391348605262,1.0,2.364214274200327
72,XGBoost-Q,0.05,250,0.076,0.07874901240828369,1.0,2.313784416255152
72,Historical-VaR,0.05,250,0.056,0.6690657551458938,1.0,2.551142061066544
72,GARCH-t,0.01,250,0.02,0.1618549171960365,1.0,3.315507742474069
72,GARCH-Normal,0.01,250,0.032,0.005420405194127675,1.0,3.1548404908321945
72,XGBoost-Q,0.01,250,0.032,0.005420405194127675,1.0,3.1548404908321945
72,Historical-VaR,0.01,250,0.012,0.7579883213733308,1.0,3.717291320770006
73,GARCH-t,0.05,58,0.0,0.014717101200455551,1.0,
73,GARCH-Normal,0.05,58,0.017241379310344827,0.18772840378073352,1.0,0.9621991897674602
73,XGBoost-Q,0.05,58,0.05172413793103448,0.9522160163149069,1.0,1.4072565152280683
73,Historical-VaR,0.05,58,0.017241379310344827,0.18772840378073352,1.0,2.301720407071043
73,GARCH-t,0.01,58,0.0,0.2802578748911524,1.0,
73,GARCH-Normal,0.01,58,0.0,0.2802578748911524,1.0,
73,XGBoost-Q,0.01,58,0.017241379310344827,0.6152964566692893,1.0,2.301720407071043
73,Historical-VaR,0.01,58,0.017241379310344827,0.6152964566692893,1.0,2.301720407071043
73,GARCH-t,0.05,250,0.036,0.28602152157354077,1.0,2.1149653647381026
73,GARCH-Normal,0.05,250,0.036,0.28602152157354077,1.0,2.1149653647381026
73,XGBoost-Q,0.05,250,0.104,0.0005718444785519639,0.6143948283422973,1.449030510559355
73,Historical-VaR,0.05,250,0.048,0.8838996943305626,1.0,1.925734582427113
73,GARCH-t,0.01,250,0.004,0.2780714900139599,1.0,2.5630209538693935
73,GARCH-Normal,0.01,250,0.008,0.7419327009525927,1.0,2.370254473299835
73,XGBoost-Q,0.01,250,0.04,0.0003189845082133269,1.0,2.048393368163763
73,Historical-VaR,0.01,250,0.028,0.01904923089052679,1.0,2.217057957788811
74,GARCH-t,0.05,58,0.017241379310344827,0.18772840378073352,1.0,3.1177822894680673
74,GARCH-Normal,0.05,58,0.017241379310344827,0.18772840378073352,1.0,3.1177822894680673
74,XGBoost-Q,0.05,58,0.017241379310344827,0.18772840378073352,1.0,3.1177822894680673
74,Historical-VaR,0.05,58,0.017241379310344827,0.18772840378073352,1.0,3.1177822894680673
74,GARCH-t,0.01,58,0.017241379310344827,0.6152964566692893,1.0,3.1177822894680673
74,GARCH-Normal,0.01,58,0.017241379310344827,0.6152964566692893,1.0,3.1177822894680673
74,XGBoost-Q,0.01,58,0.017241379310344827,0.6152964566692893,1.0,3.1177822894680673
74,Historical-VaR,0.01,58,0.017241379310344827,0.6152964566692893,1.0,3.1177822894680673
74,GARCH-t,0.05,250,0.032,0.16322015045707905,1.0,2.9976120205458985
74,GARCH-Normal,0.05,250,0.06,0.4812385279526591,1.0,2.3898302504491338
74,XGBoost-Q,0.05,250,0.1,0.0013109034724475555,0.6818125257014507,2.154773113556159
74,Historical-VaR,0.05,250,0.04,0.45291244993520263,0.3560503263305459,3.063729280653422
74,GARCH-t,0.01,250,0.004,0.2780714900139599,1.0,3.1177822894680673
74,GARCH-Normal,0.01,250,0.024,0.059353618972289524,1.0,3.288378453545034
74,XGBoost-Q,0.01,250,0.032,0.005420405194127675,0.20464407894683734,3.214001913225053
74,Historical-VaR,0.01,250,0.016,0.380483738238954,1.0,3.4529030419598303
75,GARCH-t,0.05,58,0.0,0.014717101200455551,1.0,
75,GARCH-Normal,0.05,58,0.034482758620689655,0.566622286684572,1.0,1.334548722477833
75,XGBoost-Q,0.05,58,0.0,0.014717101200455551,1.0,
75,Historical-VaR,0.05,58,0.0,0.014717101200455551,1.0,
75,GARCH-t,0.01,58,0.0,0.2802578748911524,1.0,
75,GARCH-Normal,0.01,58,0.0,0.2802578748911524,1.0,
75,XGBoost-Q,0.01,58,0.0,0.2802578748911524,1.0,
75,Historical-VaR,0.01,58,0.0,0.2802578748911524,1.0,
75,GARCH-t,0.05,250,0.1,0.0013109034724475555,0.7366391820032899,1.7064297749368906
75,GARCH-Normal,0.05,250,0.032,0.16322015045707905,1.0,2.410152715484713
75,XGBoost-Q,0.05,250,0.048,0.8838996943305626,1.0,2.10989382417185
75,Historical-VaR,0.05,250,0.06,0.4812385279526591,0.9144032996435878,2.005014132036559
75,GARCH-t,0.01,250,0.028,0.01904923089052679,1.0,2.491777354908735
75,GARCH-Normal,0.01,250,0.004,0.2780714900139599,1.0,3.1351314551174254
75,XGBoost-Q,0.01,250,0.016,0.380483738238954,1.0,2.3085418248914467
75,Historical-VaR,0.01,250,0.016,0.380483738238954,1.0,2.7111124964913134
76,GARCH-t,0.05,58,0.06896551724137931,0.5297992033445762,1.0,1.4017316743172148
76,GARCH-Normal,0.05,58,0.06896551724137931,0.5297992033445762,1.0,1.4017316743172148
76,XGBoost-Q,0.05,58,0.0,0.014717101200455551,1.0,
76,Historical-VaR,0.05,58,0.017241379310344827,0.18772840378073352,1.0,1.696137652416453
76,GARCH-t,0.01,58,0.0,0.2802578748911524,1.0,
76,GARCH-Normal,0.01,58,0.0,0.2802578748911524,1.0,
76,XGBoost-Q,0.01,58,0.0,0.2802578748911524,1.0,
76,Historical-VaR,0.01,58,0.0,0.2802578748911524,1.0,
76,GARCH-t,0.05,250,0.092,0.006100334771630078,0.055074514564522836,2.407015225523348
76,GARCH-Normal,0.05,250,0.092,0.006100334771630078,0.055074514564522836,2.407015225523348
76,XGBoost-Q,0.05,250,0.16,1.2618062150693277e-10,0.014462856147979375,1.9355497336988399
76,Historical-VaR,0.05,250,0.064,0.3293742025406984,0.012545572813151384,2.6276665442050033
76,GARCH-t,0.01,250,0.036,0.0013824730075047142,1.0,3.0298307769702726
76,GARCH-Normal,0.01,250,0.036,0.0013824730075047142,1.0,3.0298307769702726
76,XGBoost-Q,0.01,250,0.076,1.783662106902284e-11,0.008699954866813298,2.573278828219185
76,Historical-VaR,0.01,250,0.024,0.059353618972289524,1.0,3.4491189316915416
77,GARCH-t,0.05,58,0.06896551724137931,0.5297992033445762,0.23469323729108316,1.3031492875568325
77,GARCH-Normal,0.05,58,0.1206896551724138,0.03490665780790292,0.14632010845393262,1.199798716182776
77,XGBoost-Q,0.05,58,0.0,0.014717101200455551,1.0,
77,Historical-VaR,0.05,58,0.0,0.014717101200455551,1.0,
77,GARCH-t,0.01,58,0.0,0.2802578748911524,1.0,
77,GARCH-Normal,0.01,58,0.0,0.2802578748911524,1.0,
77,XGBoost-Q,0.01,58,0.0,0.2802578748911524,1.0,
77,Historical-VaR,0.01,58,0.0,0.2802578748911524,1.0,
77,GARCH-t,0.05,250,0.224,0.0,0.5542698534334715,1.5326560381149261
77,GARCH-Normal,0.05,250,0.184,2.853273173286652e-14,0.8319776488058717,1.6743446290934927
77,XGBoost-Q,0.05,250,0.088,0.012356545939324781,0.43461653760061447,2.2234588295616673
77,Historical-VaR,0.05,250,0.048,0.8838996943305626,0.0009248023354206936,2.7506072698643
77,GARCH-t,0.01,250,0.108,0.0,0.06787390315526531,2.08367581033522
77,GARCH-Normal,0.01,250,0.084,2.2148949341271873e-13,0.10540437919999812,2.3111690208624487
77,XGBoost-Q,0.01,250,0.02,0.1618549171960365,0.07573778314272639,4.2683851126668175
77,Historical-VaR,0.01,250,0.02,0.1618549171960365,0.07573778314272639,4.2683851126668175
78,GARCH-t,0.05,58,0.0,0.014717101200455551,1.0,
78,GARCH-Normal,0.05,58,0.017241379310344827,0.18772840378073352,1.0,1.4702010472260605
78,XGBoost-Q,0.05,58,0.017241379310344827,0.18772840378073352,1.0,1.2087013413893195
78,Historical-VaR,0.05,58,0.034482758620689655,0.566622286684572,0.03272198263992743,1.2080676987148757
78,GARCH-t,0.01,58,0.0,0.2802578748911524,1.0,
78,GARCH-Normal,0.01,58,0.0,0.2802578748911524,1.0,
78,XGBoost-Q,0.01,58,0.0,0.2802578748911524,1.0,
78,Historical-VaR,0.01,58,0.017241379310344827,0.6152964566692893,1.0,1.4702010472260605
78,GARCH-t,0.05,250,0.032,0.16322015045707905,0.23991931651644083,1.714176324370443
78,GARCH-Normal,0.05,250,0.04,0.45291244993520263,0.4008693134710468,1.6048786026138082
78,XGBoost-Q,0.05,250,0.032,0.16322015045707905,0.018111733034069988,1.8569293336155834
78,Historical-VaR,0.05,250,0.04,0.45291244993520263,0.0036455230658820614,1.6975866701315396
78,GARCH-t,0.01,250,0.008,0.7419327009525927,1.0,2.26028324790388
78,GARCH-Normal,0.01,250,0.016,0.380483738238954,0.04270457626805502,2.2063925323582563
78,XGBoost-Q,0.01,250,0.004,0.2780714900139599,1.0,2.659231870087219
78,Historical-VaR,0.01,250,0.012,0.7579883213733308,1.0,2.109288390022242
79,GARCH-t,0.05,58,0.017241379310344827,0.18772840378073352,1.0,1.455491285080995
79,GARCH-Normal,0.05,58,0.017241379310344827,0.18772840378073352,1.0,1.455491285080995
79,XGBoost-Q,0.05,58,0.06896551724137931,0.5297992033445762,1.0,1.117079839734445
79,Historical-VaR,0.05,58,0.017241379310344827,0.18772840378073352,1.0,1.455491285080995
79,GARCH-t,0.01,58,0.0,0.2802578748911524,1.0,
79,GARCH-Normal,0.01,58,0.0,0.2802578748911524,1.0,
79,XGBoost-Q,0.01,58,0.0,0.2802578748911524,1.0,
79,Historical-VaR,0.01,58,0.0,0.2802578748911524,1.0,
79,GARCH-t,0.05,250,0.088,0.012356545939324781,0.41995397267226564,1.488690888340289
79,GARCH-Normal,0.05,250,0.096,0.002886808755840242,0.29120188846129347,1.4412438974633834
79,XGBoost-Q,0.05,250,0.112,9.685813528637066e-05,0.4409643539572564,1.3447421335817151
79,Historical-VaR,0.05,250,0.048,0.8838996943305626,1.0,1.7533376011226462
79,GARCH-t,0.01,250,0.044,6.711051864838335e-05,1.0,1.8282556973614006
79,GARCH-Normal,0.01,250,0.052,2.3114936901214023e-06,1.0,1.746006964125402
79,XGBoost-Q,0.01,250,0.052,2.3114936901214023e-06,1.0,1.716393825134685
79,Historical-VaR,0.01,250,0.016,0.380483738238954,1.0,2.2119527850376666
80,GARCH-t,0.05,58,0.08620689655172414,0.24909991485866112,1.0,2.4908476330236793
80,GARCH-Normal,0.05,58,0.08620689655172414,0.24909991485866112,1.0,2.4908476330236793
80,XGBoost-Q,0.05,58,0.06896551724137931,0.5297992033445762,1.0,2.6409404608951945
80,Historical-VaR,0.05,58,0.05172413793103448,0.9522160163149069,1.0,2.8194641618177347
80,GARCH-t,0.01,58,0.05172413793103448,0.02360405908935692,1.0,2.8194641618177347
80,GARCH-Normal,0.01,58,0.05172413793103448,0.02360405908935692,1.0,2.8194641618177347
80,XGBoost-Q,0.01,58,0.0,0.2802578748911524,1.0,
80,Historical-VaR,0.01,58,0.0,0.2802578748911524,1.0,
80,GARCH-t,0.05,250,0.02,0.01373817726098514,1.0,3.3571664762218028
80,GARCH-Normal,0.05,250,0.048,0.8838996943305626,1.0,2.736660204098042
80,XGBoost-Q,0.05,250,0.128,1.7909088273482254e-06,0.12644786266733898,2.1757690576601787
80,Historical-VaR,0.05,250,0.068,0.21457514830975966,0.020815355826612647,2.7587982348783138
80,GARCH-t,0.01,250,0.0,0.024981503053449705,1.0,
80,GARCH-Normal,0.01,250,0.02,0.1618549171960365,1.0,3.3571664762218028
80,XGBoost-Q,0.01,250,0.06,5.902967969984019e-08,0.05493120975677379,2.8808420876433374
80,Historical-VaR,0.01,250,0.008,0.7419327009525927,1.0,4.269960559796704
81,GARCH-t,0.05,58,0.017241379310344827,0.18772840378073352,1.0,3.2440165992193517
81,GARCH-Normal,0.05,58,0.017241379310344827,0.18772840378073352,1.0,3.2440165992193517
81,XGBoost-Q,0.05,58,0.034482758620689655,0.566622286684572,1.0,2.106000773767767
81,Historical-VaR,0.05,58,0.017241379310344827,0.18772840378073352,1.0,3.2440165992193517
81,GARCH-t,0.01,58,0.0,0.2802578748911524,1.0,
81,GARCH-Normal,0.01,58,0.0,0.2802578748911524,1.0,
81,XGBoost-Q,0.01,58,0.0,0.2802578748911524,1.0,
81,Historical-VaR,0.01,58,0.0,0.2802578748911524,1.0,
81,GARCH-t,0.05,250,0.028,0.08280655204389309,1.0,2.938822015178959
81,GARCH-Normal,0.05,250,0.052,0.8853472694426691,1.0,2.3210728629783164
81,XGBoost-Q,0.05,250,0.116,3.768183275731918e-05,0.008625998205007757,1.8608353900812227
81,Historical-VaR,0.05,250,0.068,0.21457514830975966,1.0,2.2762969249522875
81,GARCH-t,0.01,250,0.008,0.7419327009525927,1.0,4.073725269330378
81,GARCH-Normal,0.01,250,0.024,0.059353618972289524,1.0,2.9777726735108367
81,XGBoost-Q,0.01,250,0.028,0.01904923089052679,0.14443312428173172,3.0721568078271466
81,Historical-VaR,0.01,250,0.016,0.380483738238954,1.0,3.47402672163782
82,GARCH-t,0.05,58,0.0,0.014717101200455551,1.0,
82,GARCH-Normal,0.05,58,0.0,0.014717101200455551,1.0,
82,XGBoost-Q,0.05,58,0.034482758620689655,0.566622286684572,1.0,1.1204951751389243
82,Historical-VaR,0.05,58,0.017241379310344827,0.18772840378073352,1.0,1.2067009706152747
82,GARCH-t,0.01,58,0.0,0.2802578748911524,1.0,
82,GARCH-Normal,0.01,58,0.0,0.2802578748911524,1.0,
82,XGBoost-Q,0.01,58,0.0,0.2802578748911524,1.0,
82,Historical-VaR,0.01,58,0.0,0.2802578748911524,1.0,
82,GARCH-t,0.05,250,0.024,0.036605690145713465,1.0,2.186263675518336
82,GARCH-Normal,0.05,250,0.212,0.0,0.08331233624415613,1.092449167321171
82,XGBoost-Q,0.05,250,0.052,0.8853472694426691,0.6984184728469447,1.8041263560812306
82,Historical-VaR,0.05,250,0.04,0.45291244993520263,1.0,1.8849722027225841
82,GARCH-t,0.01,250,0.008,0.7419327009525927,1.0,2.604798387362893
82,GARCH-Normal,0.01,250,0.136,0.0,0.03077964751182083,1.2129592668817848
82,XGBoost-Q,0.01,250,0.008,0.7419327009525927,1.0,2.604798387362893
82,Historical-VaR,0.01,250,0.012,0.7579883213733308,1.0,2.499354423364107
83,GARCH-t,0.05,58,0.0,0.014717101200455551,1.0,
83,GARCH-Normal,0.05,58,0.0,0.014717101200455551,1.0,
83,XGBoost-Q,0.05,58,0.0,0.014717101200455551,1.0,
83,Historical-VaR,0.05,58,0.0,0.014717101200455551,1.0,
83,GARCH-t,0.01,58,0.0,0.2802578748911524,1.0,
83,GARCH-Normal,0.01,58,0.0,0.2802578748911524,1.0,
83,XGBoost-Q,0.01,58,0.0,0.2802578748911524,1.0,
83,Historical-VaR,0.01,58,0.0,0.2802578748911524,1.0,
83,GARCH-t,0.05,250,0.012,0.001008261016782086,1.0,2.6906340070013575
83,GARCH-Normal,0.05,250,0.032,0.16322015045707905,1.0,2.1644496180977466
83,XGBoost-Q,0.05,250,0.048,0.8838996943305626,0.5938165372595774,1.9237403393759573
83,Historical-VaR,0.05,250,0.048,0.8838996943305626,1.0,1.9285140003997556
83,GARCH-t,0.01,250,0.0,0.024981503053449705,1.0,
83,GARCH-Normal,0.01,250,0.008,0.7419327009525927,1.0,3.029364610555212
83,XGBoost-Q,0.01,250,0.004,0.2780714900139599,1.0,3.789117125057471
83,Historical-VaR,0.01,250,0.012,0.7579883213733308,1.0,2.7197777473846227
84,GARCH-t,0.05,58,0.05172413793103448,0.9522160163149069,1.0,2.8645078576758483
84,GARCH-Normal,0.05,58,0.05172413793103448,0.9522160163149069,1.0,2.8645078576758483
84,XGBoost-Q,0.05,58,0.08620689655172414,0.24909991485866112,0.41026037736228527,2.2954658150796896
84,Historical-VaR,0.05,58,0.06896551724137931,0.5297992033445762,1.0,2.5362740301268905
84,GARCH-t,0.01,58,0.034482758620689655,0.14285740777902822,1.0,3.422899611153892
84,GARCH-Normal,0.01,58,0.034482758620689655,0.14285740777902822,1.0,3.422899611153892
84,XGBoost-Q,0.01,58,0.06896551724137931,0.0029859389941127024,1.0,2.5362740301268905
84,Historical-VaR,0.01,58,0.034482758620689655,0.14285740777902822,1.0,3.422899611153892
84,GARCH-t,0.05,250,0.02,0.01373817726098514,1.0,2.9102715729657094
84,GARCH-Normal,0.05,250,0.028,0.08280655204389309,1.0,2.6479102655136844
84,XGBoost-Q,0.05,250,0.068,0.21457514830975966,0.8694886459542454,1.9923369539242965
84,Historical-VaR,0.05,250,0.048,0.8838996943305626,1.0,2.2048771710604247
84,GARCH-t,0.01,250,0.004,0.2780714900139599,1.0,4.302909010338858
84,GARCH-Normal,0.01,250,0.012,0.7579883213733308,1.0,3.318195980190115
84,XGBoost-Q,0.01,250,0.02,0.1618549171960365,1.0,2.7847441820178913
84,Historical-VaR,0.01,250,0.02,0.1618549171960365,1.0,2.9068226122159424
85,GARCH-t,0.05,58,0.034482758620689655,0.566622286684572,1.0,2.1682569501465334
85,GARCH-Normal,0.05,58,0.06896551724137931,0.5297992033445762,1.0,1.969405637042061
85,XGBoost-Q,0.05,58,0.06896551724137931,0.5297992033445762,1.0,1.9683021931122069
85,Historical-VaR,0.05,58,0.034482758620689655,0.566622286684572,1.0,2.1247223032508167
85,GARCH-t,0.01,58,0.0,0.2802578748911524,1.0,
85,GARCH-Normal,0.01,58,0.034482758620689655,0.14285740777902822,1.0,2.1682569501465334
85,XGBoost-Q,0.01,58,0.0,0.2802578748911524,1.0,
85,Historical-VaR,0.01,58,0.0,0.2802578748911524,1.0,
85,GARCH-t,0.05,250,0.136,1.981754611524167e-07,0.7791305199012838,1.7336792832088823
85,GARCH-Normal,0.05,250,0.16,1.2618062150693277e-10,0.5378111733377235,1.6279566820008733
85,XGBoost-Q,0.05,250,0.108,0.00023987731413255275,0.45251159308462197,1.8734385000509333
85,Historical-VaR,0.05,250,0.072,0.1331391348605262,0.53560756834656,2.0227679905504754
85,GARCH-t,0.01,250,0.08,2.0398127631438e-12,1.0,2.0500078793015333
85,GARCH-Normal,0.01,250,0.088,2.2870594307278225e-14,0.9071400611203614,1.9926823731176448
85,XGBoost-Q,0.01,250,0.04,0.0003189845082133269,1.0,2.431253093254215
85,Historical-VaR,0.01,250,0.036,0.0013824730075047142,1.0,2.264279232541117
86,GARCH-t,0.05,58,0.034482758620689655,0.566622286684572,1.0,3.0274197614785257
86,GARCH-Normal,0.05,58,0.034482758620689655,0.566622286684572,1.0,3.0274197614785257
86,XGBoost-Q,0.05,58,0.08620689655172414,0.24909991485866112,1.0,2.059216082211299
86,Historical-VaR,0.05,58,0.05172413793103448,0.9522160163149069,1.0,2.542248167623573
86,GARCH-t,0.01,58,0.034482758620689655,0.14285740777902822,1.0,3.0274197614785257
86,GARCH-Normal,0.01,58,0.034482758620689655,0.14285740777902822,1.0,3.0274197614785257
86,XGBoost-Q,0.01,58,0.034482758620689655,0.14285740777902822,1.0,3.0274197614785257
86,Historical-VaR,0.01,58,0.034482758620689655,0.14285740777902822,1.0,3.0274197614785257
86,GARCH-t,0.05,250,0.052,0.8853472694426691,1.0,2.369893255742585
86,GARCH-Normal,0.05,250,0.064,0.3293742025406984,1.0,2.18044266689396
86,XGBoost-Q,0.05,250,0.112,9.685813528637066e-05,0.12221816812527098,1.8841713787635277
86,Historical-VaR,0.05,250,0.064,0.3293742025406984,1.0,2.2865783543773723
86,GARCH-t,0.01,250,0.02,0.1618549171960365,1.0,3.1554050837113556
86,GARCH-Normal,0.01,250,0.028,0.01904923089052679,1.0,2.836873997551106
86,XGBoost-Q,0.01,250,0.024,0.059353618972289524,1.0,3.0550319452180434
86,Historical-VaR,0.01,250,0.024,0.059353618972289524,1.0,3.0550319452180434
87,GARCH-t,0.05,58,0.017241379310344827,0.18772840378073352,1.0,2.4889526349366586
87,GARCH-Normal,0.05,58,0.06896551724137931,0.5297992033445762,1.0,1.6721044736503883
87,XGBoost-Q,0.05,58,0.05172413793103448,0.9522160163149069,1.0,1.7454266778465215
87,Historical-VaR,0.05,58,0.06896551724137931,0.5297992033445762,1.0,1.6721044736503883
87,GARCH-t,0.01,58,0.0,0.2802578748911524,1.0,
87,GARCH-Normal,0.01,58,0.017241379310344827,0.6152964566692893,1.0,2.4889526349366586
87,XGBoost-Q,0.01,58,0.017241379310344827,0.6152964566692893,1.0,2.4889526349366586
87,Historical-VaR,0.01,58,0.034482758620689655,0.14285740777902822,1.0,2.0097815578468774
87,GARCH-t,0.05,250,0.008,0.00017085611685885294,1.0,2.6552284108005564
87,GARCH-Normal,0.05,250,0.044,0.6570559130430669,1.0,1.6425063996989175
87,XGBoost-Q,0.05,250,0.024,0.036605690145713465,1.0,1.9743280177699365
87,Historical-VaR,0.05,250,0.044,0.6570559130430669,0.4940636998432081,1.652288369687846
87,GARCH-t,0.01,250,0.0,0.024981503053449705,1.0,
87,GARCH-Normal,0.01,250,0.008,0.7419327009525927,1.0,2.6552284108005564
87,XGBoost-Q,0.01,250,0.0,0.024981503053449705,1.0,
87,Historical-VaR,0.01,250,0.016,0.380483738238954,1.0,2.1566209912268355
88,GARCH-t,0.05,58,0.0,0.014717101200455551,1.0,
88,GARCH-Normal,0.05,58,0.0,0.014717101200455551,1.0,
88,XGBoost-Q,0.05,58,0.0,0.014717101200455551,1.0,
88,Historical-VaR,0.05,58,0.0,0.014717101200455551,1.0,
88,GARCH-t,0.01,58,0.0,0.2802578748911524,1.0,
88,GARCH-Normal,0.01,58,0.0,0.2802578748911524,1.0,
88,XGBoost-Q,0.01,58,0.0,0.2802578748911524,1.0,
88,Historical-VaR,0.01,58,0.0,0.2802578748911524,1.0,
88,GARCH-t,0.05,250,0.02,0.01373817726098514,1.0,2.5863101917244515
88,GARCH-Normal,0.05,250,0.04,0.45291244993520263,1.0,2.177940956389725
88,XGBoost-Q,0.05,250,0.048,0.8838996943305626,0.5938165372595774,2.075008265390584
88,Historical-VaR,0.05,250,0.048,0.8838996943305626,1.0,2.10500291912339
88,GARCH-t,0.01,250,0.004,0.2780714900139599,1.0,4.533640923032475
88,GARCH-Normal,0.01,250,0.008,0.7419327009525927,1.0,3.4082512743195403
88,XGBoost-Q,0.01,250,0.008,0.7419327009525927,1.0,3.333238496212174
88,Historical-VaR,0.01,250,0.004,0.2780714900139599,1.0,4.533640923032475
89,GARCH-t,0.05,58,0.034482758620689655,0.566622286684572,1.0,1.52521125334881
89,GARCH-Normal,0.05,58,0.034482758620689655,0.566622286684572,1.0,1.52521125334881
89,XGBoost-Q,0.05,58,0.05172413793103448,0.9522160163149069,1.0,1.5198513913560676
89,Historical-VaR,0.05,58,0.05172413793103448,0.9522160163149069,1.0,1.5198513913560676
89,GARCH-t,0.01,58,0.0,0.2802578748911524,1.0,
89,GARCH-Normal,0.01,58,0.017241379310344827,0.6152964566692893,1.0,1.6872255805638778
89,XGBoost-Q,0.01,58,0.0,0.2802578748911524,1.0,
89,Historical-VaR,0.01,58,0.0,0.2802578748911524,1.0,
89,GARCH-t,0.05,250,0.236,0.0,0.7208650234746014,0.9911870733218375
89,GARCH-Normal,0.05,250,0.248,0.0,0.39010461238944094,0.9704707012368521
89,XGBoost-Q,0.05,250,0.036,0.28602152157354077,0.3157401924103128,1.675270828354972
89,Historical-VaR,0.05,250,0.048,0.8838996943305626,0.5938165372595774,1.6614538966018297
89,GARCH-t,0.01,250,0.152,0.0,0.29834518032729573,1.106931108867223
89,GARCH-Normal,0.01,250,0.192,0.0,0.2750778181475675,1.0489940463184169
89,XGBoost-Q,0.01,250,0.004,0.2780714900139599,1.0,3.277366744909956
89,Historical-VaR,0.01,250,0.008,0.7419327009525927,0.0061910520365405786,2.5552187306076686
90,GARCH-t,0.05,58,0.017241379310344827,0.18772840378073352,1.0,1.4292042497162047
90,GARCH-Normal,0.05,58,0.017241379310344827,0.18772840378073352,1.0,1.4292042497162047
90,XGBoost-Q,0.05,58,0.0,0.014717101200455551,1.0,
90,Historical-VaR,0.05,58,0.017241379310344827,0.18772840378073352,1.0,2.2362230352656893
90,GARCH-t,0.01,58,0.0,0.2802578748911524,1.0,
90,GARCH-Normal,0.01,58,0.0,0.2802578748911524,1.0,
90,XGBoost-Q,0.01,58,0.0,0.2802578748911524,1.0,
90,Historical-VaR,0.01,58,0.0,0.2802578748911524,1.0,
90,GARCH-t,0.05,250,0.044,0.6570559130430669,0.0003950471639841968,3.062638266919947
90,GARCH-Normal,0.05,250,0.064,0.3293742025406984,0.012545572813151384,2.6369035107540304
90,XGBoost-Q,0.05,250,0.1,0.0013109034724475555,0.11273461207479396,2.1556485906495175
90,Historical-VaR,0.05,250,0.068,0.21457514830975966,0.0026601117360822712,2.5367701691750093
90,GARCH-t,0.01,250,0.008,0.7419327009525927,0.0061910520365405786,6.460497571171212
90,GARCH-Normal,0.01,250,0.008,0.7419327009525927,0.0061910520365405786,6.460497571171212
90,XGBoost-Q,0.01,250,0.036,0.0013824730075047142,0.03159694051952322,3.494553165710259
90,Historical-VaR,0.01,250,0.028,0.01904923089052679,2.8164109443507e-06,3.1687673768185896
91,GARCH-t,0.05,58,0.034482758620689655,0.566622286684572,1.0,1.7089411255600986
91,GARCH-Normal,0.05,58,0.034482758620689655,0.566622286684572,1.0,1.7089411255600986
91,XGBoost-Q,0.05,58,0.06896551724137931,0.5297992033445762,1.0,1.3981357184499048
91,Historical-VaR,0.05,58,0.034482758620689655,0.566622286684572,1.0,1.7089411255600986
91,GARCH-t,0.01,58,0.0,0.2802578748911524,1.0,
91,GARCH-Normal,0.01,58,0.0,0.2802578748911524,1.0,
91,XGBoost-Q,0.01,58,0.034482758620689655,0.14285740777902822,1.0,1.7089411255600986
91,Historical-VaR,0.01,58,0.017241379310344827,0.6152964566692893,1.0,1.7649151244963157
91,GARCH-t,0.05,250,0.024,0.036605690145713465,1.0,2.029394421354073
91,GARCH-Normal,0.05,250,0.06,0.4812385279526591,0.28020572726503534,1.8189732700924162
91,XGBoost-Q,0.05,250,0.068,0.21457514830975966,0.11531850247183639,1.7853738640296937
91,Historical-VaR,0.05,250,0.04,0.45291244993520263,0.0036455230658820614,2.110179266481611
91,GARCH-t,0.01,250,0.004,0.2780714900139599,1.0,3.0309861558429083
91,GARCH-Normal,0.01,250,0.008,0.7419327009525927,1.0,2.8338930996617337
91,XGBoost-Q,0.01,250,0.02,0.1618549171960365,0.0016575220255742318,2.5426830175937853
91,Historical-VaR,0.01,250,0.024,0.059353618972289524,0.004338133522385879,2.3193701777362072
92,GARCH-t,0.05,58,0.05172413793103448,0.9522160163149069,1.0,2.102649183854362
92,GARCH-Normal,0.05,58,0.10344827586206896,0.1001997614778738,0.6249518715764388,1.8487220425325575
92,XGBoost-Q,0.05,58,0.1206896551724138,0.03490665780790292,0.8600837305914304,1.7479570745810753
92,Historical-VaR,0.05,58,0.08620689655172414,0.24909991485866112,0.41026037736228527,1.9254671833141856
92,GARCH-t,0.01,58,0.0,0.2802578748911524,1.0,
92,GARCH-Normal,0.01,58,0.017241379310344827,0.6152964566692893,1.0,2.3663040545827783
92,XGBoost-Q,0.01,58,0.05172413793103448,0.02360405908935692,1.0,1.959001380191281
92,Historical-VaR,0.01,58,0.034482758620689655,0.14285740777902822,1.0,2.316980741283467
92,GARCH-t,0.05,250,0.076,0.07874901240828369,0.6366846004565231,2.012854243464768
92,GARCH-Normal,0.05,250,0.092,0.006100334771630078,0.528083108357758,1.8956263095473809
92,XGBoost-Q,0.05,250,0.124,5.119559107646943e-06,0.23923243934954885,1.692199003745087
92,Historical-VaR,0.05,250,0.072,0.1331391348605262,0.53560756834656,2.0432907937336764
92,GARCH-t,0.01,250,0.028,0.01904923089052679,1.0,2.637627978563464
92,GARCH-Normal,0.01,250,0.04,0.0003189845082133269,1.0,2.434036461787363
92,XGBoost-Q,0.01,250,0.044,6.711051864838335e-05,1.0,2.3650725788437232
92,Historical-VaR,0.01,250,0.02,0.1618549171960365,1.0,2.7808032544172474
93,GARCH-t,0.05,58,0.017241379310344827,0.18772840378073352,1.0,3.917957759611138
93,GARCH-Normal,0.05,58,0.017241379310344827,0.18772840378073352,1.0,3.917957759611138
93,XGBoost-Q,0.05,58,0.034482758620689655,0.566622286684572,1.0,2.877992737199845
93,Historical-VaR,0.05,58,0.05172413793103448,0.9522160163149069,1.0,2.276186632740034
93,GARCH-t,0.01,58,0.017241379310344827,0.6152964566692893,1.0,3.917957759611138
93,GARCH-Normal,0.01,58,0.017241379310344827,0.6152964566692893,1.0,3.917957759611138
93,XGBoost-Q,0.01,58,0.034482758620689655,0.14285740777902822,1.0,2.877992737199845
93,Historical-VaR,0.01,58,0.017241379310344827,0.6152964566692893,1.0,3.917957759611138
93,GARCH-t,0.05,250,0.064,0.3293742025406984,0.9728396985992332,1.6976285459027687
93,GARCH-Normal,0.05,250,0.072,0.1331391348605262,0.7675549258303029,1.629266891896251
93,XGBoost-Q,0.05,250,0.116,3.768183275731918e-05,0.8126205301437056,1.363240325486111
93,Historical-VaR,0.05,250,0.072,0.1331391348605262,0.7675549258303029,1.629266891896251
93,GARCH-t,0.01,250,0.02,0.1618549171960365,1.0,2.5419856350562915
93,GARCH-Normal,0.01,250,0.02,0.1618549171960365,1.0,2.5419856350562915
93,XGBoost-Q,0.01,250,0.064,8.52433379439077e-09,0.9728396985992332,1.6610648789057847
93,Historical-VaR,0.01,250,0.028,0.01904923089052679,1.0,2.145530981123923
94,GARCH-t,0.05,58,0.0,0.014717101200455551,1.0,
94,GARCH-Normal,0.05,58,0.0,0.014717101200455551,1.0,
94,XGBoost-Q,0.05,58,0.017241379310344827,0.18772840378073352,1.0,1.6238159827076701
94,Historical-VaR,0.05,58,0.0,0.014717101200455551,1.0,
94,GARCH-t,0.01,58,0.0,0.2802578748911524,1.0,
94,GARCH-Normal,0.01,58,0.0,0.2802578748911524,1.0,
94,XGBoost-Q,0.01,58,0.0,0.2802578748911524,1.0,
94,Historical-VaR,0.01,58,0.0,0.2802578748911524,1.0,
94,GARCH-t,0.05,250,0.108,0.00023987731413255275,0.5237146631566241,1.7552973948766322
94,GARCH-Normal,0.05,250,0.096,0.002886808755840242,0.29120188846129347,1.8106576628831048
94,XGBoost-Q,0.05,250,0.188,6.439293542825908e-15,0.9511722998182186,1.3927996360016102
94,Historical-VaR,0.05,250,0.064,0.3293742025406984,0.9728396985992332,1.9447773660697307
94,GARCH-t,0.01,250,0.04,0.0003189845082133269,1.0,2.2779594698054035
94,GARCH-Normal,0.01,250,0.044,6.711051864838335e-05,1.0,2.2401341896762146
94,XGBoost-Q,0.01,250,0.06,5.902967969984019e-08,1.0,2.067396855249979
94,Historical-VaR,0.01,250,0.028,0.01904923089052679,1.0,2.379249316398107
95,GARCH-t,0.05,58,0.0,0.014717101200455551,1.0,
95,GARCH-Normal,0.05,58,0.0,0.014717101200455551,1.0,
95,XGBoost-Q,0.05,58,0.08620689655172414,0.24909991485866112,0.41026037736228527,0.9312852491152175
95,Historical-VaR,0.05,58,0.034482758620689655,0.566622286684572,1.0,1.1253013079829892
95,GARCH-t,0.01,58,0.0,0.2802578748911524,1.0,
95,GARCH-Normal,0.01,58,0.0,0.2802578748911524,1.0,
95,XGBoost-Q,0.01,58,0.0,0.2802578748911524,1.0,
95,Historical-VaR,0.01,58,0.0,0.2802578748911524,1.0,
95,GARCH-t,0.05,250,0.032,0.16322015045707905,1.0,2.1633187753319736
95,GARCH-Normal,0.05,250,0.036,0.28602152157354077,1.0,2.0375520365719364
95,XGBoost-Q,0.05,250,0.028,0.08280655204389309,1.0,2.375113040730001
95,Historical-VaR,0.05,250,0.04,0.45291244993520263,1.0,1.9497423291893408
95,GARCH-t,0.01,250,0.016,0.380483738238954,1.0,2.4823703860836313
95,GARCH-Normal,0.01,250,0.016,0.380483738238954,1.0,2.4823703860836313
95,XGBoost-Q,0.01,250,0.008,0.7419327009525927,1.0,3.6142625900150245
95,Historical-VaR,0.01,250,0.012,0.7579883213733308,1.0,2.653786502625241
96,GARCH-t,0.05,58,0.017241379310344827,0.18772840378073352,1.0,2.4345166645634153
96,GARCH-Normal,0.05,58,0.05172413793103448,0.9522160163149069,1.0,1.8557396185176913
96,XGBoost-Q,0.05,58,0.034482758620689655,0.566622286684572,1.0,2.0137975576148897
96,Historical-VaR,0.05,58,0.05172413793103448,0.9522160163149069,1.0,1.8557396185176913
96,GARCH-t,0.01,58,0.0,0.2802578748911524,1.0,
96,GARCH-Normal,0.01,58,0.017241379310344827,0.6152964566692893,1.0,2.4345166645634153
96,XGBoost-Q,0.01,58,0.034482758620689655,0.14285740777902822,1.0,1.880054584738319
96,Historical-VaR,0.01,58,0.017241379310344827,0.6152964566692893,1.0,2.4345166645634153
96,GARCH-t,0.05,250,0.108,0.00023987731413255275,0.9584285413256137,1.831822268283008
96,GARCH-Normal,0.05,250,0.12,1.413747561440637e-05,0.7064522446115722,1.7669299093424158
96,XGBoost-Q,0.05,250,0.12,1.413747561440637e-05,0.7064522446115722,1.7545656161436256
96,Historical-VaR,0.05,250,0.06,0.4812385279526591,0.9144032996435878,2.226619379147009
96,GARCH-t,0.01,250,0.028,0.01904923089052679,0.17433170965123956,2.856829469192846
96,GARCH-Normal,0.01,250,0.056,3.825770412690943e-07,0.8060054340398742,2.2756904962058457
96,XGBoost-Q,0.01,250,0.048,1.2961433017655288e-05,0.11395391525605225,2.365486228905674
96,Historical-VaR,0.01,250,0.024,0.059353618972289524,0.11954364333624434,3.0020649350497357
97,GARCH-t,0.05,58,0.0,0.014717101200455551,1.0,
97,GARCH-Normal,0.05,58,0.0,0.014717101200455551,1.0,
97,XGBoost-Q,0.05,58,0.0,0.014717101200455551,1.0,
97,Historical-VaR,0.05,58,0.0,0.014717101200455551,1.0,
97,GARCH-t,0.01,58,0.0,0.2802578748911524,1.0,
97,GARCH-Normal,0.01,58,0.0,0.2802578748911524,1.0,
97,XGBoost-Q,0.01,58,0.0,0.2802578748911524,1.0,
97,Historical-VaR,0.01,58,0.0,0.2802578748911524,1.0,
97,GARCH-t,0.05,250,0.096,0.002886808755840242,0.0799871992374408,1.7132504978374818
97,GARCH-Normal,0.05,250,0.096,0.002886808755840242,0.0799871992374408,1.7132504978374818
97,XGBoost-Q,0.05,250,0.088,0.012356545939324781,0.1455369490435019,1.7533083673413297
97,Historical-VaR,0.05,250,0.044,0.6570559130430669,0.07829206140871703,2.234526791386411
97,GARCH-t,0.01,250,0.04,0.0003189845082133269,0.4008693134710468,2.3018056763742836
97,GARCH-Normal,0.01,250,0.044,6.711051864838335e-05,0.07829206140871703,2.237375149471365
97,XGBoost-Q,0.01,250,0.04,0.0003189845082133269,0.051226555951393915,2.2959332403708244
97,Historical-VaR,0.01,250,0.016,0.380483738238954,0.04270457626805502,2.850269222443004
98,GARCH-t,0.05,58,0.034482758620689655,0.566622286684572,1.0,2.5603614967853634
98,GARCH-Normal,0.05,58,0.06896551724137931,0.5297992033445762,1.0,2.015275328489681
98,XGBoost-Q,0.05,58,0.10344827586206896,0.1001997614778738,0.6249518715764388,1.955434138448122
98,Historical-VaR,0.05,58,0.06896551724137931,0.5297992033445762,1.0,2.233752075099114
98,GARCH-t,0.01,58,0.017241379310344827,0.6152964566692893,1.0,3.1294857540322147
98,GARCH-Normal,0.01,58,0.034482758620689655,0.14285740777902822,1.0,2.5603614967853634
98,XGBoost-Q,0.01,58,0.034482758620689655,0.14285740777902822,1.0,2.5117942391403982
98,Historical-VaR,0.01,58,0.017241379310344827,0.6152964566692893,1.0,3.1294857540322147
98,GARCH-t,0.05,250,0.02,0.01373817726098514,1.0,2.325093137400954
98,GARCH-Normal,0.05,250,0.048,0.8838996943305626,1.0,1.8235803353907933
98,XGBoost-Q,0.05,250,0.068,0.21457514830975966,0.44160858786642465,1.863543851334594
98,Historical-VaR,0.05,250,0.08,0.044446449306055236,0.07406962855517885,1.7492064459701449
98,GARCH-t,0.01,250,0.004,0.2780714900139599,1.0,3.1294857540322147
98,GARCH-Normal,0.01,250,0.016,0.380483738238954,1.0,2.39190295322281
98,XGBoost-Q,0.01,250,0.0,0.024981503053449705,1.0,
98,Historical-VaR,0.01,250,0.028,0.01904923089052679,0.17433170965123956,2.114382606658139
99,GARCH-t,0.05,58,0.05172413793103448,0.9522160163149069,1.0,2.220775845444668
99,GARCH-Normal,0.05,58,0.08620689655172414,0.24909991485866112,1.0,1.8319141254753188
99,XGBoost-Q,0.05,58,0.10344827586206896,0.1001997614778738,1.0,1.6875394547401406
99,Historical-VaR,0.05,58,0.08620689655172414,0.24909991485866112,1.0,1.8319141254753188
99,GARCH-t,0.01,58,0.017241379310344827,0.6152964566692893,1.0,2.98722951783269
99,GARCH-Normal,0.01,58,0.017241379310344827,0.6152964566692893,1.0,2.98722951783269
99,XGBoost-Q,0.01,58,0.05172413793103448,0.02360405908935692,1.0,2.220775845444668
99,Historical-VaR,0.01,58,0.034482758620689655,0.14285740777902822,1.0,2.5450792694414073
99,GARCH-t,0.05,250,0.012,0.001008261016782086,1.0,2.370740735885063
99,GARCH-Normal,0.05,250,0.032,0.16322015045707905,1.0,2.06566322365126
99,XGBoost-Q,0.05,250,0.064,0.3293742025406984,1.0,1.7337263674184504
99,Historical-VaR,0.05,250,0.056,0.6690657551458938,1.0,1.8121854081230484
99,GARCH-t,0.01,250,0.004,0.2780714900139599,1.0,2.98722951783269
99,GARCH-Normal,0.01,250,0.004,0.2780714900139599,1.0,2.98722951783269
99,XGBoost-Q,0.01,250,0.016,0.380483738238954,1.0,2.3956412642869966
99,Historical-VaR,0.01,250,0.016,0.380483738238954,1.0,2.3956412642869966
100,GARCH-t,0.05,58,0.0,0.014717101200455551,1.0,
100,GARCH-Normal,0.05,58,0.017241379310344827,0.18772840378073352,1.0,2.4688133007685398
100,XGBoost-Q,0.05,58,0.017241379310344827,0.18772840378073352,1.0,2.4688133007685398
100,Historical-VaR,0.05,58,0.017241379310344827,0.18772840378073352,1.0,2.4688133007685398
100,GARCH-t,0.01,58,0.0,0.2802578748911524,1.0,
100,GARCH-Normal,0.01,58,0.0,0.2802578748911524,1.0,
100,XGBoost-Q,0.01,58,0.0,0.2802578748911524,1.0,
100,Historical-VaR,0.01,58,0.0,0.2802578748911524,1.0,
100,GARCH-t,0.05,250,0.032,0.16322015045707905,1.0,2.5625418204492343
100,GARCH-Normal,0.05,250,0.06,0.4812385279526591,1.0,2.1985271153802635
100,XGBoost-Q,0.05,250,0.112,9.685813528637066e-05,0.5999264631348717,1.7829029667201144
100,Historical-VaR,0.05,250,0.052,0.8853472694426691,1.0,2.248671413200896
100,GARCH-t,0.01,250,0.008,0.7419327009525927,1.0,3.6828497183379936
100,GARCH-Normal,0.01,250,0.012,0.7579883213733308,1.0,3.278170912481509
100,XGBoost-Q,0.01,250,0.008,0.7419327009525927,1.0,3.6828497183379936
100,Historical-VaR,0.01,250,0.012,0.7579883213733308,1.0,3.2145089442943964
101,GARCH-t,0.05,58,0.0,0.014717101200455551,1.0,
101,GARCH-Normal,0.05,58,0.0,0.014717101200455551,1.0,
101,XGBoost-Q,0.05,58,0.034482758620689655,0.566622286684572,1.0,1.555596386566621
101,Historical-VaR,0.05,58,0.0,0.014717101200455551,1.0,
101,GARCH-t,0.01,58,0.0,0.2802578748911524,1.0,
101,GARCH-Normal,0.01,58,0.0,0.2802578748911524,1.0,
101,XGBoost-Q,0.01,58,0.0,0.2802578748911524,1.0,
101,Historical-VaR,0.01,58,0.0,0.2802578748911524,1.0,
101,GARCH-t,0.05,250,0.008,0.00017085611685885294,1.0,5.822406316875965
101,GARCH-Normal,0.05,250,0.036,0.28602152157354077,0.3157401924103128,3.270560992306405
101,XGBoost-Q,0.05,250,0.068,0.21457514830975966,0.44160858786642465,2.8016609509246337
101,Historical-VaR,0.05,250,0.028,0.08280655204389309,1.0,3.8454680892399162
101,GARCH-t,0.01,250,0.004,0.2780714900139599,1.0,8.998643263055325
101,GARCH-Normal,0.01,250,0.016,0.380483738238954,1.0,4.5308177213005685
101,XGBoost-Q,0.01,250,0.012,0.7579883213733308,1.0,5.370362310912178
101,Historical-VaR,0.01,250,0.004,0.2780714900139599,1.0,8.998643263055325
102,GARCH-t,0.05,58,0.034482758620689655,0.566622286684572,1.0,1.5375816969012295
102,GARCH-Normal,0.05,58,0.034482758620689655,0.566622286684572,1.0,1.5375816969012295
102,XGBoost-Q,0.05,58,0.05172413793103448,0.9522160163149069,1.0,1.4510320998217103
102,Historical-VaR,0.05,58,0.017241379310344827,0.18772840378073352,1.0,1.6525001772979242
102,GARCH-t,0.01,58,0.0,0.2802578748911524,1.0,
102,GARCH-Normal,0.01,58,0.0,0.2802578748911524,1.0,
102,XGBoost-Q,0.01,58,0.017241379310344827,0.6152964566692893,1.0,1.6525001772979242
102,Historical-VaR,0.01,58,0.0,0.2802578748911524,1.0,
102,GARCH-t,0.05,250,0.036,0.28602152157354077,1.0,1.6101447565503195
102,GARCH-Normal,0.05,250,0.08,0.044446449306055236,0.5798486356307124,1.4886676364100917
102,XGBoost-Q,0.05,250,0.076,0.07874901240828369,0.6706071336824497,1.5038003474110668
102,Historical-VaR,0.05,250,0.048,0.8838996943305626,0.5938165372595774,1.5983912890027498
102,GARCH-t,0.01,250,0.0,0.024981503053449705,1.0,
102,GARCH-Normal,0.01,250,0.036,0.0013824730075047142,0.3157401924103128,1.6757692628658107
102,XGBoost-Q,0.01,250,0.016,0.380483738238954,1.0,1.68132392302904
102,Historical-VaR,0.01,250,0.012,0.7579883213733308,1.0,1.841383188241532
103,GARCH-t,0.05,58,0.0,0.014717101200455551,1.0,
103,GARCH-Normal,0.05,58,0.06896551724137931,0.5297992033445762,1.0,1.5860090794722783
103,XGBoost-Q,0.05,58,0.08620689655172414,0.24909991485866112,1.0,1.5084891965539715
103,Historical-VaR,0.05,58,0.034482758620689655,0.566622286684572,1.0,1.83116691563408
103,GARCH-t,0.01,58,0.0,0.2802578748911524,1.0,
103,GARCH-Normal,0.01,58,0.017241379310344827,0.6152964566692893,1.0,1.9933469275658564
103,XGBoost-Q,0.01,58,0.0,0.2802578748911524,1.0,
103,Historical-VaR,0.01,58,0.0,0.2802578748911524,1.0,
103,GARCH-t,0.05,250,0.02,0.01373817726098514,1.0,2.622518216056322
103,GARCH-Normal,0.05,250,0.028,0.08280655204389309,1.0,2.472100891988506
103,XGBoost-Q,0.05,250,0.056,0.6690657551458938,0.8060054340398742,1.9763097557408187
103,Historical-VaR,0.05,250,0.06,0.4812385279526591,0.9144032996435878,1.8593791659705283
103,GARCH-t,0.01,250,0.0,0.024981503053449705,1.0,
103,GARCH-Normal,0.01,250,0.012,0.7579883213733308,1.0,2.8850608828128976
103,XGBoost-Q,0.01,250,0.012,0.7579883213733308,1.0,2.8850608828128976
103,Historical-VaR,0.01,250,0.028,0.01904923089052679,0.17433170965123956,2.3175871688618623
104,GARCH-t,0.05,58,0.034482758620689655,0.566622286684572,1.0,2.188043543960937
104,GARCH-Normal,0.05,58,0.08620689655172414,0.24909991485866112,1.0,1.5848593415573258
104,XGBoost-Q,0.05,58,0.1206896551724138,0.03490665780790292,0.8600837305914304,1.4474092948476098
104,Historical-VaR,0.05,58,0.06896551724137931,0.5297992033445762,1.0,1.6960231881544336
104,GARCH-t,0.01,58,0.017241379310344827,0.6152964566692893,1.0,2.892700687551316
104,GARCH-Normal,0.01,58,0.017241379310344827,0.6152964566692893,1.0,2.892700687551316
104,XGBoost-Q,0.01,58,0.017241379310344827,0.6152964566692893,1.0,2.892700687551316
104,Historical-VaR,0.01,58,0.017241379310344827,0.6152964566692893,1.0,2.892700687551316
104,GARCH-t,0.05,250,0.02,0.01373817726098514,1.0,2.3590221649282896
104,GARCH-Normal,0.05,250,0.02,0.01373817726098514,1.0,2.3590221649282896
104,XGBoost-Q,0.05,250,0.056,0.6690657551458938,0.8060054340398742,1.8918805122528368
104,Historical-VaR,0.05,250,0.052,0.8853472694426691,0.6984184728469447,1.8994955765282382
104,GARCH-t,0.01,250,0.004,0.2780714900139599,1.0,2.892700687551316
104,GARCH-Normal,0.01,250,0.012,0.7579883213733308,1.0,2.5749007577380953
104,XGBoost-Q,0.01,250,0.016,0.380483738238954,1.0,2.530275862691923
104,Historical-VaR,0.01,250,0.016,0.380483738238954,1.0,2.530275862691923
105,GARCH-t,0.05,58,0.05172413793103448,0.9522160163149069,1.0,1.6235515967464778
105,GARCH-Normal,0.05,58,0.05172413793103448,0.9522160163149069,1.0,1.6235515967464778
105,XGBoost-Q,0.05,58,0.13793103448275862,0.01064869216888753,1.0,1.260047390112298
105,Historical-VaR,0.05,58,0.08620689655172414,0.24909991485866112,1.0,1.43696302192386
105,GARCH-t,0.01,58,0.017241379310344827,0.6152964566692893,1.0,2.2637905064022386
105,GARCH-Normal,0.01,58,0.017241379310344827,0.6152964566692893,1.0,2.2637905064022386
105,XGBoost-Q,0.01,58,0.017241379310344827,0.6152964566692893,1.0,2.2637905064022386
105,Historical-VaR,0.01,58,0.034482758620689655,0.14285740777902822,1.0,1.7550131308035586
105,GARCH-t,0.05,250,0.024,0.036605690145713465,1.0,2.0556637661527453
105,GARCH-Normal,0.05,250,0.052,0.8853472694426691,0.6984184728469447,1.7260382453190826
105,XGBoost-Q,0.05,250,0.068,0.21457514830975966,0.8694886459542454,1.5539352683069632
105,Historical-VaR,0.05,250,0.048,0.8838996943305626,1.0,1.6803092067204781
105,GARCH-t,0.01,250,0.004,0.2780714900139599,1.0,2.72331994298991
105,GARCH-Normal,0.01,250,0.016,0.380483738238954,1.0,2.24130950288984
105,XGBoost-Q,0.01,250,0.028,0.01904923089052679,1.0,1.7496949655093144
105,Historical-VaR,0.01,250,0.012,0.7579883213733308,1.0,2.077782068199009
106,GARCH-t,0.05,58,0.0,0.014717101200455551,1.0,
106,GARCH-Normal,0.05,58,0.0,0.014717101200455551,1.0,
106,XGBoost-Q,0.05,58,0.05172413793103448,0.9522160163149069,1.0,0.9519748642053169
106,Historical-VaR,0.05,58,0.0,0.014717101200455551,1.0,
106,GARCH-t,0.01,58,0.0,0.2802578748911524,1.0,
106,GARCH-Normal,0.01,58,0.0,0.2802578748911524,1.0,
106,XGBoost-Q,0.01,58,0.0,0.2802578748911524,1.0,
106,Historical-VaR,0.01,58,0.0,0.2802578748911524,1.0,
106,GARCH-t,0.05,250,0.024,0.036605690145713465,1.0,1.8282171214246636
106,GARCH-Normal,0.05,250,0.032,0.16322015045707905,1.0,1.723884289500078
106,XGBoost-Q,0.05,250,0.08,0.044446449306055236,0.5798486356307124,1.381608697119335
106,Historical-VaR,0.05,250,0.044,0.6570559130430669,1.0,1.6899824646244255
106,GARCH-t,0.01,250,0.004,0.2780714900139599,1.0,2.4401588087912707
106,GARCH-Normal,0.01,250,0.008,0.7419327009525927,1.0,2.102779156013912
106,XGBoost-Q,0.01,250,0.012,0.7579883213733308,1.0,1.6789514194116855
106,Historical-VaR,0.01,250,0.012,0.7579883213733308,1.0,2.0919240318266823
107,GARCH-t,0.05,58,0.06896551724137931,0.5297992033445762,1.0,1.9085905141449075
107,GARCH-Normal,0.05,58,0.08620689655172414,0.24909991485866112,1.0,1.7799105449491197
107,XGBoost-Q,0.05,58,0.08620689655172414,0.24909991485866112,1.0,1.7799105449491197
107,Historical-VaR,0.05,58,0.06896551724137931,0.5297992033445762,1.0,1.9085905141449075
107,GARCH-t,0.01,58,0.05172413793103448,0.02360405908935692,1.0,2.045815239106768
107,GARCH-Normal,0.01,58,0.05172413793103448,0.02360405908935692,1.0,2.045815239106768
107,XGBoost-Q,0.01,58,0.034482758620689655,0.14285740777902822,1.0,1.680265496790364
107,Historical-VaR,0.01,58,0.0,0.2802578748911524,1.0,
107,GARCH-t,0.05,250,0.112,9.685813528637066e-05,0.12221816812527098,1.5711342140693503
107,GARCH-Normal,0.05,250,0.112,9.685813528637066e-05,0.12221816812527098,1.5711342140693503
107,XGBoost-Q,0.05,250,0.16,1.2618062150693277e-10,0.7880660013674712,1.4030972482701933
107,Historical-VaR,0.05,250,0.072,0.1331391348605262,0.7675549258303029,1.7666980553656098
107,GARCH-t,0.01,250,0.04,0.0003189845082133269,0.4008693134710468,2.073674143155888
107,GARCH-Normal,0.01,250,0.044,6.711051864838335e-05,0.4940636998432081,2.007154170435588
107,XGBoost-Q,0.01,250,0.092,2.220446049250313e-15,0.9227362399442068,1.5792548069987746
107,Historical-VaR,0.01,250,0.016,0.380483738238954,1.0,2.4095892892084394
108,GARCH-t,0.05,58,0.08620689655172414,0.24909991485866112,1.0,1.8938087020744778
108,GARCH-Normal,0.05,58,0.08620689655172414,0.24909991485866112,1.0,1.8938087020744778
108,XGBoost-Q,0.05,58,0.1206896551724138,0.03490665780790292,1.0,1.8116361705618895
108,Historical-VaR,0.05,58,0.08620689655172414,0.24909991485866112,1.0,1.9889145319823076
108,GARCH-t,0.01,58,0.017241379310344827,0.6152964566692893,1.0,3.2229836130729894
108,GARCH-Normal,0.01,58,0.017241379310344827,0.6152964566692893,1.0,3.2229836130729894
108,XGBoost-Q,0.01,58,0.034482758620689655,0.14285740777902822,1.0,2.5839457353818736
108,Historical-VaR,0.01,58,0.034482758620689655,0.14285740777902822,1.0,2.5839457353818736
108,GARCH-t,0.05,250,0.012,0.001008261016782086,1.0,3.0452234743060735
108,GARCH-Normal,0.05,250,0.004,1.7020689304647618e-05,1.0,3.2347276298823298
108,XGBoost-Q,0.05,250,0.044,0.6570559130430669,1.0,2.2185468293652986
108,Historical-VaR,0.05,250,0.04,0.45291244993520263,1.0,2.202259024096418
108,GARCH-t,0.01,250,0.0,0.024981503053449705,1.0,
108,GARCH-Normal,0.01,250,0.0,0.024981503053449705,1.0,
108,XGBoost-Q,0.01,250,0.004,0.2780714900139599,1.0,2.6334154323487837
108,Historical-VaR,0.01,250,0.016,0.380483738238954,1.0,2.4474650318803395
109,GARCH-t,0.05,58,0.017241379310344827,0.18772840378073352,1.0,3.2526235339123284
109,GARCH-Normal,0.05,58,0.06896551724137931,0.5297992033445762,0.23469323729108316,2.0335135108319564
109,XGBoost-Q,0.05,58,0.08620689655172414,0.24909991485866112,0.41026037736228527,1.8413591712444357
109,Historical-VaR,0.05,58,0.06896551724137931,0.5297992033445762,0.23469323729108316,2.0335135108319564
109,GARCH-t,0.01,58,0.017241379310344827,0.6152964566692893,1.0,3.2526235339123284
109,GARCH-Normal,0.01,58,0.017241379310344827,0.6152964566692893,1.0,3.2526235339123284
109,XGBoost-Q,0.01,58,0.017241379310344827,0.6152964566692893,1.0,3.2526235339123284
109,Historical-VaR,0.01,58,0.017241379310344827,0.6152964566692893,1.0,3.2526235339123284
109,GARCH-t,0.05,250,0.024,0.036605690145713465,1.0,3.134599068149083
109,GARCH-Normal,0.05,250,0.04,0.45291244993520263,1.0,2.5320759017938617
109,XGBoost-Q,0.05,250,0.032,0.16322015045707905,1.0,2.7698438761614708
109,Historical-VaR,0.05,250,0.04,0.45291244993520263,0.4008693134710468,2.4720322536171855
109,GARCH-t,0.01,250,0.0,0.024981503053449705,1.0,
109,GARCH-Normal,0.01,250,0.024,0.059353618972289524,1.0,3.134599068149083
109,XGBoost-Q,0.01,250,0.004,0.2780714900139599,1.0,3.6939385365590502
109,Historical-VaR,0.01,250,0.012,0.7579883213733308,1.0,3.3735659740427706
110,GARCH-t,0.05,58,0.05172413793103448,0.9522160163149069,0.10826140068536261,1.5437735049736243
110,GARCH-Normal,0.05,58,0.06896551724137931,0.5297992033445762,0.23469323729108316,1.4243406661113505
110,XGBoost-Q,0.05,58,0.034482758620689655,0.566622286684572,1.0,1.53881230849727
110,Historical-VaR,0.05,58,0.034482758620689655,0.566622286684572,1.0,1.53881230849727
110,GARCH-t,0.01,58,0.0,0.2802578748911524,1.0,
110,GARCH-Normal,0.01,58,0.05172413793103448,0.02360405908935692,0.10826140068536261,1.5437735049736243
110,XGBoost-Q,0.01,58,0.0,0.2802578748911524,1.0,
110,Historical-VaR,0.01,58,0.0,0.2802578748911524,1.0,
110,GARCH-t,0.05,250,0.032,0.16322015045707905,1.0,2.90781470605649
110,GARCH-Normal,0.05,250,0.06,0.4812385279526591,0.9144032996435878,2.326343948633918
110,XGBoost-Q,0.05,250,0.1,0.0013109034724475555,0.3268317996107135,2.1201543017034847
110,Historical-VaR,0.05,250,0.048,0.8838996943305626,0.11395391525605225,2.7444703232448995
110,GARCH-t,0.01,250,0.004,0.2780714900139599,1.0,4.947129503102699
110,GARCH-Normal,0.01,250,0.028,0.01904923089052679,1.0,3.1189947802933164
110,XGBoost-Q,0.01,250,0.032,0.005420405194127675,0.23991931651644083,3.182538544297106
110,Historical-VaR,0.01,250,0.028,0.01904923089052679,0.17433170965123956,3.375658054084851
111,GARCH-t,0.05,58,0.034482758620689655,0.566622286684572,1.0,2.3736463901199336
111,GARCH-Normal,0.05,58,0.05172413793103448,0.9522160163149069,1.0,2.021555442866103
111,XGBoost-Q,0.05,58,0.15517241379310345,0.002872135801635811,0.6605481555520119,1.579714721167584
111,Historical-VaR,0.05,58,0.10344827586206896,0.1001997614778738,0.6249518715764388,1.8556215084793368
111,GARCH-t,0.01,58,0.0,0.2802578748911524,1.0,
111,GARCH-Normal,0.01,58,0.034482758620689655,0.14285740777902822,1.0,2.3736463901199336
111,XGBoost-Q,0.01,58,0.10344827586206896,2.5506905097061328e-05,0.6249518715764388,1.812006730118567
111,Historical-VaR,0.01,58,0.034482758620689655,0.14285740777902822,1.0,2.5612339585685175
111,GARCH-t,0.05,250,0.024,0.036605690145713465,0.11954364333624434,2.1108098516296283
111,GARCH-Normal,0.05,250,0.028,0.08280655204389309,0.17433170965123956,1.9888586019444205
111,XGBoost-Q,0.05,250,0.032,0.16322015045707905,0.018111733034069988,2.1199324796424044
111,Historical-VaR,0.05,250,0.048,0.8838996943305626,0.11395391525605225,1.8375022371796697
111,GARCH-t,0.01,250,0.008,0.7419327009525927,1.0,2.296438696658017
111,GARCH-Normal,0.01,250,0.012,0.7579883213733308,1.0,2.57089613286722
111,XGBoost-Q,0.01,250,0.016,0.380483738238954,0.04270457626805502,2.4300009466162718
111,Historical-VaR,0.01,250,0.016,0.380483738238954,1.0,2.428836327613267
112,GARCH-t,0.05,58,0.0,0.014717101200455551,1.0,
112,GARCH-Normal,0.05,58,0.0,0.014717101200455551,1.0,
112,XGBoost-Q,0.05,58,0.05172413793103448,0.9522160163149069,0.10826140068536261,1.2861063436866582
112,Historical-VaR,0.05,58,0.017241379310344827,0.18772840378073352,1.0,1.331277939563323
112,GARCH-t,0.01,58,0.0,0.2802578748911524,1.0,
112,GARCH-Normal,0.01,58,0.0,0.2802578748911524,1.0,
112,XGBoost-Q,0.01,58,0.0,0.2802578748911524,1.0,
112,Historical-VaR,0.01,58,0.0,0.2802578748911524,1.0,
112,GARCH-t,0.05,250,0.112,9.685813528637066e-05,0.09680031402459754,1.856986955851364
112,GARCH-Normal,0.05,250,0.116,3.768183275731918e-05,0.04283925914179865,1.8245916057729628
112,XGBoost-Q,0.05,250,0.036,0.28602152157354077,1.0,3.0688858980304707
112,Historical-VaR,0.05,250,0.052,0.8853472694426691,0.6984184728469447,2.6584666787039453
112,GARCH-t,0.01,250,0.08,2.0398127631438e-12,0.743075719977325,2.1966645639033464
112,GARCH-Normal,0.01,250,0.084,2.2148949341271873e-13,0.3502875722269412,2.1371579472388142
112,XGBoost-Q,0.01,250,0.028,0.01904923089052679,1.0,3.372380017698356
112,Historical-VaR,0.01,250,0.02,0.1618549171960365,1.0,3.8470433614011768
113,GARCH-t,0.05,58,0.034482758620689655,0.566622286684572,1.0,1.9032251612834832
113,GARCH-Normal,0.05,58,0.034482758620689655,0.566622286684572,1.0,1.9032251612834832
113,XGBoost-Q,0.05,58,0.06896551724137931,0.5297992033445762,0.23469323729108316,1.3943746323090143
113,Historical-VaR,0.05,58,0.034482758620689655,0.566622286684572,1.0,1.9032251612834832
113,GARCH-t,0.01,58,0.034482758620689655,0.14285740777902822,1.0,1.9032251612834832
113,GARCH-Normal,0.01,58,0.034482758620689655,0.14285740777902822,1.0,1.9032251612834832
113,XGBoost-Q,0.01,58,0.034482758620689655,0.14285740777902822,1.0,1.9032251612834832
113,Historical-VaR,0.01,58,0.017241379310344827,0.6152964566692893,1.0,1.9823257543754684
113,GARCH-t,0.05,250,0.024,0.036605690145713465,1.0,1.8238846279343839
113,GARCH-Normal,0.05,250,0.036,0.28602152157354077,1.0,1.7523039236575308
113,XGBoost-Q,0.05,250,0.064,0.3293742025406984,0.3561236544492167,1.6626732724425692
113,Historical-VaR,0.05,250,0.044,0.6570559130430669,0.4940636998432081,1.7819423854267749
113,GARCH-t,0.01,250,0.008,0.7419327009525927,1.0,1.9032251612834832
113,GARCH-Normal,0.01,250,0.016,0.380483738238954,1.0,1.8977053409090607
113,XGBoost-Q,0.01,250,0.024,0.059353618972289524,1.0,2.119490952877075
113,Historical-VaR,0.01,250,0.02,0.1618549171960365,1.0,2.1477205961941173
114,GARCH-t,0.05,58,0.05172413793103448,0.9522160163149069,1.0,1.4315989282486248
114,GARCH-Normal,0.05,58,0.13793103448275862,0.01064869216888753,0.3681923829020052,1.1826331306511233
114,XGBoost-Q,0.05,58,0.034482758620689655,0.566622286684572,1.0,1.4670544338216045
114,Historical-VaR,0.05,58,0.034482758620689655,0.566622286684572,1.0,1.4748862774001115
114,GARCH-t,0.01,58,0.0,0.2802578748911524,1.0,
114,GARCH-Normal,0.01,58,0.06896551724137931,0.0029859389941127024,1.0,1.3394890572771738
114,XGBoost-Q,0.01,58,0.0,0.2802578748911524,1.0,
114,Historical-VaR,0.01,58,0.0,0.2802578748911524,1.0,
114,GARCH-t,0.05,250,0.032,0.16322015045707905,1.0,2.65173742599696
114,GARCH-Normal,0.05,250,0.032,0.16322015045707905,1.0,2.65173742599696
114,XGBoost-Q,0.05,250,0.04,0.45291244993520263,1.0,2.647935522780912
114,Historical-VaR,0.05,250,0.036,0.28602152157354077,1.0,2.6715868794031623
114,GARCH-t,0.01,250,0.012,0.7579883213733308,1.0,3.720436536527913
114,GARCH-Normal,0.01,250,0.016,0.380483738238954,1.0,3.4822654709793506
114,XGBoost-Q,0.01,250,0.024,0.059353618972289524,1.0,3.1637760441120837
114,Historical-VaR,0.01,250,0.012,0.7579883213733308,1.0,3.93906959625389
115,GARCH-t,0.05,58,0.017241379310344827,0.18772840378073352,1.0,1.4780922951930473
115,GARCH-Normal,0.05,58,0.034482758620689655,0.566622286684572,1.0,1.7710476126933092
115,XGBoost-Q,0.05,58,0.05172413793103448,0.9522160163149069,0.10826140068536261,1.74202170951578
115,Historical-VaR,0.05,58,0.06896551724137931,0.5297992033445762,0.23469323729108316,1.6760393559350968
115,GARCH-t,0.01,58,0.0,0.2802578748911524,1.0,
115,GARCH-Normal,0.01,58,0.0,0.2802578748911524,1.0,
115,XGBoost-Q,0.01,58,0.05172413793103448,0.02360405908935692,0.10826140068536261,1.7913652831890985
115,Historical-VaR,0.01,58,0.017241379310344827,0.6152964566692893,1.0,2.0640029301935714
115,GARCH-t,0.05,250,0.02,0.01373817726098514,1.0,2.23605818665686
115,GARCH-Normal,0.05,250,0.004,1.7020689304647618e-05,1.0,2.9438925424989377
115,XGBoost-Q,0.05,250,0.056,0.6690657551458938,0.1849809144317286,1.9169097099080958
115,Historical-VaR,0.05,250,0.044,0.6570559130430669,0.4940636998432081,1.9683900145632975
115,GARCH-t,0.01,250,0.0,0.024981503053449705,1.0,
115,GARCH-Normal,0.01,250,0.0,0.024981503053449705,1.0,
115,XGBoost-Q,0.01,250,0.008,0.7419327009525927,1.0,2.387946583339807
115,Historical-VaR,0.01,250,0.008,0.7419327009525927,1.0,2.5039477363462543
116,GARCH-t,0.05,58,0.034482758620689655,0.566622286684572,1.0,2.5174039139806808
116,GARCH-Normal,0.05,58,0.1206896551724138,0.03490665780790292,0.8600837305914304,2.185770184452223
116,XGBoost-Q,0.05,58,0.1206896551724138,0.03490665780790292,0.8600837305914304,2.072344031501916
116,Historical-VaR,0.05,58,0.1206896551724138,0.03490665780790292,0.8600837305914304,2.185770184452223
116,GARCH-t,0.01,58,0.0,0.2802578748911524,1.0,
116,GARCH-Normal,0.01,58,0.0,0.2802578748911524,1.0,
116,XGBoost-Q,0.01,58,0.05172413793103448,0.02360405908935692,1.0,2.266297304568845
116,Historical-VaR,0.01,58,0.017241379310344827,0.6152964566692893,1.0,2.6817128440580427
116,GARCH-t,0.05,250,0.028,0.08280655204389309,1.0,2.664589467414789
116,GARCH-Normal,0.05,250,0.048,0.8838996943305626,1.0,2.3674566777524713
116,XGBoost-Q,0.05,250,0.208,0.0,0.2594276624429499,1.7161562587302106
116,Historical-VaR,0.05,250,0.084,0.023963870334161808,0.49611598650212385,2.1977905777392825
116,GARCH-t,0.01,250,0.0,0.024981503053449705,1.0,
116,GARCH-Normal,0.01,250,0.012,0.7579883213733308,1.0,2.8965419820810445
116,XGBoost-Q,0.01,250,0.116,0.0,0.8126205301437056,2.050843566011745
116,Historical-VaR,0.01,250,0.028,0.01904923089052679,1.0,2.664589467414789
117,GARCH-t,0.05,58,0.1206896551724138,0.03490665780790292,0.8600837305914304,2.1494164502921307
117,GARCH-Normal,0.05,58,0.13793103448275862,0.01064869216888753,0.3681923829020052,2.0624120192891064
117,XGBoost-Q,0.05,58,0.20689655172413793,2.9066138041433653e-05,0.1862513922821556,1.7964729020956616
117,Historical-VaR,0.05,58,0.13793103448275862,0.01064869216888753,0.3681923829020052,2.0624120192891064
117,GARCH-t,0.01,58,0.017241379310344827,0.6152964566692893,1.0,2.855224391911233
117,GARCH-Normal,0.01,58,0.06896551724137931,0.0029859389941127024,1.0,2.3913052417081033
117,XGBoost-Q,0.01,58,0.1206896551724138,1.8211148008484557e-06,0.8600837305914304,2.1494164502921307
117,Historical-VaR,0.01,58,0.05172413793103448,0.02360405908935692,1.0,2.426160808376429
117,GARCH-t,0.05,250,0.044,0.6570559130430669,0.07829206140871703,1.958544522188293
117,GARCH-Normal,0.05,250,0.06,0.4812385279526591,0.28020572726503534,1.901075187473013
117,XGBoost-Q,0.05,250,0.108,0.00023987731413255275,0.17884300875845016,1.6220584955683433
117,Historical-VaR,0.05,250,0.076,0.07874901240828369,0.21215902495759276,1.8185854336193252
117,GARCH-t,0.01,250,0.012,0.7579883213733308,1.0,2.6396145638480304
117,GARCH-Normal,0.01,250,0.02,0.1618549171960365,1.0,2.236617824834071
117,XGBoost-Q,0.01,250,0.036,0.0013824730075047142,1.0,2.236574439157648
117,Historical-VaR,0.01,250,0.036,0.0013824730075047142,0.3157401924103128,2.1325349414301393
118,GARCH-t,0.05,58,0.0,0.014717101200455551,1.0,
118,GARCH-Normal,0.05,58,0.017241379310344827,0.18772840378073352,1.0,1.686171365752268
118,XGBoost-Q,0.05,58,0.05172413793103448,0.9522160163149069,1.0,1.4120711606314613
118,Historical-VaR,0.05,58,0.017241379310344827,0.18772840378073352,1.0,1.686171365752268
118,GARCH-t,0.01,58,0.0,0.2802578748911524,1.0,
118,GARCH-Normal,0.01,58,0.0,0.2802578748911524,1.0,
118,XGBoost-Q,0.01,58,0.0,0.2802578748911524,1.0,
118,Historical-VaR,0.01,58,0.0,0.2802578748911524,1.0,
118,GARCH-t,0.05,250,0.024,0.036605690145713465,1.0,2.5361735761365707
118,GARCH-Normal,0.05,250,0.044,0.6570559130430669,1.0,2.1872650888916043
118,XGBoost-Q,0.05,250,0.052,0.8853472694426691,0.6984184728469447,2.0797395340333074
118,Historical-VaR,0.05,250,0.052,0.8853472694426691,0.6984184728469447,2.0619719524108304
118,GARCH-t,0.01,250,0.008,0.7419327009525927,1.0,3.8582484002196953
118,GARCH-Normal,0.01,250,0.012,0.7579883213733308,1.0,3.260081997508697
118,XGBoost-Q,0.01,250,0.008,0.7419327009525927,1.0,3.8582484002196953
118,Historical-VaR,0.01,250,0.008,0.7419327009525927,1.0,3.8582484002196953
119,GARCH-t,0.05,58,0.017241379310344827,0.18772840378073352,1.0,2.391444873195323
119,GARCH-Normal,0.05,58,0.034482758620689655,0.566622286684572,1.0,2.1232174161410415
119,XGBoost-Q,0.05,58,0.034482758620689655,0.566622286684572,1.0,2.1232174161410415
119,Historical-VaR,0.05,58,0.034482758620689655,0.566622286684572,1.0,2.1232174161410415
119,GARCH-t,0.01,58,0.0,0.2802578748911524,1.0,
119,GARCH-Normal,0.01,58,0.017241379310344827,0.6152964566692893,1.0,2.391444873195323
119,XGBoost-Q,0.01,58,0.0,0.2802578748911524,1.0,
119,Historical-VaR,0.01,58,0.0,0.2802578748911524,1.0,
119,GARCH-t,0.05,250,0.016,0.004223420509394504,1.0,3.3174332687990002
119,GARCH-Normal,0.05,250,0.024,0.036605690145713465,1.0,3.008991959052732
119,XGBoost-Q,0.05,250,0.076,0.07874901240828369,0.6706071336824497,2.271096369996591
119,Historical-VaR,0.05,250,0.06,0.4812385279526591,0.9144032996435878,2.505505868917026
119,GARCH-t,0.01,250,0.0,0.024981503053449705,1.0,
119,GARCH-Normal,0.01,250,0.0,0.024981503053449705,1.0,
119,XGBoost-Q,0.01,250,0.044,6.711051864838335e-05,0.4940636998432081,2.5372371589556866
119,Historical-VaR,0.01,250,0.008,0.7419327009525927,1.0,3.6408097187617736
120,GARCH-t,0.05,58,0.034482758620689655,0.566622286684572,1.0,1.747838144848008
120,GARCH-Normal,0.05,58,0.034482758620689655,0.566622286684572,1.0,1.747838144848008
120,XGBoost-Q,0.05,58,0.017241379310344827,0.18772840378073352,1.0,2.3504078936683763
120,Historical-VaR,0.05,58,0.017241379310344827,0.18772840378073352,1.0,2.3504078936683763
120,GARCH-t,0.01,58,0.017241379310344827,0.6152964566692893,1.0,2.3504078936683763
120,GARCH-Normal,0.01,58,0.017241379310344827,0.6152964566692893,1.0,2.3504078936683763
120,XGBoost-Q,0.01,58,0.0,0.2802578748911524,1.0,
120,Historical-VaR,0.01,58,0.017241379310344827,0.6152964566692893,1.0,2.3504078936683763
120,GARCH-t,0.05,250,0.0,4.1000723660644667e-07,1.0,
120,GARCH-Normal,0.05,250,0.02,0.01373817726098514,1.0,2.4365272622058933
120,XGBoost-Q,0.05,250,0.028,0.08280655204389309,1.0,2.356375781648183
120,Historical-VaR,0.05,250,0.04,0.45291244993520263,1.0,2.103108877510638
120,GARCH-t,0.01,250,0.0,0.024981503053449705,1.0,
120,GARCH-Normal,0.01,250,0.004,0.2780714900139599,1.0,2.914250363374819
120,XGBoost-Q,0.01,250,0.004,0.2780714900139599,1.0,2.914250363374819
120,Historical-VaR,0.01,250,0.016,0.380483738238954,1.0,2.446143021767167
121,GARCH-t,0.05,58,0.0,0.014717101200455551,1.0,
121,GARCH-Normal,0.05,58,0.0,0.014717101200455551,1.0,
121,XGBoost-Q,0.05,58,0.0,0.014717101200455551,1.0,
121,Historical-VaR,0.05,58,0.0,0.014717101200455551,1.0,
121,GARCH-t,0.01,58,0.0,0.2802578748911524,1.0,
121,GARCH-Normal,0.01,58,0.0,0.2802578748911524,1.0,
121,XGBoost-Q,0.01,58,0.0,0.2802578748911524,1.0,
121,Historical-VaR,0.01,58,0.0,0.2802578748911524,1.0,
121,GARCH-t,0.05,250,0.056,0.6690657551458938,1.0,2.4092276776319985
121,GARCH-Normal,0.05,250,0.064,0.3293742025406984,1.0,2.31674931091988
121,XGBoost-Q,0.05,250,0.128,1.7909088273482254e-06,0.04897527888211939,1.9180773681292163
121,Historical-VaR,0.05,250,0.04,0.45291244993520263,1.0,2.9007778326066185
121,GARCH-t,0.01,250,0.016,0.380483738238954,1.0,3.2892648555862993
121,GARCH-Normal,0.01,250,0.036,0.0013824730075047142,1.0,2.798797156345968
121,XGBoost-Q,0.01,250,0.016,0.380483738238954,1.0,3.703426239437692
121,Historical-VaR,0.01,250,0.004,0.2780714900139599,1.0,5.5753041148086835
122,GARCH-t,0.05,58,0.0,0.014717101200455551,1.0,
122,GARCH-Normal,0.05,58,0.0,0.014717101200455551,1.0,
122,XGBoost-Q,0.05,58,0.05172413793103448,0.9522160163149069,1.0,1.2266009135679676
122,Historical-VaR,0.05,58,0.034482758620689655,0.566622286684572,1.0,1.371188333292686
122,GARCH-t,0.01,58,0.0,0.2802578748911524,1.0,
122,GARCH-Normal,0.01,58,0.0,0.2802578748911524,1.0,
122,XGBoost-Q,0.01,58,0.017241379310344827,0.6152964566692893,1.0,1.5483774427603507
122,Historical-VaR,0.01,58,0.0,0.2802578748911524,1.0,
122,GARCH-t,0.05,250,0.024,0.036605690145713465,1.0,2.525742396462864
122,GARCH-Normal,0.05,250,0.028,0.08280655204389309,1.0,2.3861188316482194
122,XGBoost-Q,0.05,250,0.036,0.28602152157354077,0.3157401924103128,2.2494597306088604
122,Historical-VaR,0.05,250,0.04,0.45291244993520263,0.4008693134710468,2.1387491513295807
122,GARCH-t,0.01,250,0.02,0.1618549171960365,1.0,2.7191684269294285
122,GARCH-Normal,0.01,250,0.02,0.1618549171960365,1.0,2.7191684269294285
122,XGBoost-Q,0.01,250,0.012,0.7579883213733308,1.0,2.908553291770977
122,Historical-VaR,0.01,250,0.016,0.380483738238954,1.0,2.735758584779092
123,GARCH-t,0.05,58,0.06896551724137931,0.5297992033445762,1.0,2.928184925128552
123,GARCH-Normal,0.05,58,0.08620689655172414,0.24909991485866112,1.0,2.9220411065455343
123,XGBoost-Q,0.05,58,0.08620689655172414,0.24909991485866112,1.0,2.9220411065455343
123,Historical-VaR,0.05,58,0.08620689655172414,0.24909991485866112,1.0,2.9220411065455343
123,GARCH-t,0.01,58,0.0,0.2802578748911524,1.0,
123,GARCH-Normal,0.01,58,0.05172413793103448,0.02360405908935692,1.0,2.7765878718290335
123,XGBoost-Q,0.01,58,0.05172413793103448,0.02360405908935692,1.0,3.1422581423996365
123,Historical-VaR,0.01,58,0.0,0.2802578748911524,1.0,
123,GARCH-t,0.05,250,0.06,0.4812385279526591,1.0,2.655667403282156
123,GARCH-Normal,0.05,250,0.064,0.3293742025406984,1.0,2.5949665360279877
123,XGBoost-Q,0.05,250,0.08,0.044446449306055236,0.743075719977325,2.539679156666648
123,Historical-VaR,0.05,250,0.056,0.6690657551458938,1.0,2.901375697342508
123,GARCH-t,0.01,250,0.024,0.059353618972289524,1.0,3.136430511678602
123,GARCH-Normal,0.01,250,0.032,0.005420405194127675,1.0,2.9085607148900063
123,XGBoost-Q,0.01,250,0.024,0.059353618972289524,1.0,3.6019507325656352
123,Historical-VaR,0.01,250,0.016,0.380483738238954,1.0,3.7705989501020913
124,GARCH-t,0.05,58,0.017241379310344827,0.18772840378073352,1.0,1.9469220446694329
124,GARCH-Normal,0.05,58,0.017241379310344827,0.18772840378073352,1.0,1.9469220446694329
124,XGBoost-Q,0.05,58,0.06896551724137931,0.5297992033445762,1.0,1.507199669720557
124,Historical-VaR,0.05,58,0.06896551724137931,0.5297992033445762,1.0,1.507199669720557
124,GARCH-t,0.01,58,0.0,0.2802578748911524,1.0,
124,GARCH-Normal,0.01,58,0.0,0.2802578748911524,1.0,
124,XGBoost-Q,0.01,58,0.0,0.2802578748911524,1.0,
124,Historical-VaR,0.01,58,0.0,0.2802578748911524,1.0,
124,GARCH-t,0.05,250,0.004,1.7020689304647618e-05,1.0,3.0201215218346933
124,GARCH-Normal,0.05,250,0.02,0.01373817726098514,0.07573778314272639,2.333448036748774
124,XGBoost-Q,0.05,250,0.08,0.044446449306055236,0.6249747108906767,1.5354205346220642
124,Historical-VaR,0.05,250,0.056,0.6690657551458938,0.7509634036625856,1.7467178977412068
124,GARCH-t,0.01,250,0.0,0.024981503053449705,1.0,
124,GARCH-Normal,0.01,250,0.004,0.2780714900139599,1.0,3.0201215218346933
124,XGBoost-Q,0.01,250,0.032,0.005420405194127675,0.23991931651644083,2.072080638529468
124,Historical-VaR,0.01,250,0.016,0.380483738238954,1.0,2.339777076075929
125,GARCH-t,0.05,58,0.017241379310344827,0.18772840378073352,1.0,2.5291433636461047
125,GARCH-Normal,0.05,58,0.034482758620689655,0.566622286684572,1.0,1.808839697177397
125,XGBoost-Q,0.05,58,0.20689655172413793,2.9066138041433653e-05,0.7862495886635806,1.1604648563556024
125,Historical-VaR,0.05,58,0.08620689655172414,0.24909991485866112,0.3114465647649164,1.484643758718141
125,GARCH-t,0.01,58,0.017241379310344827,0.6152964566692893,1.0,2.5291433636461047
125,GARCH-Normal,0.01,58,0.017241379310344827,0.6152964566692893,1.0,2.5291433636461047
125,XGBoost-Q,0.01,58,0.05172413793103448,0.02360405908935692,1.0,1.73973480614284
125,Historical-VaR,0.01,58,0.017241379310344827,0.6152964566692893,1.0,2.5291433636461047
125,GARCH-t,0.05,250,0.024,0.036605690145713465,0.11954364333624434,2.7177950446040184
125,GARCH-Normal,0.05,250,0.032,0.16322015045707905,0.23991931651644083,2.5414264545569036
125,XGBoost-Q,0.05,250,0.128,1.7909088273482254e-06,0.04314585728826603,1.553743993877085
125,Historical-VaR,0.05,250,0.064,0.3293742025406984,0.012545572813151384,1.929200179486028
125,GARCH-t,0.01,250,0.0,0.024981503053449705,1.0,
125,GARCH-Normal,0.01,250,0.024,0.059353618972289524,0.11954364333624434,2.7177950446040184
125,XGBoost-Q,0.01,250,0.036,0.0013824730075047142,0.03159694051952322,2.4520522889852066
125,Historical-VaR,0.01,250,0.02,0.1618549171960365,0.07573778314272639,2.759250464124749
126,GARCH-t,0.05,58,0.017241379310344827,0.18772840378073352,1.0,3.850091775881405
126,GARCH-Normal,0.05,58,0.034482758620689655,0.566622286684572,1.0,3.2124146940305778
126,XGBoost-Q,0.05,58,0.13793103448275862,0.01064869216888753,0.2788854419239529,1.915363266223534
126,Historical-VaR,0.05,58,0.05172413793103448,0.9522160163149069,0.10826140068536261,2.8090915628961013
126,GARCH-t,0.01,58,0.017241379310344827,0.6152964566692893,1.0,3.850091775881405
126,GARCH-Normal,0.01,58,0.017241379310344827,0.6152964566692893,1.0,3.850091775881405
126,XGBoost-Q,0.01,58,0.08620689655172414,0.0003031273422592351,0.3114465647649164,2.304250449987713
126,Historical-VaR,0.01,58,0.05172413793103448,0.02360405908935692,0.10826140068536261,2.8090915628961013
126,GARCH-t,0.05,250,0.044,0.6570559130430669,1.0,2.0573086078838565
126,GARCH-Normal,0.05,250,0.044,0.6570559130430669,1.0,2.0573086078838565
126,XGBoost-Q,0.05,250,0.08,0.044446449306055236,0.27599304392509605,1.8858974606650876
126,Historical-VaR,0.05,250,0.064,0.3293742025406984,0.08106294284440829,1.9907111945636908
126,GARCH-t,0.01,250,0.024,0.059353618972289524,1.0,2.44831927262764
126,GARCH-Normal,0.01,250,0.024,0.059353618972289524,1.0,2.44831927262764
126,XGBoost-Q,0.01,250,0.012,0.7579883213733308,1.0,2.69078129621834
126,Historical-VaR,0.01,250,0.02,0.1618549171960365,0.07573778314272639,2.5783116301522204
127,GARCH-t,0.05,58,0.0,0.014717101200455551,1.0,
127,GARCH-Normal,0.05,58,0.05172413793103448,0.9522160163149069,1.0,1.9934199536896973
127,XGBoost-Q,0.05,58,0.08620689655172414,0.24909991485866112,0.41026037736228527,1.6516055070268802
127,Historical-VaR,0.05,58,0.06896551724137931,0.5297992033445762,1.0,1.8722880069338728
127,GARCH-t,0.01,58,0.0,0.2802578748911524,1.0,
127,GARCH-Normal,0.01,58,0.0,0.2802578748911524,1.0,
127,XGBoost-Q,0.01,58,0.017241379310344827,0.6152964566692893,1.0,2.35663023411158
127,Historical-VaR,0.01,58,0.017241379310344827,0.6152964566692893,1.0,2.35663023411158
127,GARCH-t,0.05,250,0.064,0.3293742025406984,0.9728396985992332,1.9244015876142
127,GARCH-Normal,0.05,250,0.096,0.002886808755840242,0.8155918117672312,1.7476169176134106
127,XGBoost-Q,0.05,250,0.172,2.1449508835758024e-12,0.8476063092453409,1.3938328180440092
127,Historical-VaR,0.05,250,0.072,0.1331391348605262,0.7675549258303029,1.886079385197733
127,GARCH-t,0.01,250,0.004,0.2780714900139599,1.0,4.888618187402337
127,GARCH-Normal,0.01,250,0.036,0.0013824730075047142,1.0,2.25538218755212
127,XGBoost-Q,0.01,250,0.028,0.01904923089052679,1.0,2.4154883404796346
127,Historical-VaR,0.01,250,0.016,0.380483738238954,1.0,2.8420081731706883
128,GARCH-t,0.05,58,0.034482758620689655,0.566622286684572,1.0,6.823981694797524
128,GARCH-Normal,0.05,58,0.08620689655172414,0.24909991485866112,0.41026037736228527,4.319860672449119
128,XGBoost-Q,0.05,58,0.15517241379310345,0.002872135801635811,0.5768498189407187,3.457276821940157
128,Historical-VaR,0.05,58,0.1206896551724138,0.03490665780790292,0.2085985388689996,3.9501446518437393
128,GARCH-t,0.01,58,0.0,0.2802578748911524,1.0,
128,GARCH-Normal,0.01,58,0.05172413793103448,0.02360405908935692,0.10826140068536261,5.930190617159323
128,XGBoost-Q,0.01,58,0.06896551724137931,0.0029859389941127024,0.23469323729108316,5.229426993170133
128,Historical-VaR,0.01,58,0.05172413793103448,0.02360405908935692,0.10826140068536261,5.930190617159323
128,GARCH-t,0.05,250,0.08,0.044446449306055236,0.743075719977325,3.0580317428731263
128,GARCH-Normal,0.05,250,0.1,0.0013109034724475555,0.712115789610855,2.7590921861522695
128,XGBoost-Q,0.05,250,0.188,6.439293542825908e-15,0.2086391292230504,2.138172121401131
128,Historical-VaR,0.05,250,0.092,0.006100334771630078,0.528083108357758,2.9525251700689923
128,GARCH-t,0.01,250,0.044,6.711051864838335e-05,0.4940636998432081,3.915164541145843
128,GARCH-Normal,0.01,250,0.056,3.825770412690943e-07,0.8060054340398742,3.5743773946783244
128,XGBoost-Q,0.01,250,0.116,0.0,0.002382009598185242,2.639514085038047
128,Historical-VaR,0.01,250,0.036,0.0013824730075047142,0.3157401924103128,4.174138276792368
129,GARCH-t,0.05,58,0.034482758620689655,0.566622286684572,1.0,6.52054861726903
129,GARCH-Normal,0.05,58,0.06896551724137931,0.5297992033445762,1.0,4.5694975219652685
129,XGBoost-Q,0.05,58,0.08620689655172414,0.24909991485866112,1.0,4.138420821324172
129,Historical-VaR,0.05,58,0.08620689655172414,0.24909991485866112,1.0,4.138420821324172
129,GARCH-t,0.01,58,0.017241379310344827,0.6152964566692893,1.0,9.324122622859136
129,GARCH-Normal,0.01,58,0.034482758620689655,0.14285740777902822,1.0,6.52054861726903
129,XGBoost-Q,0.01,58,0.08620689655172414,0.0003031273422592351,1.0,4.138420821324172
129,Historical-VaR,0.01,58,0.034482758620689655,0.14285740777902822,1.0,6.52054861726903
129,GARCH-t,0.05,250,0.052,0.8853472694426691,1.0,2.675441217550509
129,GARCH-Normal,0.05,250,0.068,0.21457514830975966,1.0,2.371851383521088
129,XGBoost-Q,0.05,250,0.144,1.9268683204565207e-08,0.9135285891485054,1.8733679629796336
129,Historical-VaR,0.05,250,0.084,0.023963870334161808,1.0,2.455268979175546
129,GARCH-t,0.01,250,0.016,0.380483738238954,1.0,4.423932082136723
129,GARCH-Normal,0.01,250,0.036,0.0013824730075047142,1.0,3.170475284823928
129,XGBoost-Q,0.01,250,0.08,2.0398127631438e-12,1.0,2.5208920542381534
129,Historical-VaR,0.01,250,0.04,0.0003189845082133269,1.0,3.171522672261527
130,GARCH-t,0.05,58,0.0,0.014717101200455551,1.0,
130,GARCH-Normal,0.05,58,0.034482758620689655,0.566622286684572,1.0,1.6448560692859673
130,XGBoost-Q,0.05,58,0.15517241379310345,0.002872135801635811,1.0,1.0889973718393788
130,Historical-VaR,0.05,58,0.05172413793103448,0.9522160163149069,1.0,1.5022904489334883
130,GARCH-t,0.01,58,0.0,0.2802578748911524,1.0,
130,GARCH-Normal,0.01,58,0.017241379310344827,0.6152964566692893,1.0,1.9712015952073016
130,XGBoost-Q,0.01,58,0.0,0.2802578748911524,1.0,
130,Historical-VaR,0.01,58,0.0,0.2802578748911524,1.0,
130,GARCH-t,0.05,250,0.028,0.08280655204389309,0.17433170965123956,2.2164320920085325
130,GARCH-Normal,0.05,250,0.028,0.08280655204389309,0.17433170965123956,2.2164320920085325
130,XGBoost-Q,0.05,250,0.048,0.8838996943305626,0.11395391525605225,1.8383147955496344
130,Historical-VaR,0.05,250,0.044,0.6570559130430669,0.4940636998432081,1.8478672172785173
130,GARCH-t,0.01,250,0.004,0.2780714900139599,1.0,2.909788098124016
130,GARCH-Normal,0.01,250,0.016,0.380483738238954,0.04270457626805502,2.4371156011295656
130,XGBoost-Q,0.01,250,0.032,0.005420405194127675,0.018111733034069988,2.0486391931478565
130,Historical-VaR,0.01,250,0.016,0.380483738238954,0.04270457626805502,2.4371156011295656
131,GARCH-t,0.05,58,0.0,0.014717101200455551,1.0,
131,GARCH-Normal,0.05,58,0.034482758620689655,0.566622286684572,1.0,1.9415103285161166
131,XGBoost-Q,0.05,58,0.034482758620689655,0.566622286684572,1.0,1.9415103285161166
131,Historical-VaR,0.05,58,0.017241379310344827,0.18772840378073352,1.0,2.2228623288626945
131,GARCH-t,0.01,58,0.0,0.2802578748911524,1.0,
131,GARCH-Normal,0.01,58,0.0,0.2802578748911524,1.0,
131,XGBoost-Q,0.01,58,0.0,0.2802578748911524,1.0,
131,Historical-VaR,0.01,58,0.0,0.2802578748911524,1.0,
131,GARCH-t,0.05,250,0.056,0.6690657551458938,1.0,2.356345677699903
131,GARCH-Normal,0.05,250,0.08,0.044446449306055236,0.5798486356307124,2.2290018688383872
131,XGBoost-Q,0.05,250,0.14,6.278020348027269e-08,0.9050033711796539,1.8836731017335813
131,Historical-VaR,0.05,250,0.052,0.8853472694426691,0.6445664255002079,2.677649104614219
131,GARCH-t,0.01,250,0.02,0.1618549171960365,1.0,3.2054504259328924
131,GARCH-Normal,0.01,250,0.04,0.0003189845082133269,1.0,2.6321706098853013
131,XGBoost-Q,0.01,250,0.088,2.2870594307278225e-14,0.4575020749559401,2.3105438770921305
131,Historical-VaR,0.01,250,0.016,0.380483738238954,1.0,3.5236040572759046
132,GARCH-t,0.05,58,0.13793103448275862,0.01064869216888753,1.0,0.9347438171844603
132,GARCH-Normal,0.05,58,0.13793103448275862,0.01064869216888753,1.0,0.9347438171844603
132,XGBoost-Q,0.05,58,0.1724137931034483,0.0006905869430211542,0.20469227249536293,0.8948509039139945
132,Historical-VaR,0.05,58,0.06896551724137931,0.5297992033445762,1.0,1.0409322062161734
132,GARCH-t,0.01,58,0.034482758620689655,0.14285740777902822,1.0,1.0901662923737503
132,GARCH-Normal,0.01,58,0.034482758620689655,0.14285740777902822,1.0,1.0901662923737503
132,XGBoost-Q,0.01,58,0.034482758620689655,0.14285740777902822,1.0,0.8518847862185197
132,Historical-VaR,0.01,58,0.017241379310344827,0.6152964566692893,1.0,1.2150144274286894
132,GARCH-t,0.05,250,0.0,4.1000723660644667e-07,1.0,
132,GARCH-Normal,0.05,250,0.008,0.00017085611685885294,1.0,1.5509359404993313
132,XGBoost-Q,0.05,250,0.088,0.012356545939324781,0.907205334738082,1.5132046548397524
132,Historical-VaR,0.05,250,0.056,0.6690657551458938,0.1849809144317286,1.6877104668531657
132,GARCH-t,0.01,250,0.0,0.024981503053449705,1.0,
132,GARCH-Normal,0.01,250,0.0,0.024981503053449705,1.0,
132,XGBoost-Q,0.01,250,0.012,0.7579883213733308,1.0,2.492895777764847
132,Historical-VaR,0.01,250,0.008,0.7419327009525927,1.0,2.244797905653913
133,GARCH-t,0.05,58,0.08620689655172414,0.24909991485866112,1.0,1.5917458830461282
133,GARCH-Normal,0.05,58,0.08620689655172414,0.24909991485866112,1.0,1.5917458830461282
133,XGBoost-Q,0.05,58,0.1206896551724138,0.03490665780790292,0.8600837305914304,1.478270617218588
133,Historical-VaR,0.05,58,0.06896551724137931,0.5297992033445762,1.0,1.7033872040007787
133,GARCH-t,0.01,58,0.017241379310344827,0.6152964566692893,1.0,2.7043769559540407
133,GARCH-Normal,0.01,58,0.017241379310344827,0.6152964566692893,1.0,2.7043769559540407
133,XGBoost-Q,0.01,58,0.017241379310344827,0.6152964566692893,1.0,2.7043769559540407
133,Historical-VaR,0.01,58,0.017241379310344827,0.6152964566692893,1.0,2.7043769559540407
133,GARCH-t,0.05,250,0.028,0.08280655204389309,0.17433170965123956,1.9164651792112721
133,GARCH-Normal,0.05,250,0.036,0.28602152157354077,0.03159694051952322,1.8508838193875192
133,XGBoost-Q,0.05,250,0.052,0.8853472694426691,0.1591447787109309,1.6878750158651796
133,Historical-VaR,0.05,250,0.052,0.8853472694426691,0.1591447787109309,1.699718539144409
133,GARCH-t,0.01,250,0.004,0.2780714900139599,1.0,2.7043769559540407
133,GARCH-Normal,0.01,250,0.004,0.2780714900139599,1.0,2.7043769559540407
133,XGBoost-Q,0.01,250,0.024,0.059353618972289524,1.0,1.611298873597584
133,Historical-VaR,0.01,250,0.02,0.1618549171960365,0.07573778314272639,1.9925174659548486
134,GARCH-t,0.05,58,0.05172413793103448,0.9522160163149069,1.0,1.779436510737168
134,GARCH-Normal,0.05,58,0.05172413793103448,0.9522160163149069,1.0,1.779436510737168
134,XGBoost-Q,0.05,58,0.06896551724137931,0.5297992033445762,1.0,1.68686361607734
134,Historical-VaR,0.05,58,0.05172413793103448,0.9522160163149069,1.0,1.779436510737168
134,GARCH-t,0.01,58,0.0,0.2802578748911524,1.0,
134,GARCH-Normal,0.01,58,0.0,0.2802578748911524,1.0,
134,XGBoost-Q,0.01,58,0.017241379310344827,0.6152964566692893,1.0,2.1000676790706154
134,Historical-VaR,0.01,58,0.0,0.2802578748911524,1.0,
134,GARCH-t,0.05,250,0.04,0.45291244993520263,1.0,1.9267222202118888
134,GARCH-Normal,0.05,250,0.072,0.1331391348605262,0.53560756834656,1.876219439011608
134,XGBoost-Q,0.05,250,0.104,0.0005718444785519639,0.046205936134994574,1.84274482114881
134,Historical-VaR,0.05,250,0.084,0.023963870334161808,0.000516121331250452,1.9562645168430433
134,GARCH-t,0.01,250,0.0,0.024981503053449705,1.0,
134,GARCH-Normal,0.01,250,0.024,0.059353618972289524,1.0,2.1595819126306384
134,XGBoost-Q,0.01,250,0.044,6.711051864838335e-05,0.007157793794833278,2.0395694628957393
134,Historical-VaR,0.01,250,0.016,0.380483738238954,1.0,2.3847753731445773
135,GARCH-t,0.05,58,0.08620689655172414,0.24909991485866112,1.0,1.6142819276449547
135,GARCH-Normal,0.05,58,0.10344827586206896,0.1001997614778738,1.0,1.5571995302557065
135,XGBoost-Q,0.05,58,0.1896551724137931,0.00014907452301948787,1.0,1.3553562791363165
135,Historical-VaR,0.05,58,0.10344827586206896,0.1001997614778738,1.0,1.581317437200122
135,GARCH-t,0.01,58,0.0,0.2802578748911524,1.0,
135,GARCH-Normal,0.01,58,0.034482758620689655,0.14285740777902822,1.0,1.8628347169380417
135,XGBoost-Q,0.01,58,0.034482758620689655,0.14285740777902822,1.0,1.8628347169380417
135,Historical-VaR,0.01,58,0.0,0.2802578748911524,1.0,
135,GARCH-t,0.05,250,0.012,0.001008261016782086,1.0,3.2687217319744555
135,GARCH-Normal,0.05,250,0.024,0.036605690145713465,1.0,2.7014744935016473
135,XGBoost-Q,0.05,250,0.02,0.01373817726098514,1.0,2.9193762124763554
135,Historical-VaR,0.05,250,0.04,0.45291244993520263,1.0,2.0760524457623157
135,GARCH-t,0.01,250,0.004,0.2780714900139599,1.0,5.695324627083621
135,GARCH-Normal,0.01,250,0.004,0.2780714900139599,1.0,5.695324627083621
135,XGBoost-Q,0.01,250,0.004,0.2780714900139599,1.0,5.695324627083621
135,Historical-VaR,0.01,250,0.008,0.7419327009525927,1.0,3.897180725056757
136,GARCH-t,0.05,58,0.0,0.014717101200455551,1.0,
136,GARCH-Normal,0.05,58,0.0,0.014717101200455551,1.0,
136,XGBoost-Q,0.05,58,0.017241379310344827,0.18772840378073352,1.0,1.2384535522823323
136,Historical-VaR,0.05,58,0.0,0.014717101200455551,1.0,
136,GARCH-t,0.01,58,0.0,0.2802578748911524,1.0,
136,GARCH-Normal,0.01,58,0.0,0.2802578748911524,1.0,
136,XGBoost-Q,0.01,58,0.0,0.2802578748911524,1.0,
136,Historical-VaR,0.01,58,0.0,0.2802578748911524,1.0,
136,GARCH-t,0.05,250,0.06,0.4812385279526591,1.0,1.9074992683283143
136,GARCH-Normal,0.05,250,0.064,0.3293742025406984,1.0,1.8503574825690774
136,XGBoost-Q,0.05,250,0.072,0.1331391348605262,0.53560756834656,2.413950430915665
136,Historical-VaR,0.05,250,0.04,0.45291244993520263,0.051226555951393915,3.040563492076514
136,GARCH-t,0.01,250,0.016,0.380483738238954,1.0,2.248085391866044
136,GARCH-Normal,0.01,250,0.02,0.1618549171960365,1.0,2.1606627124960442
136,XGBoost-Q,0.01,250,0.024,0.059353618972289524,1.0,3.8049920677279854
136,Historical-VaR,0.01,250,0.016,0.380483738238954,1.0,4.443326052737835
137,GARCH-t,0.05,58,0.06896551724137931,0.5297992033445762,1.0,1.901742152432746
137,GARCH-Normal,0.05,58,0.08620689655172414,0.24909991485866112,1.0,1.7492861093343002
137,XGBoost-Q,0.05,58,0.1896551724137931,0.00014907452301948787,0.3649053856958032,1.3823010653813417
137,Historical-VaR,0.05,58,0.08620689655172414,0.24909991485866112,1.0,1.7829351118068069
137,GARCH-t,0.01,58,0.0,0.2802578748911524,1.0,
137,GARCH-Normal,0.01,58,0.034482758620689655,0.14285740777902822,1.0,2.137805988679684
137,XGBoost-Q,0.01,58,0.06896551724137931,0.0029859389941127024,1.0,1.901742152432746
137,Historical-VaR,0.01,58,0.05172413793103448,0.02360405908935692,1.0,2.004421524309469
137,GARCH-t,0.05,250,0.016,0.004223420509394504,1.0,2.8063684726717595
137,GARCH-Normal,0.05,250,0.032,0.16322015045707905,1.0,2.3257239315100398
137,XGBoost-Q,0.05,250,0.052,0.8853472694426691,1.0,1.9777963651270238
137,Historical-VaR,0.05,250,0.072,0.1331391348605262,0.8187029361166118,1.7453698652548164
137,GARCH-t,0.01,250,0.004,0.2780714900139599,1.0,3.824598642044903
137,GARCH-Normal,0.01,250,0.012,0.7579883213733308,1.0,3.0336362124564267
137,XGBoost-Q,0.01,250,0.012,0.7579883213733308,1.0,2.9470436888447
137,Historical-VaR,0.01,250,0.02,0.1618549171960365,1.0,2.592625297251215
138,GARCH-t,0.05,58,0.08620689655172414,0.24909991485866112,1.0,1.359594641097098
138,GARCH-Normal,0.05,58,0.1206896551724138,0.03490665780790292,0.14632010845393262,1.1971381350366743
138,XGBoost-Q,0.05,58,0.034482758620689655,0.566622286684572,1.0,1.668109863024249
138,Historical-VaR,0.05,58,0.017241379310344827,0.18772840378073352,1.0,1.988079119764204
138,GARCH-t,0.01,58,0.017241379310344827,0.6152964566692893,1.0,1.988079119764204
138,GARCH-Normal,0.01,58,0.05172413793103448,0.02360405908935692,1.0,1.5117938983620016
138,XGBoost-Q,0.01,58,0.0,0.2802578748911524,1.0,
138,Historical-VaR,0.01,58,0.017241379310344827,0.6152964566692893,1.0,1.988079119764204
138,GARCH-t,0.05,250,0.048,0.8838996943305626,0.5938165372595774,2.1958298659882955
138,GARCH-Normal,0.05,250,0.06,0.4812385279526591,0.9144032996435878,2.0416894265647145
138,XGBoost-Q,0.05,250,0.064,0.3293742025406984,0.3561236544492167,2.1112822303329097
138,Historical-VaR,0.05,250,0.04,0.45291244993520263,0.4008693134710468,2.3801024659044936
138,GARCH-t,0.01,250,0.004,0.2780714900139599,1.0,3.6001544429358323
138,GARCH-Normal,0.01,250,0.02,0.1618549171960365,1.0,2.4981753498431667
138,XGBoost-Q,0.01,250,0.016,0.380483738238954,1.0,2.8928110524884687
138,Historical-VaR,0.01,250,0.008,0.7419327009525927,1.0,2.7941167813500183
139,GARCH-t,0.05,58,0.034482758620689655,0.566622286684572,1.0,2.629280267618534
139,GARCH-Normal,0.05,58,0.034482758620689655,0.566622286684572,1.0,2.629280267618534
139,XGBoost-Q,0.05,58,0.08620689655172414,0.24909991485866112,0.3113630270442601,1.8926597025844145
139,Historical-VaR,0.05,58,0.08620689655172414,0.24909991485866112,0.3113630270442601,1.9068379141134428
139,GARCH-t,0.01,58,0.0,0.2802578748911524,1.0,
139,GARCH-Normal,0.01,58,0.017241379310344827,0.6152964566692893,1.0,2.756821219199681
139,XGBoost-Q,0.01,58,0.034482758620689655,0.14285740777902822,1.0,2.629280267618534
139,Historical-VaR,0.01,58,0.034482758620689655,0.14285740777902822,1.0,2.629280267618534
139,GARCH-t,0.05,250,0.008,0.00017085611685885294,1.0,2.071391563655942
139,GARCH-Normal,0.05,250,0.032,0.16322015045707905,1.0,2.070422998036069
139,XGBoost-Q,0.05,250,0.06,0.4812385279526591,0.8593151306357573,1.8835917974706258
139,Historical-VaR,0.05,250,0.056,0.6690657551458938,0.18497867308123517,1.9225080985527956
139,GARCH-t,0.01,250,0.0,0.024981503053449705,1.0,
139,GARCH-Normal,0.01,250,0.008,0.7419327009525927,1.0,2.071391563655942
139,XGBoost-Q,0.01,250,0.004,0.2780714900139599,1.0,2.4065247515966184
139,Historical-VaR,0.01,250,0.02,0.1618549171960365,1.0,2.36065729509422
140,GARCH-t,0.05,58,0.017241379310344827,0.18772840378073352,1.0,2.072681137282806
140,GARCH-Normal,0.05,58,0.017241379310344827,0.18772840378073352,1.0,2.072681137282806
140,XGBoost-Q,0.05,58,0.017241379310344827,0.18772840378073352,1.0,2.072681137282806
140,Historical-VaR,0.05,58,0.05172413793103448,0.9522160163149069,0.0018143977366620323,1.694770404309686
140,GARCH-t,0.01,58,0.0,0.2802578748911524,1.0,
140,GARCH-Normal,0.01,58,0.0,0.2802578748911524,1.0,
140,XGBoost-Q,0.01,58,0.0,0.2802578748911524,1.0,
140,Historical-VaR,0.01,58,0.017241379310344827,0.6152964566692893,1.0,2.072681137282806
140,GARCH-t,0.05,250,0.004,1.7020689304647618e-05,1.0,3.001804373180812
140,GARCH-Normal,0.05,250,0.012,0.001008261016782086,1.0,2.3995424023800402
140,XGBoost-Q,0.05,250,0.044,0.6570559130430669,0.0003950471639841968,1.8177719877480518
140,Historical-VaR,0.05,250,0.052,0.8853472694426691,0.001972534985365315,1.7893639780028403
140,GARCH-t,0.01,250,0.0,0.024981503053449705,1.0,
140,GARCH-Normal,0.01,250,0.004,0.2780714900139599,1.0,3.001804373180812
140,XGBoost-Q,0.01,250,0.0,0.024981503053449705,1.0,
140,Historical-VaR,0.01,250,0.02,0.1618549171960365,1.0,2.17181176822357
141,GARCH-t,0.05,58,0.1206896551724138,0.03490665780790292,0.2085985388689996,1.6255943559631585
141,GARCH-Normal,0.05,58,0.13793103448275862,0.01064869216888753,0.3681923829020052,1.5681704121821323
141,XGBoost-Q,0.05,58,0.1724137931034483,0.0006905869430211542,0.8181655207773267,1.4530543865458367
141,Historical-VaR,0.05,58,0.13793103448275862,0.01064869216888753,0.3681923829020052,1.5681704121821323
141,GARCH-t,0.01,58,0.05172413793103448,0.02360405908935692,1.0,2.122655477151523
141,GARCH-Normal,0.01,58,0.05172413793103448,0.02360405908935692,1.0,2.122655477151523
141,XGBoost-Q,0.01,58,0.05172413793103448,0.02360405908935692,1.0,2.122655477151523
141,Historical-VaR,0.01,58,0.034482758620689655,0.14285740777902822,1.0,2.2032323343220797
141,GARCH-t,0.05,250,0.024,0.036605690145713465,1.0,2.2955153949002263
141,GARCH-Normal,0.05,250,0.028,0.08280655204389309,1.0,2.168953905243377
141,XGBoost-Q,0.05,250,0.108,0.00023987731413255275,0.5237146631566241,1.4175508232049627
141,Historical-VaR,0.05,250,0.056,0.6690657551458938,0.21448320593086867,1.7145176955223609
141,GARCH-t,0.01,250,0.008,0.7419327009525927,1.0,2.5663540162983
141,GARCH-Normal,0.01,250,0.012,0.7579883213733308,1.0,2.4381773909506745
141,XGBoost-Q,0.01,250,0.024,0.059353618972289524,1.0,2.2955153949002263
141,Historical-VaR,0.01,250,0.016,0.380483738238954,1.0,2.4074416165838812
142,GARCH-t,0.05,58,0.017241379310344827,0.18772840378073352,1.0,5.309427056327525
142,GARCH-Normal,0.05,58,0.017241379310344827,0.18772840378073352,1.0,5.309427056327525
142,XGBoost-Q,0.05,58,0.034482758620689655,0.566622286684572,1.0,3.615465986166362
142,Historical-VaR,0.05,58,0.017241379310344827,0.18772840378073352,1.0,5.309427056327525
142,GARCH-t,0.01,58,0.017241379310344827,0.6152964566692893,1.0,5.309427056327525
142,GARCH-Normal,0.01,58,0.017241379310344827,0.6152964566692893,1.0,5.309427056327525
142,XGBoost-Q,0.01,58,0.034482758620689655,0.14285740777902822,1.0,3.3836700553704295
142,Historical-VaR,0.01,58,0.017241379310344827,0.6152964566692893,1.0,5.309427056327525
142,GARCH-t,0.05,250,0.076,0.07874901240828369,0.6706071336824497,2.471811797575604
142,GARCH-Normal,0.05,250,0.1,0.0013109034724475555,0.712115789610855,2.2323444806766775
142,XGBoost-Q,0.05,250,0.152,1.6549969172885426e-09,0.919051921674483,1.8765497343258073
142,Historical-VaR,0.05,250,0.08,0.044446449306055236,0.5798486356307124,2.3417453430481308
142,GARCH-t,0.01,250,0.02,0.1618549171960365,1.0,3.825878461578371
142,GARCH-Normal,0.01,250,0.048,1.2961433017655288e-05,1.0,2.89529289260477
142,XGBoost-Q,0.01,250,0.06,5.902967969984019e-08,0.28020572726503534,2.664528991600998
142,Historical-VaR,0.01,250,0.024,0.059353618972289524,1.0,3.56783997943235
143,GARCH-t,0.05,58,0.017241379310344827,0.18772840378073352,1.0,1.2967185467504183
143,GARCH-Normal,0.05,58,0.034482758620689655,0.566622286684572,1.0,1.2951300119321039
143,XGBoost-Q,0.05,58,0.017241379310344827,0.18772840378073352,1.0,1.2935414771137894
143,Historical-VaR,0.05,58,0.0,0.014717101200455551,1.0,
143,GARCH-t,0.01,58,0.0,0.2802578748911524,1.0,
143,GARCH-Normal,0.01,58,0.0,0.2802578748911524,1.0,
143,XGBoost-Q,0.01,58,0.0,0.2802578748911524,1.0,
143,Historical-VaR,0.01,58,0.0,0.2802578748911524,1.0,
143,GARCH-t,0.05,250,0.028,0.08280655204389309,1.0,2.6452545277936705
143,GARCH-Normal,0.05,250,0.056,0.6690657551458938,1.0,2.162801619082788
143,XGBoost-Q,0.05,250,0.1,0.0013109034724475555,0.7366391820032899,1.7655923804124454
143,Historical-VaR,0.05,250,0.048,0.8838996943305626,0.5938165372595774,2.336850466707333
143,GARCH-t,0.01,250,0.004,0.2780714900139599,1.0,2.0393489107077425
143,GARCH-Normal,0.01,250,0.024,0.059353618972289524,1.0,2.8175812457655653
143,XGBoost-Q,0.01,250,0.048,1.2961433017655288e-05,0.11395391525605225,2.3088671394658453
143,Historical-VaR,0.01,250,0.016,0.380483738238954,1.0,3.14793427724038
144,GARCH-t,0.05,58,0.017241379310344827,0.18772840378073352,1.0,1.798462986194287
144,GARCH-Normal,0.05,58,0.017241379310344827,0.18772840378073352,1.0,1.798462986194287
144,XGBoost-Q,0.05,58,0.0,0.014717101200455551,1.0,
144,Historical-VaR,0.05,58,0.017241379310344827,0.18772840378073352,1.0,1.798462986194287
144,GARCH-t,0.01,58,0.0,0.2802578748911524,1.0,
144,GARCH-Normal,0.01,58,0.0,0.2802578748911524,1.0,
144,XGBoost-Q,0.01,58,0.0,0.2802578748911524,1.0,
144,Historical-VaR,0.01,58,0.0,0.2802578748911524,1.0,
144,GARCH-t,0.05,250,0.06,0.4812385279526591,0.28020572726503534,2.3127108732942
144,GARCH-Normal,0.05,250,0.072,0.1331391348605262,0.53560756834656,2.1561006227296216
144,XGBoost-Q,0.05,250,0.108,0.00023987731413255275,0.5237146631566241,1.8384907352272266
144,Historical-VaR,0.05,250,0.064,0.3293742025406984,0.3561236544492167,2.2484890189510742
144,GARCH-t,0.01,250,0.024,0.059353618972289524,0.11954364333624434,3.2576034073758553
144,GARCH-Normal,0.01,250,0.032,0.005420405194127675,0.018111733034069988,2.927663265501623
144,XGBoost-Q,0.01,250,0.04,0.0003189845082133269,0.051226555951393915,2.7033937013654294
144,Historical-VaR,0.01,250,0.024,0.059353618972289524,1.0,2.8536744422841736
145,GARCH-t,0.05,58,0.034482758620689655,0.566622286684572,1.0,1.91052307483714
145,GARCH-Normal,0.05,58,0.06896551724137931,0.5297992033445762,0.15977380647240147,1.6379786558794374
145,XGBoost-Q,0.05,58,0.13793103448275862,0.01064869216888753,0.27880398935953843,1.459340304201107
145,Historical-VaR,0.05,58,0.08620689655172414,0.24909991485866112,0.3113630270442601,1.672584760750809
145,GARCH-t,0.01,58,0.0,0.2802578748911524,1.0,
145,GARCH-Normal,0.01,58,0.017241379310344827,0.6152964566692893,1.0,2.141815157502688
145,XGBoost-Q,0.01,58,0.05172413793103448,0.02360405908935692,1.0,1.8773517766368588
145,Historical-VaR,0.01,58,0.034482758620689655,0.14285740777902822,1.0,1.9764121688694924
145,GARCH-t,0.05,250,0.02,0.01373817726098514,1.0,2.042973460418987
145,GARCH-Normal,0.05,250,0.036,0.28602152157354077,1.0,1.7432929724451887
145,XGBoost-Q,0.05,250,0.08,0.044446449306055236,0.6249610401686689,1.4446977981431113
145,Historical-VaR,0.05,250,0.06,0.4812385279526591,0.8593151306357573,1.6078318281085195
145,GARCH-t,0.01,250,0.004,0.2780714900139599,1.0,2.433995473799993
145,GARCH-Normal,0.01,250,0.016,0.380483738238954,1.0,2.1832056606966344
145,XGBoost-Q,0.01,250,0.004,0.2780714900139599,1.0,2.433995473799993
145,Historical-VaR,0.01,250,0.016,0.380483738238954,1.0,2.1306555203566644
146,GARCH-t,0.05,58,0.0,0.014717101200455551,1.0,
146,GARCH-Normal,0.05,58,0.034482758620689655,0.566622286684572,1.0,2.3325214889892383
146,XGBoost-Q,0.05,58,0.1206896551724138,0.03490665780790292,1.0,1.8971504910430823
146,Historical-VaR,0.05,58,0.06896551724137931,0.5297992033445762,1.0,2.2274775973144374
146,GARCH-t,0.01,58,0.0,0.2802578748911524,1.0,
146,GARCH-Normal,0.01,58,0.0,0.2802578748911524,1.0,
146,XGBoost-Q,0.01,58,0.017241379310344827,0.6152964566692893,1.0,2.629320483274642
146,Historical-VaR,0.01,58,0.017241379310344827,0.6152964566692893,1.0,2.629320483274642
146,GARCH-t,0.05,250,0.008,0.00017085611685885294,1.0,3.181866418233815
146,GARCH-Normal,0.05,250,0.012,0.001008261016782086,1.0,3.2072966828995946
146,XGBoost-Q,0.05,250,0.1,0.0013109034724475555,0.3268317996107135,2.184881003431519
146,Historical-VaR,0.05,250,0.068,0.21457514830975966,0.8694886459542454,2.410718938966179
146,GARCH-t,0.01,250,0.0,0.024981503053449705,1.0,
146,GARCH-Normal,0.01,250,0.0,0.024981503053449705,1.0,
146,XGBoost-Q,0.01,250,0.008,0.7419327009525927,1.0,3.408609785012368
146,Historical-VaR,0.01,250,0.012,0.7579883213733308,1.0,3.148846684433126
147,GARCH-t,0.05,58,0.08620689655172414,0.24909991485866112,1.0,2.550129188460626
147,GARCH-Normal,0.05,58,0.10344827586206896,0.1001997614778738,1.0,2.370912729033648
147,XGBoost-Q,0.05,58,0.1896551724137931,0.00014907452301948787,0.9021283235792997,1.8072481587883211
147,Historical-VaR,0.05,58,0.10344827586206896,0.1001997614778738,1.0,2.370912729033648
147,GARCH-t,0.01,58,0.05172413793103448,0.02360405908935692,1.0,2.739073838205881
147,GARCH-Normal,0.01,58,0.08620689655172414,0.0003031273422592351,1.0,2.550129188460626
147,XGBoost-Q,0.01,58,0.08620689655172414,0.0003031273422592351,1.0,2.550129188460626
147,Historical-VaR,0.01,58,0.05172413793103448,0.02360405908935692,1.0,2.741754366151199
147,GARCH-t,0.05,250,0.032,0.16322015045707905,1.0,2.5349149907638377
147,GARCH-Normal,0.05,250,0.048,0.8838996943305626,1.0,2.18187557310911
147,XGBoost-Q,0.05,250,0.056,0.6690657551458938,1.0,2.04773624328935
147,Historical-VaR,0.05,250,0.076,0.07874901240828369,1.0,1.845910476618034
147,GARCH-t,0.01,250,0.008,0.7419327009525927,1.0,2.78550589121582
147,GARCH-Normal,0.01,250,0.032,0.005420405194127675,1.0,2.5349149907638377
147,XGBoost-Q,0.01,250,0.012,0.7579883213733308,1.0,2.6533626510302697
147,Historical-VaR,0.01,250,0.024,0.059353618972289524,1.0,2.6256561803768617
148,GARCH-t,0.05,58,0.05172413793103448,0.9522160163149069,1.0,2.685457017455145
148,GARCH-Normal,0.05,58,0.05172413793103448,0.9522160163149069,1.0,2.685457017455145
148,XGBoost-Q,0.05,58,0.13793103448275862,0.01064869216888753,1.0,2.1087065459897465
148,Historical-VaR,0.05,58,0.10344827586206896,0.1001997614778738,1.0,2.3104762050091368
148,GARCH-t,0.01,58,0.017241379310344827,0.6152964566692893,1.0,3.9948609990817996
148,GARCH-Normal,0.01,58,0.017241379310344827,0.6152964566692893,1.0,3.9948609990817996
148,XGBoost-Q,0.01,58,0.10344827586206896,2.5506905097061328e-05,1.0,2.3104762050091368
148,Historical-VaR,0.01,58,0.017241379310344827,0.6152964566692893,1.0,3.9948609990817996
148,GARCH-t,0.05,250,0.016,0.004223420509394504,1.0,2.621034711042674
148,GARCH-Normal,0.05,250,0.024,0.036605690145713465,1.0,2.288526044313973
148,XGBoost-Q,0.05,250,0.052,0.8853472694426691,0.13483031406480328,1.9514223126195926
148,Historical-VaR,0.05,250,0.068,0.21457514830975966,0.8694886459542454,1.7862897790651502
148,GARCH-t,0.01,250,0.004,0.2780714900139599,1.0,3.9948609990817996
148,GARCH-Normal,0.01,250,0.008,0.7419327009525927,1.0,3.21131439544353
148,XGBoost-Q,0.01,250,0.004,0.2780714900139599,1.0,3.9948609990817996
148,Historical-VaR,0.01,250,0.016,0.380483738238954,1.0,2.421526362078035
149,GARCH-t,0.05,58,0.0,0.014717101200455551,1.0,
149,GARCH-Normal,0.05,58,0.0,0.014717101200455551,1.0,
149,XGBoost-Q,0.05,58,0.08620689655172414,0.24909991485866112,1.0,1.1423963554837084
149,Historical-VaR,0.05,58,0.034482758620689655,0.566622286684572,1.0,1.3977005193202658
149,GARCH-t,0.01,58,0.0,0.2802578748911524,1.0,
149,GARCH-Normal,0.01,58,0.0,0.2802578748911524,1.0,
149,XGBoost-Q,0.01,58,0.0,0.2802578748911524,1.0,
149,Historical-VaR,0.01,58,0.0,0.2802578748911524,1.0,
149,GARCH-t,0.05,250,0.272,0.0,0.6130654289394339,0.8651525530113316
149,GARCH-Normal,0.05,250,0.044,0.6570559130430669,1.0,1.7266153646590583
149,XGBoost-Q,0.05,250,0.052,0.8853472694426691,0.1591447787109309,1.712923966579115
149,Historical-VaR,0.05,250,0.056,0.6690657551458938,0.03571452655848484,1.665247450200592
149,GARCH-t,0.01,250,0.208,0.0,0.12271342315276201,0.9479959666819369
149,GARCH-Normal,0.01,250,0.012,0.7579883213733308,1.0,2.578640816463949
149,XGBoost-Q,0.01,250,0.02,0.1618549171960365,1.0,2.221011341496289
149,Historical-VaR,0.01,250,0.016,0.380483738238954,1.0,2.384276503984993
150,GARCH-t,0.05,58,0.034482758620689655,0.566622286684572,1.0,2.01788177516264
150,GARCH-Normal,0.05,58,0.034482758620689655,0.566622286684572,1.0,2.01788177516264
150,XGBoost-Q,0.05,58,0.034482758620689655,0.566622286684572,1.0,2.01788177516264
150,Historical-VaR,0.05,58,0.034482758620689655,0.566622286684572,1.0,2.01788177516264
150,GARCH-t,0.01,58,0.017241379310344827,0.6152964566692893,1.0,2.426492856762062
150,GARCH-Normal,0.01,58,0.017241379310344827,0.6152964566692893,1.0,2.426492856762062
150,XGBoost-Q,0.01,58,0.017241379310344827,0.6152964566692893,1.0,2.426492856762062
150,Historical-VaR,0.01,58,0.017241379310344827,0.6152964566692893,1.0,2.426492856762062
150,GARCH-t,0.05,250,0.02,0.01373817726098514,1.0,2.6505065846227547
150,GARCH-Normal,0.05,250,0.056,0.6690657551458938,0.21448320593086867,2.1799886655364182
150,XGBoost-Q,0.05,250,0.08,0.044446449306055236,0.27599304392509605,1.9657422079476135
150,Historical-VaR,0.05,250,0.04,0.45291244993520263,0.4008693134710468,2.336953601612147
150,GARCH-t,0.01,250,0.0,0.024981503053449705,1.0,
150,GARCH-Normal,0.01,250,0.02,0.1618549171960365,1.0,2.6505065846227547
150,XGBoost-Q,0.01,250,0.008,0.7419327009525927,1.0,3.060780428752416
150,Historical-VaR,0.01,250,0.012,0.7579883213733308,1.0,2.8493512380889645
151,GARCH-t,0.05,58,0.034482758620689655,0.566622286684572,1.0,1.747306876240857
151,GARCH-Normal,0.05,58,0.05172413793103448,0.9522160163149069,1.0,1.5908135176657157
151,XGBoost-Q,0.05,58,0.08620689655172414,0.24909991485866112,1.0,1.3445118028984857
151,Historical-VaR,0.05,58,0.08620689655172414,0.24909991485866112,1.0,1.439821825813503
151,GARCH-t,0.01,58,0.0,0.2802578748911524,1.0,
151,GARCH-Normal,0.01,58,0.0,0.2802578748911524,1.0,
151,XGBoost-Q,0.01,58,0.0,0.2802578748911524,1.0,
151,Historical-VaR,0.01,58,0.017241379310344827,0.6152964566692893,1.0,1.7526578496754257
151,GARCH-t,0.05,250,0.04,0.45291244993520263,0.4008693134710468,1.780454462445292
151,GARCH-Normal,0.05,250,0.068,0.21457514830975966,0.8694886459542454,1.5194076439650044
151,XGBoost-Q,0.05,250,0.028,0.08280655204389309,1.0,2.0586318744618413
151,Historical-VaR,0.05,250,0.06,0.4812385279526591,1.0,1.614578904139724
151,GARCH-t,0.01,250,0.008,0.7419327009525927,1.0,2.906410606841419
151,GARCH-Normal,0.01,250,0.024,0.059353618972289524,1.0,2.0372343059347546
151,XGBoost-Q,0.01,250,0.004,0.2780714900139599,1.0,3.209030097285851
151,Historical-VaR,0.01,250,0.016,0.380483738238954,1.0,2.086998806528119
152,GARCH-t,0.05,58,0.017241379310344827,0.18772840378073352,1.0,2.4454426128124247
152,GARCH-Normal,0.05,58,0.0,0.014717101200455551,1.0,
152,XGBoost-Q,0.05,58,0.034482758620689655,0.566622286684572,1.0,2.0089672178229776
152,Historical-VaR,0.05,58,0.017241379310344827,0.18772840378073352,1.0,2.4454426128124247
152,GARCH-t,0.01,58,0.0,0.2802578748911524,1.0,
152,GARCH-Normal,0.01,58,0.0,0.2802578748911524,1.0,
152,XGBoost-Q,0.01,58,0.017241379310344827,0.6152964566692893,1.0,2.4454426128124247
152,Historical-VaR,0.01,58,0.017241379310344827,0.6152964566692893,1.0,2.4454426128124247
152,GARCH-t,0.05,250,0.036,0.28602152157354077,1.0,2.147865242338431
152,GARCH-Normal,0.05,250,0.04,0.45291244993520263,1.0,2.094737766535473
152,XGBoost-Q,0.05,250,0.104,0.0005718444785519639,0.8477990081245544,1.5629891917074483
152,Historical-VaR,0.05,250,0.076,0.07874901240828369,0.21215902495759276,1.7274321972515496
152,GARCH-t,0.01,250,0.0,0.024981503053449705,1.0,
152,GARCH-Normal,0.01,250,0.008,0.7419327009525927,1.0,2.559723627311187
152,XGBoost-Q,0.01,250,0.012,0.7579883213733308,1.0,2.8118046616460055
152,Historical-VaR,0.01,250,0.02,0.1618549171960365,1.0,2.476212949094781
153,GARCH-t,0.05,58,0.10344827586206896,0.1001997614778738,1.0,1.8134862523329158
153,GARCH-Normal,0.05,58,0.10344827586206896,0.1001997614778738,1.0,1.8134862523329158
153,XGBoost-Q,0.05,58,0.08620689655172414,0.24909991485866112,1.0,1.9020777024748763
153,Historical-VaR,0.05,58,0.034482758620689655,0.566622286684572,1.0,2.341087990861543
153,GARCH-t,0.01,58,0.05172413793103448,0.02360405908935692,1.0,2.1169192756345283
153,GARCH-Normal,0.01,58,0.05172413793103448,0.02360405908935692,1.0,2.1169192756345283
153,XGBoost-Q,0.01,58,0.017241379310344827,0.6152964566692893,1.0,2.5139787856547415
153,Historical-VaR,0.01,58,0.017241379310344827,0.6152964566692893,1.0,2.5139787856547415
153,GARCH-t,0.05,250,0.052,0.8853472694426691,1.0,2.170992740016843
153,GARCH-Normal,0.05,250,0.072,0.1331391348605262,0.7675549258303029,2.041355595764221
153,XGBoost-Q,0.05,250,0.116,3.768183275731918e-05,0.8126205301437056,1.7543463744660925
153,Historical-VaR,0.05,250,0.056,0.6690657551458938,0.8060054340398742,2.1838541795864876
153,GARCH-t,0.01,250,0.0,0.024981503053449705,1.0,
153,GARCH-Normal,0.01,250,0.024,0.059353618972289524,1.0,2.448667234909559
153,XGBoost-Q,0.01,250,0.028,0.01904923089052679,1.0,2.394179950174003
153,Historical-VaR,0.01,250,0.012,0.7579883213733308,1.0,2.713755507224695
154,GARCH-t,0.05,58,0.017241379310344827,0.18772840378073352,1.0,1.6089200981343064
154,GARCH-Normal,0.05,58,0.05172413793103448,0.9522160163149069,0.10826140068536261,1.6050348407581208
154,XGBoost-Q,0.05,58,0.10344827586206896,0.1001997614778738,0.6249518715764388,1.4703041418993443
154,Historical-VaR,0.05,58,0.05172413793103448,0.9522160163149069,0.10826140068536261,1.6050348407581208
154,GARCH-t,0.01,58,0.0,0.2802578748911524,1.0,
154,GARCH-Normal,0.01,58,0.0,0.2802578748911524,1.0,
154,XGBoost-Q,0.01,58,0.0,0.2802578748911524,1.0,
154,Historical-VaR,0.01,58,0.0,0.2802578748911524,1.0,
154,GARCH-t,0.05,250,0.068,0.21457514830975966,0.44160858786642465,1.7107854280160115
154,GARCH-Normal,0.05,250,0.156,4.6370263184769556e-10,0.1084964555560235,1.2781726392881305
154,XGBoost-Q,0.05,250,0.108,0.00023987731413255275,0.5237146631566241,1.4728154306545127
154,Historical-VaR,0.05,250,0.076,0.07874901240828369,0.6366846004565231,1.6268602402787646
154,GARCH-t,0.01,250,0.012,0.7579883213733308,1.0,2.423723040579393
154,GARCH-Normal,0.01,250,0.096,2.220446049250313e-16,0.8155918117672312,1.5373196725090263
154,XGBoost-Q,0.01,250,0.012,0.7579883213733308,1.0,2.423723040579393
154,Historical-VaR,0.01,250,0.024,0.059353618972289524,1.0,2.0355442921672506
155,GARCH-t,0.05,58,0.017241379310344827,0.18772840378073352,1.0,1.6123745213241785
155,GARCH-Normal,0.05,58,0.034482758620689655,0.566622286684572,1.0,1.2797274437633896
155,XGBoost-Q,0.05,58,0.06896551724137931,0.5297992033445762,1.0,1.0840284957698683
155,Historical-VaR,0.05,58,0.034482758620689655,0.566622286684572,1.0,1.2797274437633896
155,GARCH-t,0.01,58,0.0,0.2802578748911524,1.0,
155,GARCH-Normal,0.01,58,0.017241379310344827,0.6152964566692893,1.0,1.6123745213241785
155,XGBoost-Q,0.01,58,0.0,0.2802578748911524,1.0,
155,Historical-VaR,0.01,58,0.0,0.2802578748911524,1.0,
155,GARCH-t,0.05,250,0.036,0.28602152157354077,1.0,1.8893232090490588
155,GARCH-Normal,0.05,250,0.036,0.28602152157354077,1.0,1.8893232090490588
155,XGBoost-Q,0.05,250,0.048,0.8838996943305626,0.5938165372595774,1.7323685238616389
155,Historical-VaR,0.05,250,0.044,0.6570559130430669,1.0,1.7593869439342917
155,GARCH-t,0.01,250,0.012,0.7579883213733308,1.0,2.339075851806058
155,GARCH-Normal,0.01,250,0.012,0.7579883213733308,1.0,2.339075851806058
155,XGBoost-Q,0.01,250,0.02,0.1618549171960365,1.0,2.123163389979744
155,Historical-VaR,0.01,250,0.012,0.7579883213733308,1.0,2.272737067581131
156,GARCH-t,0.05,58,0.017241379310344827,0.18772840378073352,1.0,2.107931710830531
156,GARCH-Normal,0.05,58,0.034482758620689655,0.566622286684572,1.0,1.7900575366917275
156,XGBoost-Q,0.05,58,0.017241379310344827,0.18772840378073352,1.0,2.107931710830531
156,Historical-VaR,0.05,58,0.017241379310344827,0.18772840378073352,1.0,2.107931710830531
156,GARCH-t,0.01,58,0.017241379310344827,0.6152964566692893,1.0,2.107931710830531
156,GARCH-Normal,0.01,58,0.017241379310344827,0.6152964566692893,1.0,2.107931710830531
156,XGBoost-Q,0.01,58,0.0,0.2802578748911524,1.0,
156,Historical-VaR,0.01,58,0.0,0.2802578748911524,1.0,
156,GARCH-t,0.05,250,0.212,0.0,0.014607830379014142,1.328158693773401
156,GARCH-Normal,0.05,250,0.216,0.0,0.023596010259240408,1.317546611321235
156,XGBoost-Q,0.05,250,0.104,0.0005718444785519639,0.15450893681426536,1.8813907753412518
156,Historical-VaR,0.05,250,0.076,0.07874901240828369,0.6366846004565231,2.1125646856950153
156,GARCH-t,0.01,250,0.168,0.0,0.09130738470204425,1.4843227055440598
156,GARCH-Normal,0.01,250,0.18,0.0,0.017413911872332988,1.4389837236580467
156,XGBoost-Q,0.01,250,0.052,2.3114936901214023e-06,0.001972534985365315,2.469937676634979
156,Historical-VaR,0.01,250,0.024,0.059353618972289524,1.0,2.7662449830594187
157,GARCH-t,0.05,58,0.017241379310344827,0.18772840378073352,1.0,1.9166339069144476
157,GARCH-Normal,0.05,58,0.034482758620689655,0.566622286684572,1.0,1.667016005315305
157,XGBoost-Q,0.05,58,0.1896551724137931,0.00014907452301948787,0.30521002496291316,1.1015082923433548
157,Historical-VaR,0.05,58,0.08620689655172414,0.24909991485866112,1.0,1.35516165385423
157,GARCH-t,0.01,58,0.0,0.2802578748911524,1.0,
157,GARCH-Normal,0.01,58,0.0,0.2802578748911524,1.0,
157,XGBoost-Q,0.01,58,0.034482758620689655,0.14285740777902822,1.0,1.667016005315305
157,Historical-VaR,0.01,58,0.017241379310344827,0.6152964566692893,1.0,1.9166339069144476
157,GARCH-t,0.05,250,0.052,0.8853472694426691,0.6984184728469447,1.565212383665631
157,GARCH-Normal,0.05,250,0.06,0.4812385279526591,0.9144032996435878,1.5005295076315028
157,XGBoost-Q,0.05,250,0.104,0.0005718444785519639,0.193064719007226,1.2609841635878685
157,Historical-VaR,0.05,250,0.068,0.21457514830975966,1.0,1.448894049859807
157,GARCH-t,0.01,250,0.016,0.380483738238954,1.0,2.0837521632933136
157,GARCH-Normal,0.01,250,0.02,0.1618549171960365,1.0,1.963085801135452
157,XGBoost-Q,0.01,250,0.024,0.059353618972289524,1.0,1.9190764888888114
157,Historical-VaR,0.01,250,0.02,0.1618549171960365,1.0,1.7988704981165384
158,GARCH-t,0.05,58,0.034482758620689655,0.566622286684572,1.0,1.4372891764520435
158,GARCH-Normal,0.05,58,0.034482758620689655,0.566622286684572,1.0,1.4372891764520435
158,XGBoost-Q,0.05,58,0.06896551724137931,0.5297992033445762,0.23469323729108316,1.149634784149311
158,Historical-VaR,0.05,58,0.034482758620689655,0.566622286684572,1.0,1.4372891764520435
158,GARCH-t,0.01,58,0.017241379310344827,0.6152964566692893,1.0,1.8088892883446999
158,GARCH-Normal,0.01,58,0.017241379310344827,0.6152964566692893,1.0,1.8088892883446999
158,XGBoost-Q,0.01,58,0.017241379310344827,0.6152964566692893,1.0,1.8088892883446999
158,Historical-VaR,0.01,58,0.017241379310344827,0.6152964566692893,1.0,1.8088892883446999
158,GARCH-t,0.05,250,0.004,1.7020689304647618e-05,1.0,5.026145478514696
158,GARCH-Normal,0.05,250,0.008,0.00017085611685885294,0.0061910520365405786,4.4309112706185605
158,XGBoost-Q,0.05,250,0.032,0.16322015045707905,0.23991931651644083,2.5532401503799935
158,Historical-VaR,0.05,250,0.024,0.036605690145713465,0.11954364333624434,2.4931357905945606
158,GARCH-t,0.01,250,0.0,0.024981503053449705,1.0,
158,GARCH-Normal,0.01,250,0.004,0.2780714900139599,1.0,5.026145478514696
158,XGBoost-Q,0.01,250,0.008,0.7419327009525927,0.0061910520365405786,4.4309112706185605
158,Historical-VaR,0.01,250,0.012,0.7579883213733308,0.019847210337081034,3.5569039431939404
159,GARCH-t,0.05,58,0.017241379310344827,0.18772840378073352,1.0,4.109620400140382
159,GARCH-Normal,0.05,58,0.034482758620689655,0.566622286684572,1.0,3.462617834074816
159,XGBoost-Q,0.05,58,0.06896551724137931,0.5297992033445762,1.0,2.5319617302611848
159,Historical-VaR,0.05,58,0.05172413793103448,0.9522160163149069,0.10826140068536261,3.0677083035015738
159,GARCH-t,0.01,58,0.0,0.2802578748911524,1.0,
159,GARCH-Normal,0.01,58,0.017241379310344827,0.6152964566692893,1.0,4.109620400140382
159,XGBoost-Q,0.01,58,0.017241379310344827,0.6152964566692893,1.0,4.109620400140382
159,Historical-VaR,0.01,58,0.017241379310344827,0.6152964566692893,1.0,4.109620400140382
159,GARCH-t,0.05,250,0.088,0.012356545939324781,0.9615114371164931,2.397327472319788
159,GARCH-Normal,0.05,250,0.088,0.012356545939324781,0.9615114371164931,2.397327472319788
159,XGBoost-Q,0.05,250,0.112,9.685813528637066e-05,0.922282579701659,2.144816547532377
159,Historical-VaR,0.05,250,0.06,0.4812385279526591,0.9144032996435878,2.6744379838884766
159,GARCH-t,0.01,250,0.048,1.2961433017655288e-05,0.11395391525605225,3.0115150375025195
159,GARCH-Normal,0.01,250,0.052,2.3114936901214023e-06,0.1591447787109309,2.9257988964651482
159,XGBoost-Q,0.01,250,0.072,1.477367117530548e-10,0.53560756834656,2.5300895226339413
159,Historical-VaR,0.01,250,0.032,0.005420405194127675,1.0,3.296151543154155
160,GARCH-t,0.05,58,0.017241379310344827,0.18772840378073352,1.0,2.0284343592338474
160,GARCH-Normal,0.05,58,0.017241379310344827,0.18772840378073352,1.0,2.0284343592338474
160,XGBoost-Q,0.05,58,0.017241379310344827,0.18772840378073352,1.0,2.0284343592338474
160,Historical-VaR,0.05,58,0.017241379310344827,0.18772840378073352,1.0,2.0284343592338474
160,GARCH-t,0.01,58,0.0,0.2802578748911524,1.0,
160,GARCH-Normal,0.01,58,0.0,0.2802578748911524,1.0,
160,XGBoost-Q,0.01,58,0.0,0.2802578748911524,1.0,
160,Historical-VaR,0.01,58,0.0,0.2802578748911524,1.0,
160,GARCH-t,0.05,250,0.044,0.6570559130430669,1.0,1.9580855444099647
160,GARCH-Normal,0.05,250,0.112,9.685813528637066e-05,0.9743835215106241,1.5876696857716814
160,XGBoost-Q,0.05,250,0.064,0.3293742025406984,1.0,1.785639464103192
160,Historical-VaR,0.05,250,0.064,0.3293742025406984,1.0,1.7990147019818967
160,GARCH-t,0.01,250,0.008,0.7419327009525927,1.0,2.9688769876576235
160,GARCH-Normal,0.01,250,0.044,6.711051864838335e-05,1.0,2.066764879455487
160,XGBoost-Q,0.01,250,0.0,0.024981503053449705,1.0,
160,Historical-VaR,0.01,250,0.024,0.059353618972289524,1.0,2.3020036730225417
161,GARCH-t,0.05,58,0.017241379310344827,0.18772840378073352,1.0,1.7176645405261495
161,GARCH-Normal,0.05,58,0.05172413793103448,0.9522160163149069,1.0,1.6444832370026685
161,XGBoost-Q,0.05,58,0.15517241379310345,0.002872135801635811,0.773306165671992,1.330194413998582
161,Historical-VaR,0.05,58,0.06896551724137931,0.5297992033445762,1.0,1.5719418241118603
161,GARCH-t,0.01,58,0.0,0.2802578748911524,1.0,
161,GARCH-Normal,0.01,58,0.0,0.2802578748911524,1.0,
161,XGBoost-Q,0.01,58,0.017241379310344827,0.6152964566692893,1.0,1.7859988525491948
161,Historical-VaR,0.01,58,0.0,0.2802578748911524,1.0,
161,GARCH-t,0.05,250,0.028,0.08280655204389309,1.0,1.8060655605849172
161,GARCH-Normal,0.05,250,0.048,0.8838996943305626,1.0,1.646713845324765
161,XGBoost-Q,0.05,250,0.088,0.012356545939324781,0.4574942484284884,1.528724531445848
161,Historical-VaR,0.05,250,0.056,0.6690657551458938,0.7509419738608165,1.6841691483976897
161,GARCH-t,0.01,250,0.004,0.2780714900139599,1.0,2.439784576775704
161,GARCH-Normal,0.01,250,0.008,0.7419327009525927,1.0,2.1512876327851114
161,XGBoost-Q,0.01,250,0.028,0.01904923089052679,0.17433170965123956,1.8905684350564897
161,Historical-VaR,0.01,250,0.012,0.7579883213733308,1.0,2.141930120211914
162,GARCH-t,0.05,58,0.1206896551724138,0.03490665780790292,1.0,2.6307808251488467
162,GARCH-Normal,0.05,58,0.15517241379310345,0.002872135801635811,1.0,2.409639406181253
162,XGBoost-Q,0.05,58,0.1724137931034483,0.0006905869430211542,0.46369416515239115,2.2988740832317527
162,Historical-VaR,0.05,58,0.13793103448275862,0.01064869216888753,1.0,2.520826951072551
162,GARCH-t,0.01,58,0.034482758620689655,0.14285740777902822,1.0,3.7378700456623815
162,GARCH-Normal,0.01,58,0.08620689655172414,0.0003031273422592351,1.0,2.865450136866781
162,XGBoost-Q,0.01,58,0.13793103448275862,1.122831849720285e-07,1.0,2.520826951072551
162,Historical-VaR,0.01,58,0.034482758620689655,0.14285740777902822,1.0,3.4946348863564927
162,GARCH-t,0.05,250,0.0,4.1000723660644667e-07,1.0,
162,GARCH-Normal,0.05,250,0.008,0.00017085611685885294,1.0,4.006922513142849
162,XGBoost-Q,0.05,250,0.124,5.119559107646943e-06,0.6062116615032884,1.8018769750640344
162,Historical-VaR,0.05,250,0.072,0.1331391348605262,1.0,2.201247599075275
162,GARCH-t,0.01,250,0.0,0.024981503053449705,1.0,
162,GARCH-Normal,0.01,250,0.004,0.2780714900139599,1.0,4.489041552314301
162,XGBoost-Q,0.01,250,0.024,0.059353618972289524,1.0,2.9616016013023407
162,Historical-VaR,0.01,250,0.012,0.7579883213733308,1.0,3.5046910822281276
163,GARCH-t,0.05,58,0.06896551724137931,0.5297992033445762,1.0,3.758698991865149
163,GARCH-Normal,0.05,58,0.1206896551724138,0.03490665780790292,0.7367693234589523,3.6835786468114127
163,XGBoost-Q,0.05,58,0.27586206896551724,1.6674122749193998e-08,0.17111691788354344,2.439251602218115
163,Historical-VaR,0.05,58,0.15517241379310345,0.002872135801635811,0.46369921590810914,3.2932596862500483
163,GARCH-t,0.01,58,0.0,0.2802578748911524,1.0,
163,GARCH-Normal,0.01,58,0.06896551724137931,0.0029859389941127024,1.0,3.758698991865149
163,XGBoost-Q,0.01,58,0.13793103448275862,1.122831849720285e-07,0.27880398935953843,3.5275527825127937
163,Historical-VaR,0.01,58,0.05172413793103448,0.02360405908935692,0.10826140068536261,4.084183214035843
163,GARCH-t,0.05,250,0.064,0.3293742025406984,0.3162800128139791,2.8601584650860326
163,GARCH-Normal,0.05,250,0.072,0.1331391348605262,0.48693137086303817,2.6953805894907865
163,XGBoost-Q,0.05,250,0.096,0.002886808755840242,0.5772825320689556,2.329741073099404
163,Historical-VaR,0.05,250,0.08,0.044446449306055236,0.6886363903622623,2.5584021287304104
163,GARCH-t,0.01,250,0.036,0.0013824730075047142,1.0,3.404776652127597
163,GARCH-Normal,0.01,250,0.036,0.0013824730075047142,1.0,3.404776652127597
163,XGBoost-Q,0.01,250,0.048,1.2961433017655288e-05,0.09456576984081255,3.2694949848408537
163,Historical-VaR,0.01,250,0.024,0.059353618972289524,0.11954364333624434,3.4586811188532636
164,GARCH-t,0.05,58,0.08620689655172414,0.24909991485866112,1.0,1.7994695037403439
164,GARCH-Normal,0.05,58,0.08620689655172414,0.24909991485866112,1.0,1.7994695037403439
164,XGBoost-Q,0.05,58,0.1724137931034483,0.0006905869430211542,0.46369416515239115,1.3643526852603212
164,Historical-VaR,0.05,58,0.08620689655172414,0.24909991485866112,1.0,1.7994695037403439
164,GARCH-t,0.01,58,0.034482758620689655,0.14285740777902822,1.0,2.5538381659192577
164,GARCH-Normal,0.01,58,0.034482758620689655,0.14285740777902822,1.0,2.5538381659192577
164,XGBoost-Q,0.01,58,0.05172413793103448,0.02360405908935692,1.0,2.172159551502059
164,Historical-VaR,0.01,58,0.05172413793103448,0.02360405908935692,1.0,2.172159551502059
164,GARCH-t,0.05,250,0.008,0.00017085611685885294,1.0,3.172561803613452
164,GARCH-Normal,0.05,250,0.036,0.28602152157354077,1.0,1.913115966125327
164,XGBoost-Q,0.05,250,0.04,0.45291244993520263,0.4008693134710468,1.9957272581420606
164,Historical-VaR,0.05,250,0.048,0.8838996943305626,0.5938165372595774,1.7696592489873402
164,GARCH-t,0.01,250,0.0,0.024981503053449705,1.0,
164,GARCH-Normal,0.01,250,0.004,0.2780714900139599,1.0,3.3542937890517694
164,XGBoost-Q,0.01,250,0.008,0.7419327009525927,1.0,3.172561803613452
164,Historical-VaR,0.01,250,0.016,0.380483738238954,1.0,2.376827118170328
165,GARCH-t,0.05,58,0.0,0.014717101200455551,1.0,
165,GARCH-Normal,0.05,58,0.05172413793103448,0.9522160163149069,1.0,1.2138905194734573
165,XGBoost-Q,0.05,58,0.06896551724137931,0.5297992033445762,1.0,1.1702578661467529
165,Historical-VaR,0.05,58,0.05172413793103448,0.9522160163149069,1.0,1.2138905194734573
165,GARCH-t,0.01,58,0.0,0.2802578748911524,1.0,
165,GARCH-Normal,0.01,58,0.0,0.2802578748911524,1.0,
165,XGBoost-Q,0.01,58,0.0,0.2802578748911524,1.0,
165,Historical-VaR,0.01,58,0.0,0.2802578748911524,1.0,
165,GARCH-t,0.05,250,0.02,0.01373817726098514,1.0,1.9955278036009763
165,GARCH-Normal,0.05,250,0.02,0.01373817726098514,1.0,1.9955278036009763
165,XGBoost-Q,0.05,250,0.08,0.044446449306055236,0.5798486356307124,1.3726557812263587
165,Historical-VaR,0.05,250,0.052,0.8853472694426691,0.6984184728469447,1.5440397262357206
165,GARCH-t,0.01,250,0.004,0.2780714900139599,1.0,2.5196204196157583
165,GARCH-Normal,0.01,250,0.012,0.7579883213733308,1.0,2.2126265951768627
165,XGBoost-Q,0.01,250,0.028,0.01904923089052679,1.0,1.4075162964876855
165,Historical-VaR,0.01,250,0.016,0.380483738238954,1.0,2.084058522096886
166,GARCH-t,0.05,58,0.06896551724137931,0.5297992033445762,1.0,1.6256353552900065
166,GARCH-Normal,0.05,58,0.06896551724137931,0.5297992033445762,1.0,1.6256353552900065
166,XGBoost-Q,0.05,58,0.06896551724137931,0.5297992033445762,1.0,1.6256353552900065
166,Historical-VaR,0.05,58,0.06896551724137931,0.5297992033445762,1.0,1.6256353552900065
166,GARCH-t,0.01,58,0.017241379310344827,0.6152964566692893,1.0,2.1613690522009104
166,GARCH-Normal,0.01,58,0.034482758620689655,0.14285740777902822,1.0,1.880227287716483
166,XGBoost-Q,0.01,58,0.08620689655172414,0.0003031273422592351,1.0,1.4145175772033116
166,Historical-VaR,0.01,58,0.05172413793103448,0.02360405908935692,1.0,1.7578377631798452
166,GARCH-t,0.05,250,0.016,0.004223420509394504,1.0,2.5833851723449515
166,GARCH-Normal,0.05,250,0.028,0.08280655204389309,1.0,2.231402333119987
166,XGBoost-Q,0.05,250,0.092,0.006100334771630078,0.35163861846995703,1.516150076218461
166,Historical-VaR,0.05,250,0.052,0.8853472694426691,1.0,1.8095120246987486
166,GARCH-t,0.01,250,0.0,0.024981503053449705,1.0,
166,GARCH-Normal,0.01,250,0.008,0.7419327009525927,1.0,2.9593703961429036
166,XGBoost-Q,0.01,250,0.008,0.7419327009525927,1.0,3.3302855875031616
166,Historical-VaR,0.01,250,0.016,0.380483738238954,1.0,2.257721257406108
167,GARCH-t,0.05,58,0.06896551724137931,0.5297992033445762,1.0,1.5299465133232433
167,GARCH-Normal,0.05,58,0.06896551724137931,0.5297992033445762,1.0,1.5299465133232433
167,XGBoost-Q,0.05,58,0.15517241379310345,0.002872135801635811,1.0,1.1816570930648662
167,Historical-VaR,0.05,58,0.06896551724137931,0.5297992033445762,1.0,1.5299465133232433
167,GARCH-t,0.01,58,0.017241379310344827,0.6152964566692893,1.0,1.822721925545167
167,GARCH-Normal,0.01,58,0.017241379310344827,0.6152964566692893,1.0,1.822721925545167
167,XGBoost-Q,0.01,58,0.034482758620689655,0.14285740777902822,1.0,1.7054034667451172
167,Historical-VaR,0.01,58,0.017241379310344827,0.6152964566692893,1.0,1.822721925545167
167,GARCH-t,0.05,250,0.036,0.28602152157354077,1.0,1.7363351465371126
167,GARCH-Normal,0.05,250,0.048,0.8838996943305626,1.0,1.6590204605112435
167,XGBoost-Q,0.05,250,0.096,0.002886808755840242,0.8155918117672312,1.3697320062228815
167,Historical-VaR,0.05,250,0.052,0.8853472694426691,0.6984184728469447,1.6270371343119359
167,GARCH-t,0.01,250,0.0,0.024981503053449705,1.0,
167,GARCH-Normal,0.01,250,0.012,0.7579883213733308,1.0,1.8410052137478792
167,XGBoost-Q,0.01,250,0.036,0.0013824730075047142,1.0,1.7521085288772076
167,Historical-VaR,0.01,250,0.012,0.7579883213733308,1.0,1.8683730118611634
168,GARCH-t,0.05,58,0.20689655172413793,2.9066138041433653e-05,0.2582630359919703,1.3843145258904874
168,GARCH-Normal,0.05,58,0.25862068965517243,1.227965407135656e-07,0.9315077839545765,1.2394621576358986
168,XGBoost-Q,0.05,58,0.1724137931034483,0.0006905869430211542,0.8181655207773267,1.501471251724404
168,Historical-VaR,0.05,58,0.10344827586206896,0.1001997614778738,1.0,1.7977735027883963
168,GARCH-t,0.01,58,0.08620689655172414,0.0003031273422592351,0.41026037736228527,1.873569748407587
168,GARCH-Normal,0.01,58,0.1724137931034483,2.895516049150615e-10,0.8181655207773267,1.494249605374225
168,XGBoost-Q,0.01,58,0.05172413793103448,0.02360405908935692,1.0,2.02836405965072
168,Historical-VaR,0.01,58,0.034482758620689655,0.14285740777902822,1.0,2.572803249404503
168,GARCH-t,0.05,250,0.06,0.4812385279526591,0.9144032996435878,1.7542187981436779
168,GARCH-Normal,0.05,250,0.064,0.3293742025406984,0.3561236544492167,1.7215213806559617
168,XGBoost-Q,0.05,250,0.076,0.07874901240828369,0.21215902495759276,1.6164663548531109
168,Historical-VaR,0.05,250,0.056,0.6690657551458938,0.8060054340398742,1.7832080397358012
168,GARCH-t,0.01,250,0.016,0.380483738238954,1.0,2.4853609402984653
168,GARCH-Normal,0.01,250,0.02,0.1618549171960365,1.0,2.3379893088875585
168,XGBoost-Q,0.01,250,0.016,0.380483738238954,1.0,2.4853609402984653
168,Historical-VaR,0.01,250,0.016,0.380483738238954,1.0,2.4853609402984653
169,GARCH-t,0.05,58,0.0,0.014717101200455551,1.0,
169,GARCH-Normal,0.05,58,0.0,0.014717101200455551,1.0,
169,XGBoost-Q,0.05,58,0.017241379310344827,0.18772840378073352,1.0,1.3676752271264911
169,Historical-VaR,0.05,58,0.0,0.014717101200455551,1.0,
169,GARCH-t,0.01,58,0.0,0.2802578748911524,1.0,
169,GARCH-Normal,0.01,58,0.0,0.2802578748911524,1.0,
169,XGBoost-Q,0.01,58,0.0,0.2802578748911524,1.0,
169,Historical-VaR,0.01,58,0.0,0.2802578748911524,1.0,
169,GARCH-t,0.05,250,0.064,0.3293742025406984,0.9728396985992332,2.150747858186534
169,GARCH-Normal,0.05,250,0.064,0.3293742025406984,0.9728396985992332,2.150747858186534
169,XGBoost-Q,0.05,250,0.104,0.0005718444785519639,0.046205936134994574,1.755702915469294
169,Historical-VaR,0.05,250,0.052,0.8853472694426691,0.6984184728469447,2.344557264454296
169,GARCH-t,0.01,250,0.036,0.0013824730075047142,0.3157401924103128,2.6563653856764144
169,GARCH-Normal,0.01,250,0.036,0.0013824730075047142,0.3157401924103128,2.6563653856764144
169,XGBoost-Q,0.01,250,0.048,1.2961433017655288e-05,0.5938165372595774,2.415668838487775
169,Historical-VaR,0.01,250,0.016,0.380483738238954,1.0,2.8983635013502558
170,GARCH-t,0.05,58,0.034482758620689655,0.566622286684572,1.0,1.9809068537297372
170,GARCH-Normal,0.05,58,0.05172413793103448,0.9522160163149069,1.0,2.262625584501459
170,XGBoost-Q,0.05,58,0.10344827586206896,0.1001997614778738,0.10146429254204059,1.7707556657091565
170,Historical-VaR,0.05,58,0.08620689655172414,0.24909991485866112,0.04003585100782736,1.9401349939825068
170,GARCH-t,0.01,58,0.017241379310344827,0.6152964566692893,1.0,2.5980255015583995
170,GARCH-Normal,0.01,58,0.017241379310344827,0.6152964566692893,1.0,2.5980255015583995
170,XGBoost-Q,0.01,58,0.08620689655172414,0.0003031273422592351,0.04003585100782736,1.9401349939825068
170,Historical-VaR,0.01,58,0.08620689655172414,0.0003031273422592351,0.04003585100782736,1.9401349939825068
170,GARCH-t,0.05,250,0.008,0.00017085611685885294,1.0,2.7120442738016517
170,GARCH-Normal,0.05,250,0.016,0.004223420509394504,1.0,2.1560750437392593
170,XGBoost-Q,0.05,250,0.048,0.8838996943305626,0.11395391525605225,1.5657080777962014
170,Historical-VaR,0.05,250,0.056,0.6690657551458938,0.21448320593086867,1.5082034432506852
170,GARCH-t,0.01,250,0.0,0.024981503053449705,1.0,
170,GARCH-Normal,0.01,250,0.008,0.7419327009525927,1.0,2.7120442738016517
170,XGBoost-Q,0.01,250,0.008,0.7419327009525927,1.0,2.7120442738016517
170,Historical-VaR,0.01,250,0.028,0.01904923089052679,0.00944698975425362,1.842983799609467
171,GARCH-t,0.05,58,0.017241379310344827,0.18772840378073352,1.0,2.8824204500947346
171,GARCH-Normal,0.05,58,0.05172413793103448,0.9522160163149069,1.0,2.245110194272175
171,XGBoost-Q,0.05,58,0.10344827586206896,0.1001997614778738,0.6249518715764388,1.9617155852410342
171,Historical-VaR,0.05,58,0.034482758620689655,0.566622286684572,1.0,2.5277367538248146
171,GARCH-t,0.01,58,0.0,0.2802578748911524,1.0,
171,GARCH-Normal,0.01,58,0.017241379310344827,0.6152964566692893,1.0,2.8824204500947346
171,XGBoost-Q,0.01,58,0.0,0.2802578748911524,1.0,
171,Historical-VaR,0.01,58,0.0,0.2802578748911524,1.0,
171,GARCH-t,0.05,250,0.124,5.119559107646943e-06,0.028387767251845553,2.020891334765947
171,GARCH-Normal,0.05,250,0.124,5.119559107646943e-06,0.028387767251845553,2.020891334765947
171,XGBoost-Q,0.05,250,0.148,5.733507335570209e-09,0.09758754576485507,1.8552378231646087
171,Historical-VaR,0.05,250,0.076,0.07874901240828369,0.008699954866813298,2.389550571154915
171,GARCH-t,0.01,250,0.064,8.52433379439077e-09,0.3561236544492167,2.6341248996493696
171,GARCH-Normal,0.01,250,0.064,8.52433379439077e-09,0.3561236544492167,2.6341248996493696
171,XGBoost-Q,0.01,250,0.08,2.0398127631438e-12,0.27599304392509605,2.408326017606286
171,Historical-VaR,0.01,250,0.024,0.059353618972289524,1.0,2.934528654576509
172,GARCH-t,0.05,58,0.08620689655172414,0.24909991485866112,0.41026037736228527,1.4518326265965449
172,GARCH-Normal,0.05,58,0.08620689655172414,0.24909991485866112,0.41026037736228527,1.4518326265965449
172,XGBoost-Q,0.05,58,0.06896551724137931,0.5297992033445762,0.23469323729108316,1.5684605728467784
172,Historical-VaR,0.05,58,0.034482758620689655,0.566622286684572,1.0,2.205224450084498
172,GARCH-t,0.01,58,0.034482758620689655,0.14285740777902822,1.0,2.205224450084498
172,GARCH-Normal,0.01,58,0.034482758620689655,0.14285740777902822,1.0,2.205224450084498
172,XGBoost-Q,0.01,58,0.05172413793103448,0.02360405908935692,0.10826140068536261,1.7473208926249686
172,Historical-VaR,0.01,58,0.034482758620689655,0.14285740777902822,1.0,2.205224450084498
172,GARCH-t,0.05,250,0.048,0.8838996943305626,0.5421172905882345,1.8603782890438934
172,GARCH-Normal,0.05,250,0.048,0.8838996943305626,0.5421172905882345,1.8603782890438934
172,XGBoost-Q,0.05,250,0.064,0.3293742025406984,0.31628440689843185,1.6666220372312348
172,Historical-VaR,0.05,250,0.032,0.16322015045707905,1.0,2.0418799956786113
172,GARCH-t,0.01,250,0.016,0.380483738238954,1.0,2.4197342549902916
172,GARCH-Normal,0.01,250,0.016,0.380483738238954,1.0,2.4197342549902916
172,XGBoost-Q,0.01,250,0.024,0.059353618972289524,1.0,2.1735526131987437
172,Historical-VaR,0.01,250,0.016,0.380483738238954,1.0,2.4197342549902916
173,GARCH-t,0.05,58,0.034482758620689655,0.566622286684572,1.0,2.4880134755901917
173,GARCH-Normal,0.05,58,0.05172413793103448,0.9522160163149069,1.0,2.1565559041210216
173,XGBoost-Q,0.05,58,0.1206896551724138,0.03490665780790292,1.0,1.539955818372643
173,Historical-VaR,0.05,58,0.08620689655172414,0.24909991485866112,1.0,1.7786241021384928
173,GARCH-t,0.01,58,0.0,0.2802578748911524,1.0,
173,GARCH-Normal,0.01,58,0.034482758620689655,0.14285740777902822,1.0,2.4880134755901917
173,XGBoost-Q,0.01,58,0.06896551724137931,0.0029859389941127024,1.0,1.8498699373774457
173,Historical-VaR,0.01,58,0.034482758620689655,0.14285740777902822,1.0,2.4880134755901917
173,GARCH-t,0.05,250,0.024,0.036605690145713465,1.0,2.0326918126462346
173,GARCH-Normal,0.05,250,0.024,0.036605690145713465,1.0,2.0326918126462346
173,XGBoost-Q,0.05,250,0.028,0.08280655204389309,1.0,1.914326880330811
173,Historical-VaR,0.05,250,0.048,0.8838996943305626,1.0,1.6073222595667005
173,GARCH-t,0.01,250,0.0,0.024981503053449705,1.0,
173,GARCH-Normal,0.01,250,0.012,0.7579883213733308,1.0,2.3949957513812463
173,XGBoost-Q,0.01,250,0.004,0.2780714900139599,1.0,1.4936407611826816
173,Historical-VaR,0.01,250,0.016,0.380483738238954,1.0,2.2699775516812792
174,GARCH-t,0.05,58,0.034482758620689655,0.566622286684572,1.0,2.6790451264385853
174,GARCH-Normal,0.05,58,0.1206896551724138,0.03490665780790292,0.2085985388689996,1.6260552067845562
174,XGBoost-Q,0.05,58,0.05172413793103448,0.9522160163149069,0.10826140068536261,2.5506993605194688
174,Historical-VaR,0.05,58,0.06896551724137931,0.5297992033445762,0.23469323729108316,2.2068374500349552
174,GARCH-t,0.01,58,0.0,0.2802578748911524,1.0,
174,GARCH-Normal,0.01,58,0.08620689655172414,0.0003031273422592351,0.41026037736228527,1.98283521967712
174,XGBoost-Q,0.01,58,0.017241379310344827,0.6152964566692893,1.0,2.9441602724189093
174,Historical-VaR,0.01,58,0.034482758620689655,0.14285740777902822,1.0,2.6790451264385853
174,GARCH-t,0.05,250,0.052,0.8853472694426691,0.1591447787109309,2.3978659152829036
174,GARCH-Normal,0.05,250,0.064,0.3293742025406984,0.3561236544492167,2.1905746580145085
174,XGBoost-Q,0.05,250,0.128,1.7909088273482254e-06,0.5133656375907019,1.6121942237495315
174,Historical-VaR,0.05,250,0.072,0.1331391348605262,0.53560756834656,2.0737837600578306
174,GARCH-t,0.01,250,0.028,0.01904923089052679,0.17433170965123956,2.9352973480542426
174,GARCH-Normal,0.01,250,0.04,0.0003189845082133269,0.051226555951393915,2.6508372153645317
174,XGBoost-Q,0.01,250,0.06,5.902967969984019e-08,0.28020572726503534,2.052036379111086
174,Historical-VaR,0.01,250,0.028,0.01904923089052679,0.17433170965123956,2.8802979008635217
175,GARCH-t,0.05,58,0.05172413793103448,0.9522160163149069,1.0,10.720813624051646
175,GARCH-Normal,0.05,58,0.06896551724137931,0.5297992033445762,1.0,10.045193997451786
175,XGBoost-Q,0.05,58,0.20689655172413793,2.9066138041433653e-05,0.6645939809297441,6.547071125163735
175,Historical-VaR,0.05,58,0.13793103448275862,0.01064869216888753,0.8835267408663141,7.979393966420356
175,GARCH-t,0.01,58,0.0,0.2802578748911524,1.0,
175,GARCH-Normal,0.01,58,0.05172413793103448,0.02360405908935692,1.0,10.720813624051646
175,XGBoost-Q,0.01,58,0.10344827586206896,2.5506905097061328e-05,1.0,8.890730790236866
175,Historical-VaR,0.01,58,0.05172413793103448,0.02360405908935692,1.0,10.720813624051646
175,GARCH-t,0.05,250,0.072,0.1331391348605262,0.53560756834656,5.19054680750551
175,GARCH-Normal,0.05,250,0.076,0.07874901240828369,0.6366846004565231,5.115475137202947
175,XGBoost-Q,0.05,250,0.164,3.336497744754752e-11,0.02307271021382251,3.7327468479026744
175,Historical-VaR,0.05,250,0.12,1.413747561440637e-05,0.18145370256161797,4.157296183846877
175,GARCH-t,0.01,250,0.04,0.0003189845082133269,0.4008693134710468,6.644704651775626
175,GARCH-Normal,0.01,250,0.04,0.0003189845082133269,0.4008693134710468,6.644704651775626
175,XGBoost-Q,0.01,250,0.124,0.0,0.007369084706573714,4.506917791630979
175,Historical-VaR,0.01,250,0.056,3.825770412690943e-07,0.003892860891923755,5.5476692697043815
176,GARCH-t,0.05,58,0.06896551724137931,0.5297992033445762,1.0,2.7116799495026824
176,GARCH-Normal,0.05,58,0.08620689655172414,0.24909991485866112,1.0,2.6967548117524043
176,XGBoost-Q,0.05,58,0.10344827586206896,0.1001997614778738,1.0,2.430258043310888
176,Historical-VaR,0.05,58,0.08620689655172414,0.24909991485866112,1.0,2.6967548117524043
176,GARCH-t,0.01,58,0.034482758620689655,0.14285740777902822,1.0,3.138457331104779
176,GARCH-Normal,0.01,58,0.034482758620689655,0.14285740777902822,1.0,3.138457331104779
176,XGBoost-Q,0.01,58,0.08620689655172414,0.0003031273422592351,1.0,2.6967548117524043
176,Historical-VaR,0.01,58,0.06896551724137931,0.0029859389941127024,1.0,2.930855712585639
176,GARCH-t,0.05,250,0.056,0.6690657551458938,0.8060054340398742,2.234031280599253
176,GARCH-Normal,0.05,250,0.076,0.07874901240828369,0.6706071336824497,2.016558163149596
176,XGBoost-Q,0.05,250,0.152,1.6549969172885426e-09,0.5641776029497166,1.5669914844844033
176,Historical-VaR,0.05,250,0.072,0.1331391348605262,0.53560756834656,2.0552340634459423
176,GARCH-t,0.01,250,0.012,0.7579883213733308,1.0,2.986213440104816
176,GARCH-Normal,0.01,250,0.028,0.01904923089052679,1.0,2.587228046298098
176,XGBoost-Q,0.01,250,0.092,2.220446049250313e-15,0.528083108357758,1.9029518402415697
176,Historical-VaR,0.01,250,0.036,0.0013824730075047142,1.0,2.5090839611399045
177,GARCH-t,0.05,58,0.0,0.014717101200455551,1.0,
177,GARCH-Normal,0.05,58,0.017241379310344827,0.18772840378073352,1.0,2.4259852502848487
177,XGBoost-Q,0.05,58,0.06896551724137931,0.5297992033445762,1.0,1.8374840330405173
177,Historical-VaR,0.05,58,0.017241379310344827,0.18772840378073352,1.0,2.4259852502848487
177,GARCH-t,0.01,58,0.0,0.2802578748911524,1.0,
177,GARCH-Normal,0.01,58,0.017241379310344827,0.6152964566692893,1.0,2.4259852502848487
177,XGBoost-Q,0.01,58,0.0,0.2802578748911524,1.0,
177,Historical-VaR,0.01,58,0.0,0.2802578748911524,1.0,
177,GARCH-t,0.05,250,0.04,0.45291244993520263,1.0,2.725748243062379
177,GARCH-Normal,0.05,250,0.068,0.21457514830975966,1.0,2.38388101160508
177,XGBoost-Q,0.05,250,0.12,1.413747561440637e-05,0.4264413638978153,2.1874076151658577
177,Historical-VaR,0.05,250,0.056,0.6690657551458938,0.003892860891923755,3.0141911521513793
177,GARCH-t,0.01,250,0.012,0.7579883213733308,1.0,3.7395417026399187
177,GARCH-Normal,0.01,250,0.02,0.1618549171960365,1.0,3.9859014356678855
177,XGBoost-Q,0.01,250,0.028,0.01904923089052679,1.0,3.796456660632952
177,Historical-VaR,0.01,250,0.02,0.1618549171960365,1.0,4.161744805354433
178,GARCH-t,0.05,58,0.0,0.014717101200455551,1.0,
178,GARCH-Normal,0.05,58,0.0,0.014717101200455551,1.0,
178,XGBoost-Q,0.05,58,0.06896551724137931,0.5297992033445762,1.0,1.4396493929399676
178,Historical-VaR,0.05,58,0.034482758620689655,0.566622286684572,1.0,1.614423268701746
178,GARCH-t,0.01,58,0.0,0.2802578748911524,1.0,
178,GARCH-Normal,0.01,58,0.0,0.2802578748911524,1.0,
178,XGBoost-Q,0.01,58,0.0,0.2802578748911524,1.0,
178,Historical-VaR,0.01,58,0.0,0.2802578748911524,1.0,
178,GARCH-t,0.05,250,0.08,0.044446449306055236,0.743075719977325,1.4500974172808276
178,GARCH-Normal,0.05,250,0.088,0.012356545939324781,0.43461653760061447,1.4074177569268314
178,XGBoost-Q,0.05,250,0.144,1.9268683204565207e-08,0.3741055285924939,1.180273961712523
178,Historical-VaR,0.05,250,0.076,0.07874901240828369,0.6366846004565231,1.4088888227948977
178,GARCH-t,0.01,250,0.032,0.005420405194127675,0.23991931651644083,1.759953795853174
178,GARCH-Normal,0.01,250,0.04,0.0003189845082133269,0.4008693134710468,1.696108540148765
178,XGBoost-Q,0.01,250,0.044,6.711051864838335e-05,0.4940636998432081,1.6429232263896325
178,Historical-VaR,0.01,250,0.02,0.1618549171960365,1.0,1.8359249935913327
179,GARCH-t,0.05,58,0.05172413793103448,0.9522160163149069,1.0,1.39972587689161
179,GARCH-Normal,0.05,58,0.05172413793103448,0.9522160163149069,1.0,1.39972587689161
179,XGBoost-Q,0.05,58,0.017241379310344827,0.18772840378073352,1.0,1.5843856769969278
179,Historical-VaR,0.05,58,0.034482758620689655,0.566622286684572,1.0,1.494581672868169
179,GARCH-t,0.01,58,0.0,0.2802578748911524,1.0,
179,GARCH-Normal,0.01,58,0.0,0.2802578748911524,1.0,
179,XGBoost-Q,0.01,58,0.034482758620689655,0.14285740777902822,1.0,1.0328804941577845
179,Historical-VaR,0.01,58,0.0,0.2802578748911524,1.0,
179,GARCH-t,0.05,250,0.02,0.01373817726098514,0.05686946311865393,2.1924942827244864
179,GARCH-Normal,0.05,250,0.012,0.001008261016782086,1.0,2.5560905267445526
179,XGBoost-Q,0.05,250,0.024,0.036605690145713465,0.09518111041688382,2.060560259520003
179,Historical-VaR,0.05,250,0.032,0.16322015045707905,0.20464407894683734,1.897749930166954
179,GARCH-t,0.01,250,0.0,0.024981503053449705,1.0,
179,GARCH-Normal,0.01,250,0.008,0.7419327009525927,1.0,2.929461569603498
179,XGBoost-Q,0.01,250,0.004,0.2780714900139599,1.0,3.1513867570247807
179,Historical-VaR,0.01,250,0.008,0.7419327009525927,1.0,2.480367599025721
180,GARCH-t,0.05,58,0.13793103448275862,0.01064869216888753,1.0,1.6571435124532465
180,GARCH-Normal,0.05,58,0.13793103448275862,0.01064869216888753,1.0,1.6571435124532465
180,XGBoost-Q,0.05,58,0.1724137931034483,0.0006905869430211542,0.8181655207773267,1.5055198408485773
180,Historical-VaR,0.05,58,0.13793103448275862,0.01064869216888753,1.0,1.6571435124532465
180,GARCH-t,0.01,58,0.05172413793103448,0.02360405908935692,1.0,2.2726641049319976
180,GARCH-Normal,0.01,58,0.05172413793103448,0.02360405908935692,1.0,2.2726641049319976
180,XGBoost-Q,0.01,58,0.10344827586206896,2.5506905097061328e-05,1.0,1.79893791804761
180,Historical-VaR,0.01,58,0.05172413793103448,0.02360405908935692,1.0,2.2726641049319976
180,GARCH-t,0.05,250,0.028,0.08280655204389309,1.0,2.233350537475972
180,GARCH-Normal,0.05,250,0.028,0.08280655204389309,1.0,2.233350537475972
180,XGBoost-Q,0.05,250,0.024,0.036605690145713465,0.11954364333624434,2.238214034638934
180,Historical-VaR,0.05,250,0.04,0.45291244993520263,1.0,1.838272597900336
180,GARCH-t,0.01,250,0.0,0.024981503053449705,1.0,
180,GARCH-Normal,0.01,250,0.008,0.7419327009525927,1.0,2.5627889396886947
180,XGBoost-Q,0.01,250,0.004,0.2780714900139599,1.0,3.1869346409205055
180,Historical-VaR,0.01,250,0.02,0.1618549171960365,1.0,2.3887140388346766
181,GARCH-t,0.05,58,0.0,0.014717101200455551,1.0,
181,GARCH-Normal,0.05,58,0.0,0.014717101200455551,1.0,
181,XGBoost-Q,0.05,58,0.0,0.014717101200455551,1.0,
181,Historical-VaR,0.05,58,0.0,0.014717101200455551,1.0,
181,GARCH-t,0.01,58,0.0,0.2802578748911524,1.0,
181,GARCH-Normal,0.01,58,0.0,0.2802578748911524,1.0,
181,XGBoost-Q,0.01,58,0.0,0.2802578748911524,1.0,
181,Historical-VaR,0.01,58,0.0,0.2802578748911524,1.0,
181,GARCH-t,0.05,250,0.044,0.6570559130430669,0.4940636998432081,2.7868224404085993
181,GARCH-Normal,0.05,250,0.052,0.8853472694426691,0.6984184728469447,2.7110567649624397
181,XGBoost-Q,0.05,250,0.052,0.8853472694426691,0.6984184728469447,2.8531049481216915
181,Historical-VaR,0.05,250,0.06,0.4812385279526591,1.0,2.7055819959790584
181,GARCH-t,0.01,250,0.016,0.380483738238954,1.0,3.635927323968839
181,GARCH-Normal,0.01,250,0.028,0.01904923089052679,0.17433170965123956,3.0289190102861316
181,XGBoost-Q,0.01,250,0.0,0.024981503053449705,1.0,
181,Historical-VaR,0.01,250,0.028,0.01904923089052679,1.0,3.2140998444630324
182,GARCH-t,0.05,58,0.05172413793103448,0.9522160163149069,1.0,2.594349874428042
182,GARCH-Normal,0.05,58,0.05172413793103448,0.9522160163149069,1.0,2.594349874428042
182,XGBoost-Q,0.05,58,0.08620689655172414,0.24909991485866112,1.0,1.9403013857195148
182,Historical-VaR,0.05,58,0.06896551724137931,0.5297992033445762,1.0,2.2341795752389544
182,GARCH-t,0.01,58,0.0,0.2802578748911524,1.0,
182,GARCH-Normal,0.01,58,0.05172413793103448,0.02360405908935692,1.0,2.594349874428042
182,XGBoost-Q,0.01,58,0.06896551724137931,0.0029859389941127024,1.0,2.1369595627314713
182,Historical-VaR,0.01,58,0.034482758620689655,0.14285740777902822,1.0,2.7814645561642353
182,GARCH-t,0.05,250,0.072,0.1331391348605262,0.8694886459542454,1.7478380712761188
182,GARCH-Normal,0.05,250,0.072,0.1331391348605262,0.8694886459542454,1.7478380712761188
182,XGBoost-Q,0.05,250,0.092,0.006100334771630078,0.41995397267226564,1.5962347358913607
182,Historical-VaR,0.05,250,0.064,0.3293742025406984,1.0,1.8106117893891727
182,GARCH-t,0.01,250,0.028,0.01904923089052679,1.0,2.269861072122713
182,GARCH-Normal,0.01,250,0.028,0.01904923089052679,1.0,2.269861072122713
182,XGBoost-Q,0.01,250,0.04,0.0003189845082133269,1.0,2.106823871739298
182,Historical-VaR,0.01,250,0.02,0.1618549171960365,1.0,2.4009776953741038
183,GARCH-t,0.05,58,0.017241379310344827,0.18772840378073352,1.0,4.572846933324416
183,GARCH-Normal,0.05,58,0.05172413793103448,0.9522160163149069,1.0,2.814173580218982
183,XGBoost-Q,0.05,58,0.05172413793103448,0.9522160163149069,1.0,2.814173580218982
183,Historical-VaR,0.05,58,0.05172413793103448,0.9522160163149069,1.0,2.814173580218982
183,GARCH-t,0.01,58,0.017241379310344827,0.6152964566692893,1.0,4.572846933324416
183,GARCH-Normal,0.01,58,0.017241379310344827,0.6152964566692893,1.0,4.572846933324416
183,XGBoost-Q,0.01,58,0.017241379310344827,0.6152964566692893,1.0,4.572846933324416
183,Historical-VaR,0.01,58,0.017241379310344827,0.6152964566692893,1.0,4.572846933324416
183,GARCH-t,0.05,250,0.048,0.8838996943305626,1.0,2.599238439761302
183,GARCH-Normal,0.05,250,0.076,0.07874901240828369,0.6706071336824497,2.3063985272371093
183,XGBoost-Q,0.05,250,0.108,0.00023987731413255275,0.49984077117663206,2.0520564233820067
183,Historical-VaR,0.05,250,0.048,0.8838996943305626,0.5938165372595774,2.6217960773467603
183,GARCH-t,0.01,250,0.008,0.7419327009525927,1.0,4.608370677670666
183,GARCH-Normal,0.01,250,0.02,0.1618549171960365,1.0,3.3870441187850133
183,XGBoost-Q,0.01,250,0.016,0.380483738238954,1.0,3.653645065208769
183,Historical-VaR,0.01,250,0.016,0.380483738238954,1.0,3.653645065208769
184,GARCH-t,0.05,58,0.08620689655172414,0.24909991485866112,1.0,2.026315517406959
184,GARCH-Normal,0.05,58,0.08620689655172414,0.24909991485866112,1.0,2.026315517406959
184,XGBoost-Q,0.05,58,0.08620689655172414,0.24909991485866112,1.0,2.026315517406959
184,Historical-VaR,0.05,58,0.08620689655172414,0.24909991485866112,1.0,2.026315517406959
184,GARCH-t,0.01,58,0.034482758620689655,0.14285740777902822,1.0,2.534058964930609
184,GARCH-Normal,0.01,58,0.05172413793103448,0.02360405908935692,1.0,2.2831195507152824
184,XGBoost-Q,0.01,58,0.05172413793103448,0.02360405908935692,1.0,1.729091977693902
184,Historical-VaR,0.01,58,0.017241379310344827,0.6152964566692893,1.0,3.0301732899041087
184,GARCH-t,0.05,250,0.036,0.28602152157354077,1.0,2.151365214263494
184,GARCH-Normal,0.05,250,0.052,0.8853472694426691,1.0,1.9317824161660524
184,XGBoost-Q,0.05,250,0.132,6.056714834112853e-07,0.8340323151975384,1.5713671823265907
184,Historical-VaR,0.05,250,0.068,0.21457514830975966,1.0,1.9043826528099668
184,GARCH-t,0.01,250,0.008,0.7419327009525927,1.0,2.9117275408699017
184,GARCH-Normal,0.01,250,0.032,0.005420405194127675,1.0,2.2021347012730694
184,XGBoost-Q,0.01,250,0.044,6.711051864838335e-05,1.0,1.8705439781592352
184,Historical-VaR,0.01,250,0.016,0.380483738238954,1.0,2.678630096937596
185,GARCH-t,0.05,58,0.05172413793103448,0.9522160163149069,1.0,1.779724399302302
185,GARCH-Normal,0.05,58,0.05172413793103448,0.9522160163149069,1.0,1.779724399302302
185,XGBoost-Q,0.05,58,0.1206896551724138,0.03490665780790292,0.2085985388689996,1.4788626666716616
185,Historical-VaR,0.05,58,0.05172413793103448,0.9522160163149069,1.0,1.8739274161333217
185,GARCH-t,0.01,58,0.0,0.2802578748911524,1.0,
185,GARCH-Normal,0.01,58,0.0,0.2802578748911524,1.0,
185,XGBoost-Q,0.01,58,0.0,0.2802578748911524,1.0,
185,Historical-VaR,0.01,58,0.0,0.2802578748911524,1.0,
185,GARCH-t,0.05,250,0.104,0.0005718444785519639,1.0,1.6983297437290346
185,GARCH-Normal,0.05,250,0.104,0.0005718444785519639,1.0,1.6983297437290346
185,XGBoost-Q,0.05,250,0.136,1.981754611524167e-07,0.35349136248385993,1.5669497178475444
185,Historical-VaR,0.05,250,0.06,0.4812385279526591,1.0,1.9780940129924185
185,GARCH-t,0.01,250,0.036,0.0013824730075047142,1.0,2.192394844845976
185,GARCH-Normal,0.01,250,0.04,0.0003189845082133269,1.0,2.137863475856048
185,XGBoost-Q,0.01,250,0.064,8.52433379439077e-09,0.3561236544492167,1.819056407418043
185,Historical-VaR,0.01,250,0.02,0.1618549171960365,1.0,2.3506430289836278
186,GARCH-t,0.05,58,0.05172413793103448,0.9522160163149069,0.10826140068536261,1.7209403006993274
186,GARCH-Normal,0.05,58,0.10344827586206896,0.1001997614778738,0.6249518715764388,1.56633027496692
186,XGBoost-Q,0.05,58,0.08620689655172414,0.24909991485866112,1.0,1.5159227071436363
186,Historical-VaR,0.05,58,0.05172413793103448,0.9522160163149069,0.10826140068536261,1.7209403006993274
186,GARCH-t,0.01,58,0.0,0.2802578748911524,1.0,
186,GARCH-Normal,0.01,58,0.017241379310344827,0.6152964566692893,1.0,1.8456185824802196
186,XGBoost-Q,0.01,58,0.0,0.2802578748911524,1.0,
186,Historical-VaR,0.01,58,0.0,0.2802578748911524,1.0,
186,GARCH-t,0.05,250,0.04,0.45291244993520263,1.0,2.206570798355732
186,GARCH-Normal,0.05,250,0.048,0.8838996943305626,1.0,2.109499218172654
186,XGBoost-Q,0.05,250,0.072,0.1331391348605262,0.7675549258303029,1.883888632309423
186,Historical-VaR,0.05,250,0.048,0.8838996943305626,0.11395391525605225,2.088964030949406
186,GARCH-t,0.01,250,0.008,0.7419327009525927,1.0,2.9898152899193327
186,GARCH-Normal,0.01,250,0.012,0.7579883213733308,1.0,2.755973196444085
186,XGBoost-Q,0.01,250,0.012,0.7579883213733308,1.0,2.8223682121460656
186,Historical-VaR,0.01,250,0.008,0.7419327009525927,1.0,2.9898152899193327
187,GARCH-t,0.05,58,0.0,0.014717101200455551,1.0,
187,GARCH-Normal,0.05,58,0.05172413793103448,0.9522160163149069,1.0,2.6593415714911934
187,XGBoost-Q,0.05,58,0.1206896551724138,0.03490665780790292,0.7371982333888507,2.3167596905574395
187,Historical-VaR,0.05,58,0.05172413793103448,0.9522160163149069,1.0,2.7269381251774707
187,GARCH-t,0.01,58,0.0,0.2802578748911524,1.0,
187,GARCH-Normal,0.01,58,0.017241379310344827,0.6152964566692893,1.0,2.582082012253305
187,XGBoost-Q,0.01,58,0.0,0.2802578748911524,1.0,
187,Historical-VaR,0.01,58,0.0,0.2802578748911524,1.0,
187,GARCH-t,0.05,250,0.02,0.01373817726098514,1.0,3.1295116717611458
187,GARCH-Normal,0.05,250,0.028,0.08280655204389309,1.0,3.0062144372894295
187,XGBoost-Q,0.05,250,0.032,0.16322015045707905,1.0,3.063001149234239
187,Historical-VaR,0.05,250,0.056,0.6690657551458938,0.8060054340398742,2.5203497535417165
187,GARCH-t,0.01,250,0.004,0.2780714900139599,1.0,3.3710446042469333
187,GARCH-Normal,0.01,250,0.008,0.7419327009525927,1.0,3.8824349134371845
187,XGBoost-Q,0.01,250,0.004,0.2780714900139599,1.0,1.2246121378186674
187,Historical-VaR,0.01,250,0.02,0.1618549171960365,1.0,3.3774865044867957
188,GARCH-t,0.05,58,0.0,0.014717101200455551,1.0,
188,GARCH-Normal,0.05,58,0.017241379310344827,0.18772840378073352,1.0,2.0316464043709375
188,XGBoost-Q,0.05,58,0.0,0.014717101200455551,1.0,
188,Historical-VaR,0.05,58,0.0,0.014717101200455551,1.0,
188,GARCH-t,0.01,58,0.0,0.2802578748911524,1.0,
188,GARCH-Normal,0.01,58,0.0,0.2802578748911524,1.0,
188,XGBoost-Q,0.01,58,0.0,0.2802578748911524,1.0,
188,Historical-VaR,0.01,58,0.0,0.2802578748911524,1.0,
188,GARCH-t,0.05,250,0.064,0.3293742025406984,0.3561236544492167,3.4566148030604364
188,GARCH-Normal,0.05,250,0.088,0.012356545939324781,0.1455369490435019,3.094994103365279
188,XGBoost-Q,0.05,250,0.128,1.7909088273482254e-06,0.12644786266733898,2.5253043233873034
188,Historical-VaR,0.05,250,0.06,0.4812385279526591,0.007191202011363473,3.5001079194910374
188,GARCH-t,0.01,250,0.004,0.2780714900139599,1.0,5.854911145923443
188,GARCH-Normal,0.01,250,0.068,1.156144957548122e-09,0.11531850247183639,3.4711711006444483
188,XGBoost-Q,0.01,250,0.068,1.156144957548122e-09,0.11531850247183639,3.4711711006444483
188,Historical-VaR,0.01,250,0.028,0.01904923089052679,1.0,3.904169239417928
189,GARCH-t,0.05,58,0.017241379310344827,0.18772840378073352,1.0,1.8149152887790252
189,GARCH-Normal,0.05,58,0.034482758620689655,0.566622286684572,1.0,1.7799023716759956
189,XGBoost-Q,0.05,58,0.05172413793103448,0.9522160163149069,1.0,1.7282314082350336
189,Historical-VaR,0.05,58,0.05172413793103448,0.9522160163149069,1.0,1.7282314082350336
189,GARCH-t,0.01,58,0.0,0.2802578748911524,1.0,
189,GARCH-Normal,0.01,58,0.0,0.2802578748911524,1.0,
189,XGBoost-Q,0.01,58,0.0,0.2802578748911524,1.0,
189,Historical-VaR,0.01,58,0.0,0.2802578748911524,1.0,
189,GARCH-t,0.05,250,0.024,0.036605690145713465,1.0,2.7102136626802533
189,GARCH-Normal,0.05,250,0.056,0.6690657551458938,1.0,2.257947321851819
189,XGBoost-Q,0.05,250,0.16,1.2618062150693277e-10,0.10962178059314764,1.8555359614102525
189,Historical-VaR,0.05,250,0.06,0.4812385279526591,0.05493120975677379,2.5697724531893527
189,GARCH-t,0.01,250,0.0,0.024981503053449705,1.0,
189,GARCH-Normal,0.01,250,0.016,0.380483738238954,1.0,2.110444484674013
189,XGBoost-Q,0.01,250,0.048,1.2961433017655288e-05,0.11395391525605225,2.801281588323315
189,Historical-VaR,0.01,250,0.016,0.380483738238954,1.0,3.8284620472281006
190,GARCH-t,0.05,58,0.0,0.014717101200455551,1.0,
190,GARCH-Normal,0.05,58,0.0,0.014717101200455551,1.0,
190,XGBoost-Q,0.05,58,0.0,0.014717101200455551,1.0,
190,Historical-VaR,0.05,58,0.0,0.014717101200455551,1.0,
190,GARCH-t,0.01,58,0.0,0.2802578748911524,1.0,
190,GARCH-Normal,0.01,58,0.0,0.2802578748911524,1.0,
190,XGBoost-Q,0.01,58,0.0,0.2802578748911524,1.0,
190,Historical-VaR,0.01,58,0.0,0.2802578748911524,1.0,
190,GARCH-t,0.05,250,0.04,0.45291244993520263,1.0,1.8815390127689366
190,GARCH-Normal,0.05,250,0.04,0.45291244993520263,1.0,1.8815390127689366
190,XGBoost-Q,0.05,250,0.108,0.00023987731413255275,0.06787390315526531,1.5519400927126956
190,Historical-VaR,0.05,250,0.052,0.8853472694426691,0.6984184728469447,1.9064904432603489
190,GARCH-t,0.01,250,0.016,0.380483738238954,1.0,2.516758330571731
190,GARCH-Normal,0.01,250,0.016,0.380483738238954,1.0,2.516758330571731
190,XGBoost-Q,0.01,250,0.048,1.2961433017655288e-05,0.5938165372595774,1.937071002282049
190,Historical-VaR,0.01,250,0.016,0.380483738238954,1.0,2.516758330571731
191,GARCH-t,0.05,58,0.017241379310344827,0.18772840378073352,1.0,1.5999616074862855
191,GARCH-Normal,0.05,58,0.034482758620689655,0.566622286684572,1.0,1.573900521528687
191,XGBoost-Q,0.05,58,0.05172413793103448,0.9522160163149069,0.10826140068536261,1.3472747063495036
191,Historical-VaR,0.05,58,0.034482758620689655,0.566622286684572,1.0,1.573900521528687
191,GARCH-t,0.01,58,0.0,0.2802578748911524,1.0,
191,GARCH-Normal,0.01,58,0.0,0.2802578748911524,1.0,
191,XGBoost-Q,0.01,58,0.034482758620689655,0.14285740777902822,1.0,1.573900521528687
191,Historical-VaR,0.01,58,0.017241379310344827,0.6152964566692893,1.0,1.5999616074862855
191,GARCH-t,0.05,250,0.016,0.004223420509394504,1.0,2.3276142534339916
191,GARCH-Normal,0.05,250,0.016,0.004223420509394504,1.0,2.3276142534339916
191,XGBoost-Q,0.05,250,0.016,0.004223420509394504,1.0,2.3276142534339916
191,Historical-VaR,0.05,250,0.036,0.28602152157354077,1.0,1.764461236405106
191,GARCH-t,0.01,250,0.004,0.2780714900139599,1.0,3.355009591316917
191,GARCH-Normal,0.01,250,0.004,0.2780714900139599,1.0,3.355009591316917
191,XGBoost-Q,0.01,250,0.008,0.7419327009525927,1.0,2.4514245134440027
191,Historical-VaR,0.01,250,0.012,0.7579883213733308,1.0,2.227385688073249
192,GARCH-t,0.05,58,0.0,0.014717101200455551,1.0,
192,GARCH-Normal,0.05,58,0.0,0.014717101200455551,1.0,
192,XGBoost-Q,0.05,58,0.08620689655172414,0.24909991485866112,0.41026037736228527,1.005001383011979
192,Historical-VaR,0.05,58,0.034482758620689655,0.566622286684572,1.0,1.1408873265061592
192,GARCH-t,0.01,58,0.0,0.2802578748911524,1.0,
192,GARCH-Normal,0.01,58,0.0,0.2802578748911524,1.0,
192,XGBoost-Q,0.01,58,0.0,0.2802578748911524,1.0,
192,Historical-VaR,0.01,58,0.0,0.2802578748911524,1.0,
192,GARCH-t,0.05,250,0.008,0.00017085611685885294,1.0,2.3921957548157837
192,GARCH-Normal,0.05,250,0.016,0.004223420509394504,1.0,2.078713641730979
192,XGBoost-Q,0.05,250,0.048,0.8838996943305626,0.5938165372595774,1.5340356612127006
192,Historical-VaR,0.05,250,0.044,0.6570559130430669,1.0,1.5611007917767799
192,GARCH-t,0.01,250,0.0,0.024981503053449705,1.0,
192,GARCH-Normal,0.01,250,0.004,0.2780714900139599,1.0,2.9132160830436056
192,XGBoost-Q,0.01,250,0.004,0.2780714900139599,1.0,2.9132160830436056
192,Historical-VaR,0.01,250,0.012,0.7579883213733308,1.0,2.1880874371408474
193,GARCH-t,0.05,58,0.034482758620689655,0.566622286684572,1.0,1.5259808292001686
193,GARCH-Normal,0.05,58,0.08620689655172414,0.24909991485866112,1.0,1.235833526950147
193,XGBoost-Q,0.05,58,0.017241379310344827,0.18772840378073352,1.0,1.7187526890378417
193,Historical-VaR,0.05,58,0.017241379310344827,0.18772840378073352,1.0,1.7187526890378417
193,GARCH-t,0.01,58,0.0,0.2802578748911524,1.0,
193,GARCH-Normal,0.01,58,0.017241379310344827,0.6152964566692893,1.0,1.7187526890378417
193,XGBoost-Q,0.01,58,0.0,0.2802578748911524,1.0,
193,Historical-VaR,0.01,58,0.0,0.2802578748911524,1.0,
193,GARCH-t,0.05,250,0.02,0.01373817726098514,1.0,3.317278570367878
193,GARCH-Normal,0.05,250,0.028,0.08280655204389309,1.0,3.034565275846833
193,XGBoost-Q,0.05,250,0.084,0.023963870334161808,0.3502875722269412,2.0565770276743947
193,Historical-VaR,0.05,250,0.044,0.6570559130430669,0.07829206140871703,2.613430400942933
193,GARCH-t,0.01,250,0.0,0.024981503053449705,1.0,
193,GARCH-Normal,0.01,250,0.016,0.380483738238954,1.0,3.4800136375591144
193,XGBoost-Q,0.01,250,0.016,0.380483738238954,1.0,3.4800136375591144
193,Historical-VaR,0.01,250,0.02,0.1618549171960365,1.0,3.317278570367878
194,GARCH-t,0.05,58,0.05172413793103448,0.9522160163149069,1.0,1.6955576949327513
194,GARCH-Normal,0.05,58,0.06896551724137931,0.5297992033445762,1.0,1.6005274185183502
194,XGBoost-Q,0.05,58,0.1206896551724138,0.03490665780790292,1.0,1.4375524602806575
194,Historical-VaR,0.05,58,0.08620689655172414,0.24909991485866112,1.0,1.5403309833770837
194,GARCH-t,0.01,58,0.0,0.2802578748911524,1.0,
194,GARCH-Normal,0.01,58,0.017241379310344827,0.6152964566692893,1.0,1.8979342027294732
194,XGBoost-Q,0.01,58,0.05172413793103448,0.02360405908935692,1.0,1.6955576949327513
194,Historical-VaR,0.01,58,0.034482758620689655,0.14285740777902822,1.0,1.7903714722311062
194,GARCH-t,0.05,250,0.016,0.004223420509394504,1.0,2.193502321939718
194,GARCH-Normal,0.05,250,0.02,0.01373817726098514,1.0,2.091363605898322
194,XGBoost-Q,0.05,250,0.044,0.6570559130430669,0.4940636998432081,1.7465624648332907
194,Historical-VaR,0.05,250,0.056,0.6690657551458938,0.8060054340398742,1.6787746345755175
194,GARCH-t,0.01,250,0.0,0.024981503053449705,1.0,
194,GARCH-Normal,0.01,250,0.008,0.7419327009525927,1.0,2.3269330764302927
194,XGBoost-Q,0.01,250,0.0,0.024981503053449705,1.0,
194,Historical-VaR,0.01,250,0.008,0.7419327009525927,1.0,1.7903714722311062
195,GARCH-t,0.05,58,0.034482758620689655,0.566622286684572,1.0,1.266160950567914
195,GARCH-Normal,0.05,58,0.034482758620689655,0.566622286684572,1.0,1.266160950567914
195,XGBoost-Q,0.05,58,0.034482758620689655,0.566622286684572,1.0,1.2221516289986205
195,Historical-VaR,0.05,58,0.0,0.014717101200455551,1.0,
195,GARCH-t,0.01,58,0.0,0.2802578748911524,1.0,
195,GARCH-Normal,0.01,58,0.0,0.2802578748911524,1.0,
195,XGBoost-Q,0.01,58,0.0,0.2802578748911524,1.0,
195,Historical-VaR,0.01,58,0.0,0.2802578748911524,1.0,
195,GARCH-t,0.05,250,0.032,0.16322015045707905,1.0,2.0358086312801507
195,GARCH-Normal,0.05,250,0.032,0.16322015045707905,1.0,2.0358086312801507
195,XGBoost-Q,0.05,250,0.1,0.0013109034724475555,6.58448305508319e-05,1.6125742302251522
195,Historical-VaR,0.05,250,0.068,0.21457514830975966,0.0002440330655244516,1.7908577020945744
195,GARCH-t,0.01,250,0.008,0.7419327009525927,1.0,3.3388362739693513
195,GARCH-Normal,0.01,250,0.008,0.7419327009525927,1.0,3.3388362739693513
195,XGBoost-Q,0.01,250,0.04,0.0003189845082133269,0.00015052318364117134,2.1063998979704763
195,Historical-VaR,0.01,250,0.024,0.059353618972289524,1.0,2.3631261766372806
196,GARCH-t,0.05,58,0.15517241379310345,0.002872135801635811,1.0,3.0168163369353254
196,GARCH-Normal,0.05,58,0.15517241379310345,0.002872135801635811,1.0,3.0168163369353254
196,XGBoost-Q,0.05,58,0.22413793103448276,5.145489379132506e-06,0.1435868759912653,2.622912978817701
196,Historical-VaR,0.05,58,0.13793103448275862,0.01064869216888753,0.8835267408663141,3.242803083946143
196,GARCH-t,0.01,58,0.034482758620689655,0.14285740777902822,1.0,5.7003626936722185
196,GARCH-Normal,0.01,58,0.05172413793103448,0.02360405908935692,1.0,4.544061286773937
196,XGBoost-Q,0.01,58,0.1724137931034483,2.895516049150615e-10,0.46369416515239115,2.9852440163644536
196,Historical-VaR,0.01,58,0.034482758620689655,0.14285740777902822,1.0,5.7003626936722185
196,GARCH-t,0.05,250,0.048,0.8838996943305626,1.0,2.5810436841999267
196,GARCH-Normal,0.05,250,0.068,0.21457514830975966,1.0,2.3756567852594173
196,XGBoost-Q,0.05,250,0.172,2.1449508835758024e-12,0.10839634237464002,1.8378621323822832
196,Historical-VaR,0.05,250,0.08,0.044446449306055236,0.5798486356307124,2.4547565251403998
196,GARCH-t,0.01,250,0.004,0.2780714900139599,1.0,5.015770620203594
196,GARCH-Normal,0.01,250,0.024,0.059353618972289524,1.0,3.5087752089208286
196,XGBoost-Q,0.01,250,0.048,1.2961433017655288e-05,0.5938165372595774,2.9331530102165044
196,Historical-VaR,0.01,250,0.012,0.7579883213733308,1.0,4.86245219245696
197,GARCH-t,0.05,58,0.08620689655172414,0.24909991485866112,1.0,2.669429219120214
197,GARCH-Normal,0.05,58,0.08620689655172414,0.24909991485866112,1.0,2.669429219120214
197,XGBoost-Q,0.05,58,0.08620689655172414,0.24909991485866112,1.0,2.669429219120214
197,Historical-VaR,0.05,58,0.08620689655172414,0.24909991485866112,1.0,2.669429219120214
197,GARCH-t,0.01,58,0.0,0.2802578748911524,1.0,
197,GARCH-Normal,0.01,58,0.034482758620689655,0.14285740777902822,1.0,2.915100576960207
197,XGBoost-Q,0.01,58,0.0,0.2802578748911524,1.0,
197,Historical-VaR,0.01,58,0.017241379310344827,0.6152964566692893,1.0,3.083018900609151
197,GARCH-t,0.05,250,0.044,0.6570559130430669,1.0,2.793382734902698
197,GARCH-Normal,0.05,250,0.012,0.001008261016782086,1.0,3.143879031458075
197,XGBoost-Q,0.05,250,0.1,0.0013109034724475555,0.3268317996107135,2.151273986795717
197,Historical-VaR,0.05,250,0.064,0.3293742025406984,0.08106294284440829,2.528294567362496
197,GARCH-t,0.01,250,0.0,0.024981503053449705,1.0,
197,GARCH-Normal,0.01,250,0.0,0.024981503053449705,1.0,
197,XGBoost-Q,0.01,250,0.06,5.902967969984019e-08,0.28020572726503534,2.591260256142844
197,Historical-VaR,0.01,250,0.02,0.1618549171960365,0.07573778314272639,2.849469345169776
198,GARCH-t,0.05,58,0.05172413793103448,0.9522160163149069,1.0,1.9821314264996002
198,GARCH-Normal,0.05,58,0.10344827586206896,0.1001997614778738,0.6249518715764388,1.9403883504199904
198,XGBoost-Q,0.05,58,0.1206896551724138,0.03490665780790292,0.8600837305914304,1.8576709085530605
198,Historical-VaR,0.05,58,0.08620689655172414,0.24909991485866112,1.0,2.0085678271329477
198,GARCH-t,0.01,58,0.0,0.2802578748911524,1.0,
198,GARCH-Normal,0.01,58,0.0,0.2802578748911524,1.0,
198,XGBoost-Q,0.01,58,0.034482758620689655,0.14285740777902822,1.0,2.0551034531610366
198,Historical-VaR,0.01,58,0.0,0.2802578748911524,1.0,
198,GARCH-t,0.05,250,0.024,0.036605690145713465,1.0,2.269211909692172
198,GARCH-Normal,0.05,250,0.04,0.45291244993520263,1.0,2.158330694373091
198,XGBoost-Q,0.05,250,0.136,1.981754611524167e-07,0.006725785785497762,1.5226968384899093
198,Historical-VaR,0.05,250,0.08,0.044446449306055236,0.5798486356307124,1.772376591245116
198,GARCH-t,0.01,250,0.0,0.024981503053449705,1.0,
198,GARCH-Normal,0.01,250,0.016,0.380483738238954,1.0,2.3733241826326954
198,XGBoost-Q,0.01,250,0.084,2.2148949341271873e-13,0.023631866313938543,1.7169748185782883
198,Historical-VaR,0.01,250,0.012,0.7579883213733308,1.0,2.36431669026777
199,GARCH-t,0.05,58,0.017241379310344827,0.18772840378073352,1.0,2.0852668918070276
199,GARCH-Normal,0.05,58,0.034482758620689655,0.566622286684572,1.0,1.7927768235172046
199,XGBoost-Q,0.05,58,0.034482758620689655,0.566622286684572,1.0,1.7927768235172046
199,Historical-VaR,0.05,58,0.017241379310344827,0.18772840378073352,1.0,2.0852668918070276
199,GARCH-t,0.01,58,0.0,0.2802578748911524,1.0,
199,GARCH-Normal,0.01,58,0.0,0.2802578748911524,1.0,
199,XGBoost-Q,0.01,58,0.0,0.2802578748911524,1.0,
199,Historical-VaR,0.01,58,0.0,0.2802578748911524,1.0,
199,GARCH-t,0.05,250,0.06,0.4812385279526591,1.0,1.9012141265607465
199,GARCH-Normal,0.05,250,0.06,0.4812385279526591,1.0,1.9012141265607465
199,XGBoost-Q,0.05,250,0.072,0.1331391348605262,0.7675549258303029,1.8948544701703613
199,Historical-VaR,0.05,250,0.056,0.6690657551458938,0.8060054340398742,1.9968710259187141
199,GARCH-t,0.01,250,0.02,0.1618549171960365,1.0,2.315664045380874
199,GARCH-Normal,0.01,250,0.02,0.1618549171960365,1.0,2.315664045380874
199,XGBoost-Q,0.01,250,0.032,0.005420405194127675,1.0,2.144090766000195
199,Historical-VaR,0.01,250,0.012,0.7579883213733308,1.0,2.5911499376209197
