Date,price,volume,log_return
2018-01-03,49782.23046875,140912700,-0.00504365693817605
2018-01-04,49744.62109375,177259000,-0.0007557634186090794
2018-01-05,49887.73828125,151467900,0.0028729076945233412
2018-01-08,49995.5703125,145968200,0.0021591610182059703
2018-01-09,49701.37109375,203050800,-0.0059018876320338426
2018-01-10,48785.25,173520200,-0.01860450704868971
2018-01-11,48799.390625,197594600,0.0002898125157484345
2018-01-12,49135.91015625,170141300,0.006872309637303505
2018-01-15,49387.28125,26871200,0.005102791243467912
2018-01-16,49491.71875,156009100,0.002112431129694305
2018-01-17,49732.30078125,164355000,0.004849279515931022
2018-01-18,49911.96875,128052800,0.0036061915914402374
2018-01-19,49695.55859375,165177900,-0.004345263907859882
2018-01-22,49974.48046875,155881700,0.0055969197110253876
2018-01-23,50260.25,164040100,0.005702021728060283
2018-01-24,50746.9296875,203081600,0.009636611085723754
2018-01-25,50777.8984375,211170500,0.0006100724627159586
2018-01-26,51065.48828125,201663100,0.005647703153682635
2018-01-29,50636.3203125,153099700,-0.008439781399121922
2018-01-30,50382.859375,131191800,-0.005018086073446167
2018-01-31,50456.171875,193869800,0.0014540503217462888
2018-02-01,50591.1484375,173045000,0.002671553136927836
2018-02-02,50395.828125,137153500,-0.0038682325721642796
2018-02-06,49304.94140625,241970300,-0.02188408896372568
2018-02-07,48976.44921875,185614500,-0.006684753006813284
2018-02-08,47862.1015625,253048900,-0.023015562242178135
2018-02-09,47799.08984375,181847500,-0.001317393750525434
2018-02-12,47830.48828125,136157700,0.0006566679314895117
2018-02-13,47926.73046875,132844000,0.0020101298087571084
2018-02-14,48400.75,151998500,0.009841913339650963
2018-02-15,48808.390625,190985100,0.008386927645869756
2018-02-16,48882.78125,131791700,0.0015229756783754593
2018-02-19,48928.48046875,16629600,0.0009344368178519391
2018-02-20,48685.19140625,140908500,-0.004984743665317446
2018-02-21,48535.58984375,148051100,-0.0030775659001022466
2018-02-22,48969.640625,174797900,0.008903186963584648
2018-02-23,48643.4296875,118771200,-0.006683780171124106
2018-02-26,48463.44140625,142142400,-0.0037070185732288445
2018-02-27,47970.19140625,162311300,-0.010229922636156092
2018-02-28,47437.9296875,268429100,-0.01115769254420793
2018-03-01,47599.421875,180647800,0.003398502594584029
2018-03-02,47548.1015625,135948400,-0.0010787525649163148
2018-03-05,47720.91015625,148487500,0.0036278067791378345
2018-03-06,47884.62890625,170956000,0.0034248833621584986
2018-03-07,47662.12109375,167836000,-0.0046575778818000535
2018-03-08,48240.0,161788800,0.012051577043925985
2018-03-09,48556.44921875,157745200,0.006538470133886088
2018-03-12,48671.2890625,155969600,0.002362286713327386
2018-03-13,48557.01171875,181292600,-0.002350702325445977
2018-03-14,48156.44140625,130466800,-0.008283699736448892
2018-03-15,47817.05078125,144253200,-0.007072620408235955
2018-03-16,47477.578125,626242600,-0.007124726674806416
2018-03-20,47076.51171875,204182100,-0.00848337310900208
2018-03-21,47521.83984375,243628900,0.009415204543323194
2018-03-22,47361.0390625,174611400,-0.0033894615561743846
2018-03-23,46515.9296875,219398300,-0.018005102146360447
2018-03-26,46858.4609375,147884800,0.007336760843923048
2018-03-27,46793.578125,136838600,-0.001385614740060529
2018-03-28,46124.8515625,222370200,-0.014394089758523645
2018-04-02,45826.640625,123635900,-0.0064862891494442245
2018-04-03,46684.05859375,179119300,0.01853715361460431
2018-04-04,47457.4609375,204725400,0.016431001913846277
2018-04-05,47951.75,171675100,0.010361546436498767
2018-04-06,47926.109375,141523700,-0.0005348602018944832
2018-04-09,48058.9609375,163936300,0.0027681731523839224
2018-04-10,48331.51171875,197041800,0.005655154500320104
2018-04-11,48532.140625,158662900,0.00414250729351791
2018-04-12,48782.55859375,153658600,0.005146571350459977
2018-04-13,48768.30078125,135504800,-0.0002923154689333046
2018-04-16,48434.390625,135388400,-0.006870416135006103
2018-04-17,48933.609375,191182900,0.010254357170183585
2018-04-18,49090.73828125,185636800,0.003205918623009466
2018-04-19,48745.28125,186815800,-0.007061989410742253
2018-04-20,48431.578125,145440100,-0.006456356312212143
2018-04-23,48442.21875,154739600,0.00021968014852411253
2018-04-24,48046.80078125,138630000,-0.008196169559141079
2018-04-25,48058.2109375,148755800,0.00023745184771430447
2018-04-26,48297.7109375,199167500,0.004971162925098179
2018-04-27,48284.609375,181149200,-0.00027130353749984685
2018-04-30,48358.16015625,158828400,0.0015221168806976808
2018-05-02,47809.98046875,224921700,-0.0114005661604804
2018-05-03,47094.12890625,227437900,-0.015086072539103882
2018-05-04,46992.171875,143106300,-0.0021673095937035586
2018-05-07,46474.69921875,130076500,-0.01107297029395483
2018-05-08,46719.51171875,151576700,0.005253825546898186
2018-05-09,46294.4296875,149268500,-0.009140242510776785
2018-05-10,46551.55078125,162391500,0.005538672751538807
2018-05-11,46728.921875,112927100,0.0038029675980230096
2018-05-14,46519.2890625,147800800,-0.004496239950487327
2018-05-15,46258.9609375,209492200,-0.005611849936942452
2018-05-16,46419.76953125,130694200,0.0034702407837420945
2018-05-17,45787.8984375,141663500,-0.013705606024295519
2018-05-18,45666.76953125,261968200,-0.002648940284171027
2018-05-21,45305.01953125,139278500,-0.00795305688683321
2018-05-22,45600.87109375,145395600,0.006508986491226509
2018-05-23,45776.69140625,137643600,0.00384822104384779
2018-05-24,45433.08984375,113011500,-0.007534349566654064
2018-05-25,45091.98828125,154111900,-0.007536103451283822
2018-05-28,44851.05078125,33191800,-0.005357570276137762
2018-05-29,44647.37109375,169415800,-0.004551589511149169
2018-05-30,44715.87890625,195730500,0.0015332438316844653
2018-05-31,44662.55078125,696609200,-0.0011933109927011263
2018-06-01,45013.12109375,115933300,0.007818666781682753
2018-06-04,45243.98046875,136759300,0.005115605851682199
2018-06-05,45130.69921875,174165900,-0.0025069258274486835
2018-06-06,45181.8203125,132366900,0.0011320933016865532
2018-06-07,45476.5703125,155293500,0.006502454687687167
2018-06-08,45939.5390625,110956600,0.01012890859915819
2018-06-11,46301.140625,159921600,0.007840432574846136
2018-06-12,46660.75,157456500,0.0077367438710244174
2018-06-13,46760.578125,185514000,0.0021371600040435176
2018-06-14,47197.23828125,195121600,0.009294879696244502
2018-06-15,46938.8203125,611452000,-0.0054903215993541985
2018-06-18,46660.87109375,123654900,-0.005939122909196242
2018-06-19,46488.37890625,149355700,-0.003703570016177668
2018-06-20,46759.41015625,164021300,0.005813156879458374
2018-06-21,46456.91015625,157877500,-0.006490302574949755
2018-06-22,46737.640625,126571900,0.00602462945560559
2018-06-25,46747.8515625,143640500,0.00021844967174421313
2018-06-26,46908.94140625,145397600,0.0034400068057083215
2018-06-27,46874.4296875,155250800,-0.0007359880521538065
2018-06-28,47031.26953125,164828300,0.0033403721156616615
2018-06-29,47663.19921875,186005000,0.013346905617706276
2018-07-02,46653.51953125,130376900,-0.021411225364178298
2018-07-03,47053.890625,123660200,0.008545183979435461
2018-07-04,47318.51953125,27786300,0.005608198400388868
2018-07-05,48562.6484375,195996000,0.02595293245234383
2018-07-06,48981.41015625,186006200,0.00858615680851712
2018-07-09,49235.80859375,110589400,0.005180334154321148
2018-07-10,48990.921875,199193400,-0.004986162624815204
2018-07-11,49025.1484375,153113200,0.0006983867804947958
2018-07-12,48696.30078125,167303600,-0.006730331983528547
2018-07-13,48406.01171875,157090100,-0.005979052811879203
2018-07-16,48454.2109375,104742500,0.000995232540388673
2018-07-17,48704.62890625,136881700,0.005154827366535969
2018-07-18,49002.76953125,119118000,0.006102742578004816
2018-07-19,48747.7890625,125988900,-0.005216973707995865
2018-07-20,48908.23828125,133637800,0.0032860104489184595
2018-07-23,48850.9296875,93642900,-0.0011724445186183468
2018-07-24,49462.76953125,160356400,0.01244684611904301
2018-07-25,49603.6484375,152352300,0.0028441323327061847
2018-07-26,49438.23828125,209954900,-0.003340209188658686
2018-07-27,49643.94140625,145631700,0.004152177943309086
2018-07-30,49705.28125,141630900,0.0012348330445734117
2018-07-31,49698.01171875,162236700,-0.00014626338918657714
2018-08-01,49449.44140625,118712500,-0.005014164770919323
2018-08-02,49056.0390625,116198200,-0.007987462899536854
2018-08-03,49302.5703125,139429600,0.005012916872863527
2018-08-06,49320.2109375,75684900,0.0003577393572670307
2018-08-07,49963.87109375,167824600,0.012966210914691216
2018-08-08,49894.55859375,107393100,-0.001388215523680092
2018-08-09,49244.3984375,126922900,-0.013116326754192206
2018-08-10,48383.58984375,178191700,-0.017634920423772713
2018-08-13,48767.01953125,96122300,0.007893551689782929
2018-08-14,49096.12890625,131514600,0.0067259355732353105
2018-08-15,48556.69140625,112472600,-0.011048180387293086
2018-08-16,48059.05859375,142089600,-0.010301368320381888
2018-08-17,48264.62890625,128370700,0.004268329627659454
2018-08-20,48785.48046875,77718200,0.010733765610680738
2018-08-21,49344.05078125,138129900,0.01138446985769726
2018-08-22,49880.33984375,146164100,0.010809726947887096
2018-08-23,49749.55859375,101141300,-0.002625342937566168
2018-08-24,49633.76953125,59196300,-0.0023301516879193486
2018-08-27,50416.26953125,114161400,0.015642491755816623
2018-08-28,50023.98046875,134515200,-0.0078114313183705545
2018-08-29,50187.48046875,119419000,0.003263102713945199
2018-08-30,49653.140625,112498700,-0.01070395876361642
2018-08-31,49547.6796875,161152700,-0.002126211797406948
2018-09-03,49488.48046875,14746800,-0.0011955072916278455
2018-09-04,48884.171875,129616800,-0.012286264142453785
2018-09-05,48595.37109375,138797600,-0.0059253791603821465
2018-09-06,48711.8515625,113931800,0.0023940776687565385
2018-09-07,48971.140625,112060300,0.005308798710248521
2018-09-10,48848.73828125,79593200,-0.0025026080384255005
2018-09-11,48895.80078125,114311200,0.0009629694730404644
2018-09-12,49254.98046875,165457100,0.007318969574808395
2018-09-13,49693.2109375,187567300,0.00885783414248883
2018-09-14,49611.9296875,136086200,-0.0016370002124701452
2018-09-17,49398.5703125,75804000,-0.004309839971668856
2018-09-18,49661.828125,104226700,0.0053151094971034445
2018-09-19,49590.7890625,129421200,-0.0014314801290633886
2018-09-20,49510.78125,94879400,-0.0016146632112957126
2018-09-21,49344.2890625,543954900,-0.003368412857223482
2018-09-24,49417.21875,93047500,0.001476885121976527
2018-09-25,49651.55078125,88477300,0.0047307031141920275
2018-09-26,49606.0703125,97265900,-0.0009164126931868133
2018-09-27,49646.91015625,105511000,0.0008229444770721066
2018-09-28,49504.16015625,133890700,-0.0028794464483529653
2018-10-01,49841.46875,92809700,0.006790633742963542
2018-10-02,49376.5,95809500,-0.009372740840085842
2018-10-03,49005.3515625,172821200,-0.0075450947984002795
2018-10-04,48683.26171875,139178200,-0.006594238572464864
2018-10-05,48052.8515625,128342300,-0.013033789746777144
2018-10-08,48093.1015625,145536700,0.0008372687782086385
2018-10-09,48505.21875,115835800,0.008532647080190886
2018-10-10,48136.1796875,147682600,-0.007637324423343635
2018-10-11,47558.23046875,183060400,-0.012079205985722093
2018-10-12,47444.05078125,151846700,-0.002403726331078242
2018-10-15,47739.08984375,107365800,0.006199417365153558
2018-10-16,48191.5703125,120949800,0.0094335601069627
2018-10-17,47887.94921875,130687000,-0.0063202252866294455
2018-10-18,47024.4609375,158751900,-0.01819597888876076
2018-10-19,47437.44921875,174772800,0.008744072863786844
2018-10-22,46962.73828125,126751100,-0.010057499918452822
2018-10-23,46449.03125,159801500,-0.010998875465856681
2018-10-24,45959.0390625,177518200,-0.010605064648137446
2018-10-25,46275.7109375,160539500,0.006866677023327418
2018-10-26,45803.328125,210198000,-0.01026046669389816
2018-10-29,43879.12890625,283226200,-0.04291797148109195
2018-10-30,43538.12109375,265281800,-0.0078018821741096716
2018-10-31,43942.55078125,350723200,0.00924621542419158
2018-11-01,45446.828125,251785000,0.03365991322558884
2018-11-05,46817.359375,263564600,0.029711031004142494
2018-11-06,46328.3515625,198618300,-0.010499942515441306
2018-11-07,46917.3984375,207466200,0.012634457028891504
2018-11-08,44190.25,266730400,-0.05988439896175089
2018-11-09,44263.73828125,293645100,0.0016616163857885464
2018-11-12,43310.01171875,175353100,-0.021781967096096654
2018-11-13,42421.328125,210180300,-0.020732568224000224
2018-11-14,42343.9609375,243201200,-0.0018254455294044473
2018-11-15,41450.6484375,163402200,-0.02132228674453245
2018-11-16,42319.26953125,220705500,0.02073900149039463
2018-11-20,41797.37109375,196342700,-0.012409081738468903
2018-11-21,41499.9296875,199105900,-0.007141712100766724
2018-11-22,41271.12109375,61405500,-0.005528724703114481
2018-11-23,41144.328125,101392600,-0.0030769247752919326
2018-11-26,39427.28125,278486700,-0.042628089273529346
2018-11-27,39807.28125,230570200,0.00959184733154329
2018-11-28,40989.48046875,296334900,0.029265618312941697
2018-11-29,41913.44921875,236661100,0.02229129931422389
2018-11-30,41732.78125,407747600,-0.004319818088361364
2018-12-03,42081.78125,241424900,0.008327956542592042
2018-12-04,41865.0703125,245386100,-0.0051630624585746205
2018-12-05,41895.26953125,55449000,0.0007210863784668819
2018-12-06,41987.0,210015100,0.0021871250224579333
2018-12-07,41870.12890625,145493500,-0.002787387809332529
2018-12-10,41356.0390625,161393200,-0.01235420048562121
2018-12-11,40897.8515625,163015000,-0.011140925631681358
2018-12-13,41512.51171875,207793600,0.01491733636248642
2018-12-14,41312.171875,136776200,-0.004837693928298011
2018-12-17,40340.51171875,136795100,-0.023800957478389406
2018-12-18,40917.5703125,185471300,0.014203345202572108
2018-12-19,41388.28125,222583500,0.011438216374371729
2018-12-20,41683.26953125,161386700,0.007102058849030842
2018-12-21,41468.55859375,432960100,-0.005164322169226954
2018-12-24,41380.109375,33657800,-0.002135200348357678
2018-12-26,41573.609375,79376300,0.004665260433666355
2018-12-27,41417.8515625,91005300,-0.0037535908783598265
2018-12-28,41459.1484375,68151300,0.0009965823670722673
2018-12-31,41640.26953125,65622100,0.004359149197074233
2019-01-02,42271.140625,68115200,0.01503688186396153
2019-01-03,42044.3203125,113098700,-0.005380291043542276
2019-01-04,42455.12890625,110987200,0.009723420310972059
2019-01-07,42834.19921875,142739600,0.008889102936713673
2019-01-08,43542.87109375,174362500,0.0164091644650723
2019-01-09,43648.0703125,222062800,0.002413077966603869
2019-01-10,43668.94921875,189110700,0.00047823223376178205
2019-01-11,43556.109375,157125500,-0.002587327736261198
2019-01-14,43397.98046875,118296200,-0.003637070570196091
2019-01-15,43603.62109375,180731700,0.0047272924697006335
2019-01-16,43819.53125,181390300,0.004939437424606878
2019-01-17,43932.078125,222954400,0.0025651253011440027
2019-01-18,44241.5390625,191426300,0.007019383303303529
2019-01-21,44028.9609375,51613300,-0.004816525021722242
2019-01-22,43768.078125,180533500,-0.005942878782763068
2019-01-23,43679.671875,226028900,-0.0020219223506222307
2019-01-24,43566.109375,167624100,-0.002603279207497672
2019-01-25,43638.62109375,165295800,0.001663022982171733
2019-01-28,43626.1484375,213910000,-0.0002858577728889326
2019-01-29,43700.1015625,216394800,0.0016937207925233116
2019-01-30,43631.359375,175070700,-0.0015742826458966831
2019-01-31,43987.94140625,184179100,0.008139393870765866
2019-02-01,43738.26953125,145312800,-0.005692085556691941
2019-02-05,44337.1015625,143140100,0.013598381740235432
2019-02-06,43855.7890625,184307300,-0.010915103818234741
2019-02-07,43624.55078125,156102100,-0.00528664658205272
2019-02-08,43180.44921875,111612400,-0.010232254760526513
2019-02-11,43285.171875,100496900,0.002422297003838428
2019-02-12,43113.7890625,169619700,-0.003967247647978709
2019-02-13,42284.05859375,195295700,-0.019432728162329084
2019-02-14,42725.21875,184916300,0.010379199317095666
2019-02-15,42988.71875,132320000,0.00614837767966109
2019-02-18,42981.30859375,24585100,-0.00017238929653291116
2019-02-19,42949.5,129307600,-0.0007403304059015376
2019-02-20,43178.0,170892600,0.005306099355304142
2019-02-21,43577.640625,152692500,0.009213082836760466
2019-02-22,43738.66015625,137297100,0.003688193666824278
2019-02-25,43664.328125,152162100,-0.0017009040682107101
2019-02-26,43623.328125,175194100,-0.0009394227036600317
2019-02-27,43311.1796875,157917600,-0.007181262925971284
2019-02-28,42823.80859375,294808900,-0.011316569601244494
2019-03-01,42619.23046875,125346700,-0.0047886526083244785
2019-03-04,42418.48828125,110675000,-0.004721259303144603
2019-03-05,42128.91015625,126793500,-0.006850104502234318
2019-03-06,41908.1484375,146751000,-0.005253925595792684
2019-03-07,41641.83984375,143660500,-0.006374854170511014
2019-03-08,41586.69921875,140494000,-0.0013250414746865536
2019-03-11,41876.171875,101281000,0.006936589004210504
2019-03-12,41740.62109375,128527300,-0.0032421932288422663
2019-03-13,41932.55859375,150059300,0.004587798321359236
2019-03-14,41777.80859375,133351200,-0.0036972762510399867
2019-03-15,42210.4609375,571444500,0.010302776166895617
2019-03-19,42378.609375,208786400,0.003975659227755829
2019-03-20,43156.2109375,214931900,0.018182606403543137
2019-03-21,43251.19140625,150021700,0.0021984344958417123
2019-03-22,42259.12109375,148439300,-0.023204565584443733
2019-03-25,42703.37890625,142967200,0.010457834018422409
2019-03-26,42826.16015625,147062600,0.0028710860759377527
2019-03-27,42947.55078125,166516700,0.0028304874469863113
2019-03-28,42942.23046875,155395000,-0.00012388697303390367
2019-03-29,43281.28125,201679200,0.007864502895447956
2019-04-01,43672.05859375,130210300,0.008988268313178132
2019-04-02,43324.58984375,115672300,-0.0079881375642336
2019-04-03,43339.75,139044600,0.0003498591561873834
2019-04-04,43937.390625,130329800,0.01369545248810429
2019-04-05,44989.859375,217740400,0.023671436917248587
2019-04-08,45436.28125,162478900,0.009873815221950365
2019-04-09,45151.62890625,191575000,-0.006284575505528793
2019-04-10,44909.140625,145314900,-0.005385005446666516
2019-04-11,44580.05859375,109090000,-0.007354709115887511
2019-04-12,44686.05859375,143662400,0.0023749223817949414
2019-04-15,44625.78125,108627100,-0.0013498177399011227
2019-04-16,45009.359375,136771900,0.008558707305959796
2019-04-17,45525.2890625,110086300,0.011397520871418794
2019-04-22,45381.21875,86717900,-0.003169639590938508
2019-04-23,45148.3203125,132582400,-0.005145258745782129
2019-04-24,45045.328125,131485100,-0.0022838023308596046
2019-04-25,45026.6796875,125639200,-0.0004140784294555966
2019-04-26,44974.96875,109775400,-0.0011491110238070214
2019-04-29,44956.73046875,99063800,-0.0004056029555424133
2019-04-30,44597.3203125,182198500,-0.008026707508741925
2019-05-02,44312.4296875,152299700,-0.00640855699241227
2019-05-03,44277.23828125,131697100,-0.0007944810926141224
2019-05-06,44116.69921875,112770300,-0.003632358588235655
2019-05-07,43583.6015625,124978400,-0.01215740921265761
2019-05-08,43410.73828125,137524600,-0.003974132318801099
2019-05-09,43193.359375,213444900,-0.0050200710739694435
2019-05-10,43382.3515625,176698300,0.004365947115177963
2019-05-13,43142.4609375,158579700,-0.00554502766859092
2019-05-14,43431.53125,178927100,0.006678019101933225
2019-05-15,43338.8203125,168554600,-0.0021369274437772795
2019-05-16,43442.48828125,224795700,0.0023891784934518346
2019-05-17,43445.62109375,145460800,7.211142062794772e-05
2019-05-20,43519.21875,128816700,0.0016925845882704985
2019-05-21,43190.1015625,158536500,-0.007591312372036227
2019-05-22,42942.23046875,112411600,-0.005755603550312027
2019-05-23,42812.5703125,130074300,-0.0030239765908025547
2019-05-24,42617.6015625,109779100,-0.004564408199494566
2019-05-27,42491.4296875,55464400,-0.0029649489737455788
2019-05-28,42207.7109375,517663300,-0.006699473196145391
2019-05-29,42854.75,160494600,0.015213562721339446
2019-05-30,43345.8203125,147956400,0.011393790625925836
2019-05-31,42749.16015625,237096200,-0.01386073161278347
2019-06-03,43108.421875,206974600,0.008368831431288998
2019-06-04,43241.8203125,148735300,0.0030897086155730023
2019-06-05,43420.37890625,130411000,0.00412080118055948
2019-06-06,43147.828125,118390100,-0.006296807826906358
2019-06-07,43291.328125,78236900,0.00332025757898269
2019-06-10,43609.171875,179083300,0.0073151516356113905
2019-06-11,43713.66015625,146543700,0.002393150306465181
2019-06-12,43800.16015625,150009000,0.001976831267570903
2019-06-13,43483.19921875,149333100,-0.007262835276816589
2019-06-14,43130.6484375,92577500,-0.008140793598796965
2019-06-17,42964.7109375,95463400,-0.0038547421528216524
2019-06-18,43161.05078125,122872600,0.004559383393710368
2019-06-19,43375.671875,100286700,0.004960241784221959
2019-06-20,43645.109375,127724600,0.006192506138007195
2019-06-21,43526.73046875,476630200,-0.0027159912933293223
2019-06-24,43743.71875,98815300,0.004972788162409544
2019-06-25,43792.171875,142482300,0.0011070460265505107
2019-06-26,43792.078125,103345700,-2.140795862250305e-06
2019-06-27,43316.55859375,118861200,-0.010917958832079647
2019-06-28,43161.171875,154407100,-0.0035936855682303297
2019-07-01,43438.23828125,104560400,0.0063988276853852765
2019-07-02,43441.80078125,102358600,8.200963168156756e-05
2019-07-03,43483.23046875,74914400,0.0009532280872679432
2019-07-04,43461.48046875,19660500,-0.0005003179657320025
2019-07-05,43405.3203125,66632400,-0.0012930178979634532
2019-07-08,43589.078125,87785200,0.004224595815303239
2019-07-09,42818.66015625,134545100,-0.01783262472097208
2019-07-10,42805.609375,168529100,-0.00030483836936678183
2019-07-11,42882.01953125,109282800,0.0017834587671204305
2019-07-12,42647.30859375,103417900,-0.005488445468447115
2019-07-15,43063.94921875,93360700,0.009722034591410224
2019-07-16,42984.96875,96273000,-0.0018357114254000024
2019-07-17,42551.5390625,157485100,-0.01013446558156231
2019-07-18,41618.109375,174501700,-0.022180630990071167
2019-07-19,41606.5390625,135676500,-0.00027805013999505885
2019-07-22,41209.3203125,96897500,-0.009592891968211585
2019-07-23,40935.33984375,199768300,-0.006670707120851276
2019-07-24,41167.73828125,143648100,0.005661153356938333
2019-07-25,40933.4296875,157339600,-0.005707817213285162
2019-07-26,40673.78125,140916800,-0.006363391437427822
2019-07-29,41276.671875,121563600,0.014713805206057093
2019-07-30,41159.26953125,103670700,-0.0028483309857549885
2019-07-31,40863.08984375,224795200,-0.007221956965582129
2019-08-01,40346.80078125,175951000,-0.01271510192604384
2019-08-02,39977.51953125,175313900,-0.009194820455159703
2019-08-05,39496.359375,211684500,-0.012108784469551766
2019-08-06,39785.62890625,194936300,0.007297264388926686
2019-08-07,40432.359375,208346600,0.01612467466004926
2019-08-08,40439.421875,168753700,0.00017465919283066804
2019-08-09,40421.28125,117642000,-0.0004486882899421857
2019-08-12,39851.2109375,138796900,-0.01420361772496621
2019-08-13,39476.5,162811500,-0.009447234011602145
2019-08-14,38650.08984375,295728800,-0.021156458575199925
2019-08-15,38574.1796875,172249400,-0.001965966946928314
2019-08-16,39339.55078125,245976900,0.019647261384422937
2019-08-19,39556.3203125,203666400,0.0054950930564516215
2019-08-20,39700.05078125,203216500,0.003626979745117481
2019-08-21,40076.0390625,269006000,0.009426159290079726
2019-08-22,40144.23828125,180439600,0.0017002991622227241
2019-08-23,39862.0703125,146431200,-0.007053672232376054
2019-08-26,40081.71875,134615300,0.005495085804254356
2019-08-27,40648.96875,561318900,0.014053127827138542
2019-08-28,40941.9609375,168519400,0.007182010256047538
2019-08-29,41831.30078125,221653700,0.021489404896578114
2019-08-30,42622.5,334492800,0.018737401036292435
2019-09-02,42108.23046875,43877100,-0.01213906320609961
2019-09-03,41826.55078125,227203800,-0.006711895611474297
2019-09-04,42324.46875,330571700,0.0118340522173485
2019-09-05,42731.48046875,156447400,0.00957051985581725
2019-09-06,42707.66015625,122346300,-0.0005575972076246271
2019-09-09,42662.46875,105424500,-0.0010587171660666882
2019-09-10,42588.1015625,151218400,-0.0017446735216236444
2019-09-11,42749.171875,134325300,0.0037749156325871244
2019-09-12,42670.41015625,138966200,-0.001844114410252636
2019-09-13,42841.4609375,106896800,0.004000637740761035
2019-09-17,43448.94140625,213641200,0.014080140741464794
2019-09-18,43070.33984375,148961100,-0.008751898389170345
2019-09-19,43017.4609375,113237000,-0.0012284879488254578
2019-09-20,43559.44921875,836150600,0.012520552203072287
2019-09-23,43507.94921875,103045100,-0.0011829917266455562
2019-09-24,43099.328125,142811800,-0.009436253819420749
2019-09-25,43014.078125,184974700,-0.0019799478748340855
2019-09-26,42984.75,147086300,-0.0006820587390873574
2019-09-27,42857.578125,103303400,-0.00296291982786165
2019-09-30,43011.26953125,185049400,0.00357968167882197
2019-10-01,42937.16015625,117491300,-0.0017245083740515153
2019-10-02,42222.8984375,123038000,-0.016774964223120664
2019-10-03,42443.30859375,96559200,0.005206579151078109
2019-10-04,43416.8984375,125587800,0.02267946021082306
2019-10-07,42952.2890625,101995800,-0.01075878724907876
2019-10-08,42535.140625,156602300,-0.009759370470545226
2019-10-09,42501.921875,136161300,-0.0007812770270541443
2019-10-10,42929.76171875,222833900,0.010016036264827577
2019-10-11,43214.6015625,141784500,0.006613105512156563
2019-10-14,43299.53125,95999200,0.0019633720415719487
2019-10-15,43244.62890625,148645300,-0.00126877078744377
2019-10-16,43538.48828125,188703900,0.006772296447815952
2019-10-17,43479.98046875,169230700,-0.0013447219229889367
2019-10-18,43178.62890625,206626300,-0.006954941451305623
2019-10-21,43405.4296875,123775600,0.005238869687097338
2019-10-22,43363.5390625,176146000,-0.0009655670421834307
2019-10-23,43546.48046875,139689000,0.0042099099144387265
2019-10-24,43776.6015625,205826300,0.005270579578918918
2019-10-25,43389.16015625,156139100,-0.008889819814474046
2019-10-28,43765.48828125,148316000,0.008635924086612453
2019-10-29,43851.05859375,159045400,0.0019532917641411325
2019-10-30,43741.62109375,151170600,-0.002498783170777625
2019-10-31,43337.28125,197290500,-0.009286813197768905
2019-11-01,43814.55078125,138787800,0.010952708423758619
2019-11-04,43815.76171875,134995900,2.7637411428251968e-05
2019-11-05,43611.83984375,204832200,-0.004664939702381518
2019-11-06,43818.51171875,121802200,0.004727700535398738
2019-11-07,44119.8984375,160371000,0.006854522347061028
2019-11-08,43702.23046875,78350900,-0.009511751148237973
2019-11-11,43595.6015625,97112500,-0.0024428776017904404
2019-11-12,43100.76953125,152670200,-0.011415412168385918
2019-11-13,43098.66015625,110378400,-4.894173912910608e-05
2019-11-14,43188.69140625,117855500,0.0020867782135125038
2019-11-15,43392.359375,95431600,0.0047046863621753605
2019-11-19,43602.25,172645900,0.004825380187822873
2019-11-20,43604.69921875,109208100,5.6170265617266e-05
2019-11-21,43255.4296875,120388800,-0.008042157387997784
2019-11-22,43521.859375,105097300,0.006140558838715137
2019-11-25,43535.109375,113976800,0.00030439837941880903
2019-11-26,42852.359375,602710500,-0.01580701983562764
2019-11-27,43036.16015625,109035600,0.00427999138487732
2019-11-28,43100.12109375,14564700,0.0014851105324627696
2019-11-29,42820.1796875,84595100,-0.0065163272076252925
2019-12-02,42544.140625,140656700,-0.006467339601230008
2019-12-03,42294.51953125,107724200,-0.005884624147288255
2019-12-04,42191.921875,131988300,-0.0024287377945051386
2019-12-05,42216.03125,118806100,0.0005712583888852211
2019-12-06,41938.69140625,119341700,-0.006591212924480718
2019-12-09,41951.58984375,90508700,0.0003075073157329886
2019-12-10,42633.4296875,124122600,0.016122349245579363
2019-12-11,43195.19140625,160648600,0.013090499033541547
2019-12-13,44254.4296875,163260800,0.024226293361744308
2019-12-16,44356.21875,117209400,0.002297446391992357
2019-12-17,44401.16015625,194926900,0.0010126799742061164
2019-12-18,45106.2890625,279772100,0.015756085106803094
2019-12-19,44649.4296875,130327800,-0.010180149564273017
2019-12-20,44505.640625,473714200,-0.003225597527248707
2019-12-23,44276.8515625,92129000,-0.005153934369425057
2019-12-24,44157.96875,13691800,-0.002688598986068412
2019-12-26,44300.171875,32194100,0.0032151534385393282
2019-12-27,44261.51171875,59475000,-0.0008730673839277114
2019-12-30,43657.48046875,81802900,-0.013740847999161218
2019-12-31,43541.01953125,46721800,-0.002671169956987126
2020-01-02,44437.23046875,95180400,0.020374170643893942
2020-01-03,44624.8515625,103484500,0.004213271619517513
2020-01-06,44495.30078125,86928400,-0.0029073305890095335
2020-01-07,44157.80859375,137546300,-0.007613806672946075
2020-01-08,44470.91015625,144629400,0.007065494558626443
2020-01-09,44572.171875,173852300,0.002274444237397656
2020-01-10,44660.328125,135840900,0.0019758782658977087
2020-01-13,44847.46875,149580500,0.004181555221318949
2020-01-14,44773.23828125,171978900,-0.0016565476480580948
2020-01-15,44453.328125,179445600,-0.007170768526610879
2020-01-16,45303.078125,190177600,0.018935147349401375
2020-01-17,45817.76171875,173859200,0.011296846434402263
2020-01-20,45902.6796875,32099800,0.0018516699595226486
2020-01-21,45637.3203125,135382200,-0.005797686657135201
2020-01-22,45604.44140625,158784400,-0.0007206986593370813
2020-01-23,45476.4296875,198093000,-0.002810948149757095
2020-01-24,45141.62109375,142721200,-0.007389479565366839
2020-01-27,44134.390625,126493100,-0.02256537201442677
2020-01-28,44717.94140625,126852800,0.01313548352458288
2020-01-29,45132.6015625,166379800,0.009230063312409734
2020-01-30,44862.76171875,160392700,-0.005996767890226423
2020-01-31,44108.30859375,312755900,-0.016959922060937445
2020-02-04,45047.0703125,230415400,0.021059781837203796
2020-02-05,44782.859375,160083000,-0.005882487057651136
2020-02-06,44493.1484375,140863100,-0.0064902533517167925
2020-02-07,44399.328125,109892200,-0.002110872617458201
2020-02-10,44290.53125,127396100,-0.0024534243337407296
2020-02-11,45027.41015625,151710800,0.01650050624853836
2020-02-12,45338.37109375,271163000,0.006882299043139484
2020-02-13,45005.12109375,177633700,-0.007377432583114597
2020-02-14,44999.6796875,131042300,-0.00012091368925653084
2020-02-17,45016.9609375,32139500,0.0003839567904849087
2020-02-18,44974.109375,133300100,-0.0009523515075432404
2020-02-19,44901.5,174543900,-0.0016157752098012526
2020-02-20,44774.5390625,182720500,-0.0028315483969812414
2020-02-21,44802.5390625,146648800,0.0006251599515861058
2020-02-24,43818.0703125,163769200,-0.022218516803661267
2020-02-25,43045.6796875,177163100,-0.017784426366801134
2020-02-26,42737.28125,236279700,-0.00719023365008211
2020-02-27,41607.421875,221635400,-0.02679307468593596
2020-02-28,41324.30859375,380959200,-0.006827649187310114
2020-03-02,42167.23828125,267176100,0.020192662861272047
2020-03-03,42472.25,241737100,0.00720734601031766
2020-03-04,43404.76171875,157320300,0.021718230614801087
2020-03-05,42344.859375,142960000,-0.024722122676903716
2020-03-06,41388.78125,167489000,-0.022837169624000564
2020-03-09,38730.55859375,206509000,-0.0663809436196292
2020-03-10,39565.44140625,260716900,0.02132712929268333
2020-03-11,38678.55078125,246658100,-0.022670842474379862
2020-03-12,36636.69921875,338781100,-0.0542347540841872
2020-03-13,38085.05078125,281966000,0.03877138826665809
2020-03-17,36862.83984375,495328300,-0.03261784386426282
2020-03-18,35532.73828125,293107400,-0.03674951670862607
2020-03-19,35143.62890625,232076100,-0.011011129234261315
2020-03-20,34269.51171875,703945600,-0.025187259664676602
2020-03-23,32964.21875,186601700,-0.03883339481189049
2020-03-24,34371.53125,246843900,0.041805948897861454
2020-03-25,35536.69921875,211798800,0.03333730150366919
2020-03-26,35706.5703125,223230700,0.0047687709109907545
2020-03-27,33799.48828125,270719300,-0.054889051452441474
2020-03-30,34199.96875,164060600,0.011779067559072117
2020-03-31,34554.53125,377848300,0.01031396179526346
2020-04-01,33691.87890625,209106900,-0.02528186581361546
2020-04-02,33590.62109375,186445500,-0.003009932417702893
2020-04-03,33075.41015625,170642000,-0.015456783171616056
2020-04-06,34381.55859375,182677600,0.038730222524361965
2020-04-07,34526.30859375,209742300,0.004201268122755263
2020-04-08,34567.78125,173301800,0.0012004691377915557
2020-04-13,34613.671875,162653800,0.0013266744093378346
2020-04-14,34746.390625,183031600,0.003826954797757883
2020-04-15,33855.23828125,216587900,-0.02598196250865728
2020-04-16,33759.75,251591100,-0.0028244727140608415
2020-04-17,34743.1015625,162231800,0.028711771629736777
2020-04-20,34477.05859375,153774600,-0.007686901566071214
2020-04-21,33892.28125,122731100,-0.01710683783044125
2020-04-22,34223.8515625,200294400,0.009735518376247523
2020-04-23,34240.6015625,197079500,0.0004893050209166953
2020-04-24,34586.8203125,281220800,0.010060573555662214
2020-04-27,34968.08984375,198687100,0.010963233197966642
2020-04-28,35830.80859375,344904800,0.024372171697414742
2020-04-29,36870.08984375,196287600,0.02859255044567205
2020-04-30,36470.109375,246830000,-0.010907645157773021
2020-05-04,36370.4296875,233337100,-0.002736930588549167
2020-05-05,36616.05859375,148214100,0.006730830304791254
2020-05-06,36986.19921875,150916000,0.010057945404148545
2020-05-07,36792.41015625,142846100,-0.005253270827560632
2020-05-08,37623.6796875,152768500,0.022342052941968536
2020-05-11,37631.890625,140379000,0.0002182147447289174
2020-05-12,37462.890625,161125000,-0.004500986153745843
2020-05-13,36394.58984375,271439000,-0.028930726752326084
2020-05-14,36094.140625,157261400,-0.008289590321427192
2020-05-15,35691.390625,131211300,-0.011221041869917773
2020-05-18,37112.4609375,179950200,0.03904328680787124
2020-05-19,35862.0390625,217403100,-0.03427345923191848
2020-05-20,36026.98046875,203045100,0.004588786903920776
2020-05-21,35560.76171875,162494600,-0.01302528413983717
2020-05-22,35784.421875,119075400,0.006269824469427456
2020-05-25,35832.76953125,37538300,0.0013501692162260122
2020-05-26,36206.859375,197668600,0.01038576161465454
2020-05-27,36889.9609375,176207000,0.018690866337871648
2020-05-28,36508.140625,173561300,-0.01040418617403791
2020-05-29,36122.73046875,743778600,-0.01061294647808965
2020-06-01,36980.8515625,127693300,0.02347793327933008
2020-06-02,37460.44140625,229177200,0.012885227004886852
2020-06-03,38290.76953125,286723500,0.021923382385551717
2020-06-04,37872.890625,243657600,-0.010973293525056537
2020-06-05,38948.078125,211569100,0.027993859784822755
2020-06-08,39954.01171875,224210300,0.025499656668416894
2020-06-09,39185.66015625,218346100,-0.019418218132349868
2020-06-10,38266.19140625,188244800,-0.023744092087267795
2020-06-11,36827.359375,201982200,-0.0383257452213052
2020-06-12,37679.23828125,180935200,0.022868203816436165
2020-06-15,37416.73828125,158208000,-0.006991082110139288
2020-06-16,37894.05078125,183397800,0.01267597636817009
2020-06-17,37897.23828125,146231900,8.411256864222784e-05
2020-06-18,37632.890625,145116400,-0.006999822175386253
2020-06-19,38404.62890625,926578300,0.020299578073028658
2020-06-22,38123.55859375,139646300,-0.0073455699265689445
2020-06-23,38217.6796875,157345400,0.0024658007535226425
2020-06-24,37908.37890625,149757900,-0.00812606061480281
2020-06-25,37734.51953125,100428600,-0.004596854027120254
2020-06-26,37431.94921875,111590600,-0.008050716011097275
2020-06-29,37769.19140625,102336800,0.008969131199082088
2020-06-30,37716.4296875,187916800,-0.0013979278855433424
2020-07-01,37619.76953125,168620900,-0.002566102625130909
2020-07-02,37894.078125,163134900,0.007265152255358106
2020-07-03,37950.0,19679300,0.0014746539615613163
2020-07-06,37884.76171875,127711300,-0.0017205380715884973
2020-07-07,37837.390625,139887800,-0.0012511820772007935
2020-07-08,37483.87890625,176346300,-0.00938683898152333
2020-07-09,36795.94921875,133280000,-0.018523181172647837
2020-07-10,36465.4609375,105150800,-0.009022226636644455
2020-07-13,36389.390625,150410600,-0.002088271090063846
2020-07-14,36190.91015625,166784200,-0.005469279167370361
2020-07-15,36590.26171875,194173400,0.010974145100754578
2020-07-16,36465.671875,163886500,-0.0034108102766511796
2020-07-17,36327.83984375,120832100,-0.0037869363000911397
2020-07-20,36323.69140625,104592000,-0.00011420096543416387
2020-07-21,36881.671875,159575200,0.015244546293938809
2020-07-22,37447.1015625,111884900,0.015214581611161935
2020-07-23,37433.30078125,111327700,-0.0003686086338828147
2020-07-24,37357.4609375,107838600,-0.002028054481630544
2020-07-27,37742.140625,160802900,0.010244609662366436
2020-07-28,37771.2109375,143410900,0.0007699383839962632
2020-07-29,37720.83984375,159535500,-0.0013344743109739588
2020-07-30,37136.78125,101237700,-0.015604835879659513
2020-07-31,37019.6796875,274994400,-0.003158232158187642
2020-08-03,37546.71875,154914300,0.014136336212995626
2020-08-04,37466.94921875,181950200,-0.0021268007145461886
2020-08-05,37901.9609375,146010800,0.0115436603368939
2020-08-06,37998.33984375,122767000,0.002539619924004673
2020-08-07,38005.0,87930700,0.00017525956834897393
2020-08-10,38289.76171875,92165000,0.007464812384455424
2020-08-11,38703.58984375,135385000,0.01074981415167138
2020-08-12,38634.1015625,99486700,-0.0017970099361910553
2020-08-13,38615.62109375,103940600,-0.00047846046476534665
2020-08-14,38949.87890625,118697000,0.008618777204963273
2020-08-17,39285.8515625,128684900,0.008588779565197139
2020-08-18,39087.3515625,179124200,-0.005065517716141242
2020-08-19,39021.921875,123913300,-0.0016753376372427979
2020-08-20,38707.23828125,113789400,-0.008096969331994263
2020-08-21,38095.87890625,95386100,-0.01592050714586588
2020-08-24,38029.62109375,111110400,-0.0017407525528583812
2020-08-25,38249.8984375,153501200,0.005775546501029472
2020-08-26,37753.0390625,152144900,-0.013074927618691308
2020-08-27,37647.19140625,122956700,-0.002807623401754363
2020-08-28,37794.25,95345300,0.0038986206327364524
2020-08-31,36840.73046875,399817100,-0.025552935320055883
2020-09-01,37487.98828125,187147300,0.017416529832862734
2020-09-02,37053.76953125,147051300,-0.011650480864459207
2020-09-03,36429.66015625,157137000,-0.016986806002226813
2020-09-04,36448.5,136693200,0.0005170230458421949
2020-09-07,36637.44921875,14432100,0.005170614645816943
2020-09-08,36071.4296875,124202100,-0.015569789389637337
2020-09-09,36157.9609375,138264900,0.0023960133305394597
2020-09-10,36180.73828125,174185900,0.0006297416113016022
2020-09-11,36334.890625,280229300,0.004251568338513401
2020-09-14,36881.98828125,150019800,0.014944855535533399
2020-09-15,36729.1484375,184597500,-0.004152634239829316
2020-09-17,36130.921875,232987200,-0.016421614843134605
2020-09-18,36017.3515625,486905600,-0.003148250149118708
2020-09-21,35517.76953125,110138500,-0.013967688760524446
2020-09-22,35853.578125,126610200,0.009410248869874616
2020-09-23,35829.578125,135746900,-0.000669613397408523
2020-09-24,36217.48828125,190696500,0.010768346971219856
2020-09-25,36583.7109375,184842700,0.010060981120226947
2020-09-28,37231.5,204799200,0.017552092173751522
2020-09-29,37134.921875,134150700,-0.002597359853014536
2020-09-30,37458.69140625,198611000,0.008680946001840786
2020-10-01,36626.109375,123598600,-0.02247740632958147
2020-10-02,36642.37890625,115541800,0.0004441071980344169
2020-10-05,36740.328125,131829300,0.002669546569812488
2020-10-06,36947.87109375,102728300,0.00563301911958638
2020-10-07,37418.7890625,122449600,0.012664929751174206
2020-10-08,38404.05078125,175750800,0.02598998350565782
2020-10-09,38478.578125,59366600,0.001938730976136829
2020-10-12,38342.08984375,165643500,-0.003553429785945932
2020-10-13,38131.78125,119511500,-0.005500156352094972
2020-10-14,38025.71875,175342100,-0.002785347958397761
2020-10-15,38059.23046875,161152700,0.0008809027609576188
2020-10-16,37876.48828125,145696100,-0.004813085153827961
2020-10-19,37685.73828125,123400600,-0.005048829656645102
2020-10-20,38201.80859375,169743200,0.013601131922565027
2020-10-21,38669.25,226033900,0.012161850673473225
2020-10-22,38652.19140625,218160200,-0.0004412383865721115
2020-10-23,38707.71875,135919800,0.0014355588876429038
2020-10-26,38245.859375,88901800,-0.012003728273514728
2020-10-27,38001.30859375,153207500,-0.0064147069678383295
2020-10-28,37393.7109375,166811700,-0.01611806228187093
2020-10-29,36801.37109375,124235400,-0.015967431066056834
2020-10-30,36987.859375,266462300,0.005054631336276861
2020-11-03,37466.08984375,168988500,0.012846519244080944
2020-11-04,37475.76171875,116323000,0.0002581167892718777
2020-11-05,38399.0703125,175333100,0.02433887885582984
2020-11-06,38530.5,160753700,0.003416886766362518
2020-11-09,39652.51953125,261910500,0.028704354900841784
2020-11-10,40404.578125,248709500,0.01878860811680446
2020-11-11,40858.94921875,218303100,0.01118277396233127
2020-11-12,40335.94921875,133961100,-0.012882760946208363
2020-11-13,40791.80859375,130010200,0.011238180003388129
2020-11-17,41948.7890625,283566600,0.02796827479466452
2020-11-18,42252.609375,212897900,0.00721654596431573
2020-11-19,41868.8203125,199706900,-0.009124707622962084
2020-11-20,41905.05859375,119931900,0.0008651451737322919
2020-11-23,42267.19921875,124783600,0.008604803266445594
2020-11-24,42736.48046875,220161700,0.011041545952983182
2020-11-25,42200.58984375,165257500,-0.012618700736987948
2020-11-26,42412.46875,102061300,0.005008195014663984
2020-11-27,41674.30078125,91401900,-0.017557742697309323
2020-11-30,41778.87109375,800216100,0.002506084906773272
2020-12-01,42895.62890625,224469600,0.0263791949371401
2020-12-02,43674.828125,174294200,0.0180019902490898
2020-12-03,43934.2109375,175436600,0.005921388321723628
2020-12-04,43646.03125,181383000,-0.006580952972141866
2020-12-07,43255.25,138348100,-0.008993742749985935
2020-12-08,43098.640625,195805600,-0.0036271567051819244
2020-12-09,42736.9609375,150237200,-0.008427315040465505
2020-12-10,43518.7109375,179638100,0.01812684055807077
2020-12-11,43612.30859375,184977700,0.002148435603202672
2020-12-14,43569.83984375,233288900,-0.0009742534250487585
2020-12-15,43543.3515625,214805000,-0.0006081348103254312
2020-12-16,43790.421875,286997500,0.005658085341232408
2020-12-17,44326.05078125,313831200,0.012157443152288703
2020-12-18,43873.80859375,666074900,-0.01025503110912445
2020-12-21,43246.23828125,126314800,-0.01440727341975989
2020-12-22,42601.7109375,100170800,-0.015015838118242095
2020-12-23,43597.30078125,119034900,0.023100824430708572
2020-12-24,43372.19921875,45207600,-0.005176574895083074
2020-12-28,43883.41015625,55446300,0.011717683033285993
2020-12-29,44693.98828125,95876700,0.018302654332692632
2020-12-30,44693.9609375,82856500,-6.117994704946845e-07
2020-12-31,44066.87890625,55365200,-0.014129935355762421
2021-01-04,44703.0,87067500,0.014332158394129981
2021-01-05,44908.12109375,164420500,0.004578035616500736
2021-01-06,45587.16015625,240344800,0.015007452271743464
2021-01-07,46188.66015625,221127900,0.013108215446529407
2021-01-08,46729.30078125,346659500,0.011637076852117378
2021-01-11,46395.3203125,180062200,-0.0071727948364069425
2021-01-12,45951.76953125,201068500,-0.009606240822437986
2021-01-13,45740.1484375,180414700,-0.004615924155247156
2021-01-14,46070.91015625,194114500,0.007205300860492722
2021-01-15,45892.28125,153123700,-0.003884796257475107
2021-01-18,46458.01953125,49419000,0.012252160601907907
2021-01-19,45495.41015625,211311800,-0.020937653857359646
2021-01-20,45125.7109375,222455000,-0.008159273805213136
2021-01-21,44810.2109375,204102900,-0.007016135214026268
2021-01-22,44683.55078125,153347700,-0.0028305937394286934
2021-01-25,45126.51171875,168987800,0.009864474361301015
2021-01-26,45053.55859375,224492100,-0.0016179437576743544
2021-01-27,44262.01171875,247130000,-0.01772518713786111
2021-01-28,44280.73046875,192065600,0.0004228183997110435
2021-01-29,42985.73046875,401821000,-0.02968139323324782
2021-02-02,43848.921875,378546500,0.019881920801512302
2021-02-03,43957.0703125,818164800,0.0024633510650846034
2021-02-04,44167.578125,233341500,0.004777510415729533
2021-02-05,44145.69921875,124370000,-0.0004954839715086455
2021-02-08,44197.51171875,167093800,0.0011729821769175084
2021-02-09,45020.9609375,176810900,0.01845968838784066
2021-02-10,44718.23046875,155706400,-0.006746920991521446
2021-02-11,44060.08984375,182011300,-0.014826878444507299
2021-02-12,44202.51953125,119778500,0.003227409933596835
2021-02-15,44157.48828125,18282500,-0.0010192677663443327
2021-02-16,44698.58984375,140771100,0.012179431340057903
2021-02-17,45061.94921875,217832900,0.008096238360766131
2021-02-18,44507.94921875,272232300,-0.01237038501474979
2021-02-19,44900.078125,172848900,0.00877172737619131
2021-02-22,44946.6015625,243609100,0.0010356184963065298
2021-02-23,45268.328125,196669900,0.007132476354530256
2021-02-24,45151.37890625,200388200,-0.002586809619372035
2021-02-25,44310.26953125,270064300,-0.018804351909232707
2021-02-26,44592.91015625,396111700,0.006358413236569065
2021-03-01,44784.578125,150723600,0.0042889605928670615
2021-03-02,45682.19140625,178031600,0.01984469531245857
2021-03-03,46377.46875,225885700,0.015105216823491158
2021-03-04,46004.19140625,228834000,-0.00808124414672194
2021-03-05,46342.5390625,207373600,0.0073277996642097595
2021-03-08,47075.41015625,211292600,0.01569047780100953
2021-03-09,47103.6015625,216279500,0.0005986770635522321
2021-03-10,47549.671875,168621800,0.009425423942584322
2021-03-11,47673.8203125,166637900,0.0026075184807872634
2021-03-12,47769.87109375,168348900,0.002012722103689636
2021-03-16,48203.94921875,2152200,0.00904582277795866
2021-03-17,47679.48828125,1431500,-0.010939661355942282
2021-03-18,47572.390625,131592500,-0.0022487262741785422
2021-03-19,47028.0390625,704660100,-0.01150856444165747
2021-03-22,47225.44140625,122860600,0.0041887605932134486
2021-03-23,46659.1796875,151281300,-0.012063074418322562
2021-03-24,46703.140625,148714600,0.0009417276820403883
2021-03-25,47012.37109375,178236100,0.006599368351505755
2021-03-26,47379.19140625,149907400,0.007772350608465154
2021-03-29,47747.359375,161957000,0.007740631906225158
2021-03-30,47905.0,141892600,0.0032961187523772055
2021-03-31,47246.26171875,258737600,-0.013846349356496868
2021-04-05,48245.8515625,120250200,0.020936312363062266
2021-04-06,47985.4296875,106725000,-0.005412429458667539
2021-04-07,47897.83984375,166002400,-0.0018270104584989625
2021-04-08,48188.1484375,148442300,0.006042701590709455
2021-04-09,47627.671875,138001200,-0.011699173547553796
2021-04-12,47352.1796875,116556700,-0.005801082135887048
2021-04-13,47503.7109375,171055700,0.0031949808894926454
2021-04-14,48329.83984375,148201400,0.017241339056380853
2021-04-15,48514.1015625,160703400,0.003805337503325549
2021-04-16,48726.98046875,129972900,0.004378380862924069
2021-04-19,48072.62109375,114200400,-0.01352008339044824
2021-04-20,48528.96875,150164800,0.00944810642773961
2021-04-21,48867.62109375,144621700,0.006954118394790486
2021-04-22,49092.30859375,187482600,0.0045873429010878245
2021-04-23,49091.08984375,155930600,-2.4825989311021583e-05
2021-04-26,48923.9296875,125390100,-0.0034109123094740175
2021-04-27,48812.171875,157373800,-0.0022869310197892404
2021-04-28,48487.94140625,115918500,-0.006664569195515499
2021-04-29,48897.7890625,171030900,0.008417045782152795
2021-04-30,48009.71875,238308000,-0.018328717641721136
2021-05-03,48498.640625,91968600,0.010132304828981687
2021-05-04,48328.19921875,141953800,-0.0035205441500694608
2021-05-05,48399.80078125,114072200,0.001480472574187766
2021-05-06,48934.91015625,241871300,0.010995353270454603
2021-05-07,49249.01953125,123993500,0.006398408530313709
2021-05-10,49867.1484375,118903200,0.012472978580403788
2021-05-11,49655.2890625,118784100,-0.0042575262492509525
2021-05-12,48748.41015625,122382500,-0.018432327023579914
2021-05-13,48829.30859375,123511700,0.001658133784465672
2021-05-14,49219.26171875,91084600,0.007954326714311174
2021-05-17,49371.98046875,107674600,0.003098021056590673
2021-05-18,49789.30859375,150170300,0.008417207821644053
2021-05-19,49382.25,141399100,-0.008209226224536433
2021-05-20,49907.359375,281425100,0.010577426462877924
2021-05-21,49778.80859375,89459300,-0.00257911112699773
2021-05-24,49457.9296875,70692000,-0.006466960323603729
2021-05-25,48826.94921875,113002700,-0.01284000437642967
2021-05-26,49103.5,142775700,0.00564791683477652
2021-05-27,49627.94921875,487953200,0.010623851986532842
2021-05-28,50040.73828125,125683000,0.008283271969604501
2021-05-31,50885.94921875,56300100,0.016749399353826806
2021-06-01,50722.3515625,155835500,-0.003220165997472639
2021-06-02,50749.640625,166555600,0.0005378639478658377
2021-06-03,50628.76953125,150542500,-0.002384554084788756
2021-06-04,50484.3515625,115113400,-0.0028565643190822153
2021-06-07,51427.640625,155900000,0.01851236506055573
2021-06-08,50865.2109375,144818900,-0.010996572028825395
2021-06-09,50823.30078125,121780500,-0.0008242850232460958
2021-06-10,50886.328125,97691100,0.0012393586034149223
2021-06-11,51286.4609375,105546200,0.00783251317284122
2021-06-14,51029.5390625,84788000,-0.005022135638677143
2021-06-15,50908.1796875,145221100,-0.002381050583128707
2021-06-16,50579.1015625,143164200,-0.0064851333936886135
2021-06-17,50202.80078125,178430900,-0.007467660784889467
2021-06-18,50319.5703125,420633700,0.0023232556594434796
2021-06-21,50315.69140625,89256100,-7.708841186827925e-05
2021-06-22,50129.87890625,99972900,-0.0036997691660569654
2021-06-23,50170.78125,141137000,0.0008155947518913626
2021-06-24,50558.3203125,162838200,0.00769471718949282
2021-06-25,50549.859375,116876100,-0.00016736405592302872
2021-06-28,50351.2109375,86499200,-0.0039374942909165735
2021-06-29,50337.359375,154947000,-0.0002751367418246726
2021-06-30,50289.75,147098800,-0.0009462535264729049
2021-07-01,50376.890625,108643200,0.0017312715756588196
2021-07-02,50223.01171875,88286200,-0.003059228143886703
2021-07-05,50552.80078125,20040000,0.006545027652826899
2021-07-06,50048.890625,121858900,-0.010018009907976464
2021-07-07,50052.91015625,124804600,8.030886998621098e-05
2021-07-08,49570.87109375,144305200,-0.009677264169992357
2021-07-09,49768.3515625,81984500,0.003975886333950729
2021-07-12,49789.12109375,76648400,0.00041723701892306146
2021-07-13,49274.96875,91260500,-0.010380289391034256
2021-07-14,49435.87890625,164546700,0.0032602353763246097
2021-07-15,50274.8515625,131898000,0.016828528924100812
2021-07-16,50148.12890625,102484000,-0.00252377937642194
2021-07-19,49096.46875,132901500,-0.02119409110454161
2021-07-20,49256.96875,96872600,0.0032637424080000084
2021-07-21,50035.171875,93416700,0.015675340561747436
2021-07-22,50240.51171875,108111900,0.004095511960792523
2021-07-23,50268.44921875,59065400,0.0005559205957143107
2021-07-26,50897.7890625,104723700,0.012441857538557654
2021-07-27,50910.53125,144956000,0.0002503172142989
2021-07-28,51344.109375,118638300,0.008480411663087224
2021-07-29,51634.6015625,176416800,0.005641806066223542
2021-07-30,50868.3203125,195832800,-0.014951681596747013
2021-08-02,50869.48046875,121946900,2.2806788453194455e-05
2021-08-03,51633.91015625,175698100,0.01491548435192927
2021-08-04,51195.4296875,128723600,-0.008528366069075848
2021-08-05,51134.9296875,126826300,-0.0011824449248229217
2021-08-06,51113.8515625,118829900,-0.00041229098363608973
2021-08-09,50900.4609375,117862700,-0.004183548974691072
2021-08-10,51114.16015625,109661500,0.004189586336561145
2021-08-11,51311.6015625,122163000,0.003855312325562353
2021-08-12,51049.69140625,126606700,-0.005117378263195216
2021-08-13,51490.94140625,100725100,0.008606397513110358
2021-08-16,51384.91015625,88687600,-0.002061344541692124
2021-08-17,51576.578125,208406000,0.0037231044995574987
2021-08-18,51986.078125,194605400,0.007908297238465908
2021-08-19,51099.359375,155079600,-0.017203993932091412
2021-08-20,51414.3203125,127164900,0.006144778521111403
2021-08-23,52054.640625,112278800,0.012377209187816304
2021-08-24,51985.0,136483500,-0.0013387327173086095
2021-08-25,52345.390625,123767400,0.006908668821898381
2021-08-26,52290.69140625,154050900,-0.0010455136062204363
2021-08-27,52425.640625,124318800,0.0025774259055743355
2021-08-30,52602.0703125,107082500,0.0033596819711434814
2021-08-31,53304.73828125,329112800,0.013269747033143582
2021-09-01,52215.5390625,147255900,-0.02064509177607426
2021-09-02,52087.46875,115079200,-0.0024557369830106473
2021-09-03,51835.08984375,97441400,-0.004857066758610967
2021-09-06,52283.109375,20470300,0.008606032370462533
2021-09-07,51950.44921875,115536800,-0.006382997763719461
2021-09-08,51469.71875,131633000,-0.009296715342950412
2021-09-09,51395.05859375,132670200,-0.001451617770206999
2021-09-10,51521.80078125,100823300,0.002463002706104727
2021-09-13,51496.7109375,108932900,-0.0004870938985134684
2021-09-14,51815.171875,166224100,0.006165059381371195
2021-09-15,52192.328125,174574100,0.0072525135815630784
2021-09-17,51307.7109375,598584300,-0.01709446174816696
2021-09-20,50557.6484375,150617700,-0.014726813131014668
2021-09-21,50828.12890625,143968300,0.005335681543106697
2021-09-22,51338.33984375,134806300,0.009987918447722555
2021-09-23,51464.26953125,180099100,0.002449932958963323
2021-09-24,51105.7109375,111610200,-0.006991520378173029
2021-09-27,51598.53125,132819900,0.00959695694079263
2021-09-28,50925.51953125,169423900,-0.013129043984253701
2021-09-29,51084.609375,199580000,0.0031191014938438044
2021-09-30,51385.55078125,196392600,0.005873754291434207
2021-10-01,51060.05078125,128083100,-0.006354613382563269
2021-10-04,50862.94140625,95816200,-0.0038678146412117875
2021-10-05,51056.94140625,144501500,0.0038069163531922446
2021-10-06,50974.48828125,152504600,-0.001616230277301942
2021-10-07,50876.98046875,217620300,-0.0019147066505010037
2021-10-08,51136.62109375,124815100,0.005090324851995523
2021-10-11,51646.75,98687800,0.009926374072409634
2021-10-12,51835.87890625,124395700,0.0036552824146355743
2021-10-13,51812.87109375,179795700,-0.00044395736326579904
2021-10-14,52140.23828125,169512300,0.006298383409190745
2021-10-15,52798.37890625,172591700,0.012543509185016479
2021-10-18,52686.03125,127994100,-0.002130128965305238
2021-10-19,52402.73046875,127364900,-0.005391660590770036
2021-10-20,52298.19921875,130915600,-0.0019967594374360803
2021-10-21,52020.05078125,170061400,-0.0053327025071556585
2021-10-22,51889.66015625,142807500,-0.002509692159913607
2021-10-25,51833.80078125,123948700,-0.0010770828488629227
2021-10-26,52206.58984375,138935500,0.007166267939851944
2021-10-27,51714.6015625,118290800,-0.00946855882418643
2021-10-28,51248.83984375,151378500,-0.009047189746790935
2021-10-29,51309.83984375,145758900,0.0011895630360901181
2021-11-01,51653.26171875,91186600,0.006670800379906857
2021-11-03,51876.80859375,203221300,0.0043184984177752715
2021-11-04,51873.4609375,182211500,-6.453296490285694e-05
2021-11-05,51977.9609375,197701000,0.0020124911798623272
2021-11-08,52251.48828125,201344200,0.0052485736750358235
2021-11-09,52114.12109375,183571400,-0.002632423988097927
2021-11-10,51704.3984375,127670700,-0.00789309624668621
2021-11-11,51707.01171875,134926600,5.05414488904852e-05
2021-11-12,51432.5390625,184078600,-0.0053223676484895595
2021-11-16,51161.5,211551200,-0.0052837317946502265
2021-11-17,51045.1015625,134527900,-0.002277709776924197
2021-11-18,50831.94921875,162724400,-0.004184507759932218
2021-11-19,50811.30078125,143936400,-0.00040629235653211415
2021-11-22,50497.078125,136095800,-0.006203310471984396
2021-11-23,51116.3203125,150734000,0.012188350414593823
2021-11-24,50848.03125,181050100,-0.005262421180231104
2021-11-25,50625.0,52596300,-0.004395879504191213
2021-11-26,49492.51953125,170088800,-0.022623987852732123
2021-11-29,49796.30078125,242967200,0.006119162196624967
2021-11-30,49698.71875,840279400,-0.0019615466783829334
2021-12-01,50007.16015625,223344700,0.00618704520834427
2021-12-02,50927.37890625,159026600,0.018234476638776944
2021-12-03,50597.2890625,181641200,-0.0065026759210718476
2021-12-06,50605.55859375,125368500,0.00016342487311222037
2021-12-07,50918.28125,181685300,0.006160595300424803
2021-12-08,51056.26953125,143869000,0.0027063294599328075
2021-12-09,51238.01953125,147693500,0.0035534767955294724
2021-12-10,51213.48046875,121603300,-0.00047903765136214345
2021-12-13,50419.171875,246013200,-0.015631290704924982
2021-12-14,51241.46875,238023800,0.016177643656336987
2021-12-15,51163.66015625,182077000,-0.001519623275794196
2021-12-16,51384.05859375,142780800,0.004298462794510414
2021-12-17,52379.37109375,510546300,0.019184852131110864
2021-12-20,51623.859375,121895900,-0.014528875791019854
2021-12-21,52085.28125,144351900,0.008898442642920138
2021-12-22,52403.05078125,113832100,0.00608241139940161
2021-12-23,52650.91015625,96501500,0.004718714700455703
2021-12-24,52853.37890625,5240400,0.0038381188167600413
2021-12-27,53259.55859375,60916800,0.00765564842292506
2021-12-28,53238.48046875,84095500,-0.00039584062694066036
2021-12-29,52748.9296875,57322300,-0.009237970095675237
2021-12-30,53175.25,83757300,0.008049580666735818
2021-12-31,53272.44140625,48616100,0.001826088137260481
2022-01-03,52941.01171875,56603700,-0.006240843385875529
2022-01-04,53016.78125,105053500,0.0014301835106630212
2022-01-05,53024.1484375,110514300,0.0001389498853614967
2022-01-06,53055.30859375,145921900,0.0005874871161348058
2022-01-07,53202.109375,104193500,0.0027631176713317795
2022-01-10,52835.76171875,116966800,-0.006909778743708864
2022-01-11,53061.921875,167682100,0.0042713021175560684
2022-01-12,53951.140625,161608700,0.016619264900578253
2022-01-13,53930.44921875,172794800,-0.0003835947641055482
2022-01-14,53744.921875,135837800,-0.0034460531775194056
2022-01-17,53973.26953125,34731100,0.0042397295260982746
2022-01-18,53232.19921875,141857000,-0.013825453595116957
2022-01-19,52823.23046875,159266300,-0.007712396778950124
2022-01-20,52508.3515625,144882400,-0.0059788306253429745
2022-01-21,51599.37890625,192929500,-0.01746259861257161
2022-01-24,50890.58984375,212713200,-0.013831604617943739
2022-01-25,51104.390625,220721800,0.0041923846333569575
2022-01-26,51037.05078125,199201500,-0.0013185608618661256
2022-01-27,50466.01953125,203835100,-0.01125162564176844
2022-01-28,50661.859375,214808200,0.0038731176938514604
2022-01-31,51330.8515625,229565500,0.013118619471615946
2022-02-01,51782.671875,138327000,0.008763607121827251
2022-02-02,52023.26953125,98044700,0.004635535959205658
2022-02-03,51145.109375,147091600,-0.017024235038373522
2022-02-04,51255.30859375,122401900,0.0021523205369136196
2022-02-08,52294.578125,175285900,0.020073501987539537
2022-02-09,52761.91015625,178162400,0.008896834864343632
2022-02-10,52599.578125,256316700,-0.003081432548958214
2022-02-11,53229.26171875,188380600,0.011900178168367316
2022-02-14,52334.73046875,218800100,-0.016948064263665963
2022-02-15,53210.94140625,189081300,0.016603827553418566
2022-02-16,53680.859375,171986900,0.008792461024233835
2022-02-17,52712.05859375,147050500,-0.018212256562939066
2022-02-18,52281.53125,126987300,-0.008201067463344102
2022-02-21,52025.1796875,39446100,-0.004915351588242414
2022-02-22,52600.44921875,186724800,0.010996833845548415
2022-02-23,51362.94921875,259407900,-0.023807579771066286
2022-02-24,51454.05078125,240722300,0.001772111350090276
2022-02-25,52555.6015625,201522500,0.021182494985097847
2022-02-28,53400.609375,951227400,0.015950470866155777
2022-03-01,53168.8203125,182506700,-0.004350017236365938
2022-03-02,53300.66015625,198225700,0.0024765765843024756
2022-03-03,53528.01171875,216851700,0.004256383642140311
2022-03-04,53322.05078125,226441200,-0.0038551440732173163
2022-03-07,52312.609375,239255300,-0.019112517286765454
2022-03-08,53288.23046875,266746200,0.018478051018822394
2022-03-09,53911.76171875,221895300,0.011633177748932067
2022-03-10,53387.62109375,189252400,-0.009769763446560465
2022-03-11,53300.69921875,152584900,-0.0016294547327720314
2022-03-14,52807.62109375,242372000,-0.009293930443268266
2022-03-15,53010.01171875,324397600,0.0038252768733303393
2022-03-16,53411.87890625,239444000,0.007552376588931515
2022-03-17,54364.51171875,186804900,0.01767841021714251
2022-03-18,55467.05859375,770890800,0.02007772281457922
2022-03-22,55722.48046875,244986500,0.0045943589018062
2022-03-23,55154.6796875,155675600,-0.010242068681501997
2022-03-24,55829.859375,163274100,0.012167244604576301
2022-03-25,55436.05078125,145206600,-0.007078722272062627
2022-03-28,55685.140625,122106400,0.0044832179678309944
2022-03-29,56111.2109375,244298600,0.007622294813944072
2022-03-30,55814.98828125,214854100,-0.0052931905120436815
2022-03-31,56536.6796875,226310800,0.012847185013703636
2022-04-01,56609.5390625,184368800,0.0012878801585331557
2022-04-04,56313.2109375,102837400,-0.005248345531780481
2022-04-05,55547.2890625,179414900,-0.013694447010509909
2022-04-06,55438.73046875,188733200,-0.0019562577129829256
2022-04-07,55280.58984375,241694700,-0.0028566059128951296
2022-04-08,54687.25,117204900,-0.010791256834928245
2022-04-11,54463.828125,115515000,-0.004093815487142895
2022-04-12,53907.25,186074800,-0.01027179997336116
2022-04-13,54172.62109375,102401200,0.004910657726362004
2022-04-18,54139.69140625,101327700,-0.0006080506962599884
2022-04-19,54633.76171875,154399600,0.009084453902278296
2022-04-20,53831.0390625,185718700,-0.01480180309831741
2022-04-21,53267.30859375,154712000,-0.010527439264113626
2022-04-22,53191.78125,143319000,-0.0014188991570807355
2022-04-25,52640.828125,183382500,-0.010411877879957157
2022-04-26,52512.7109375,185412800,-0.0024367653630495006
2022-04-27,52351.2109375,160228000,-0.00308018477277526
2022-04-28,52614.171875,231710500,0.005010442120625637
2022-04-29,51417.96875,214867600,-0.02299781279017583
2022-05-02,51887.46875,128409600,0.00908961316861592
2022-05-03,51066.55859375,161134800,-0.01594745878869795
2022-05-04,51432.62890625,149755900,0.007142922356306287
2022-05-05,50529.94921875,202483000,-0.017706560351051066
2022-05-06,49541.80859375,163382400,-0.019749283189930914
2022-05-09,49057.4609375,161518100,-0.009824647879555627
2022-05-10,49115.859375,257006900,0.0011897009126745457
2022-05-11,49276.23046875,234792100,0.003259840013982674
2022-05-12,49309.3203125,249591800,0.0006712919840764824
2022-05-13,49579.8984375,212868300,0.0054723619756413345
2022-05-16,50563.98046875,177674700,0.019653996217431198
2022-05-17,51464.03125,204554800,0.01764366696375779
2022-05-18,50394.03125,304797400,-0.021010400844237918
2022-05-19,51289.91015625,238825200,0.017621309233170075
2022-05-20,51518.30078125,202798600,0.0044430498037644345
2022-05-23,51376.890625,139723000,-0.002748626895897566
2022-05-24,51304.0390625,241737800,-0.0014189893867495606
2022-05-25,51717.0703125,281231100,0.008018423903500875
2022-05-26,52143.0,183854400,0.008202037106805792
2022-05-27,52463.55078125,172807100,0.0061287133971901055
2022-05-30,52162.078125,83107700,-0.005762899468363121
2022-05-31,51752.53125,1347137000,-0.007882414185526673
2022-06-01,51506.1484375,173881500,-0.004772156313216913
2022-06-02,50971.37890625,193382200,-0.01043691040236753
2022-06-03,50689.05078125,154569900,-0.005554350925039468
2022-06-06,50060.53125,116109400,-0.012477028139528685
2022-06-07,50139.19921875,138432800,0.001570223483548923
2022-06-08,49819.30078125,165133200,-0.006400646861247248
2022-06-09,49290.21875,154551700,-0.010676816107581118
2022-06-10,48471.51953125,137514100,-0.016749259428486797
2022-06-13,48445.30078125,251393900,-0.000541056765070766
2022-06-14,48164.46875,191851500,-0.0058137561784233575
2022-06-15,48344.96875,175223100,0.003740571184264411
2022-06-16,47558.51171875,212049600,-0.01640137891585972
2022-06-17,48016.23046875,732174800,0.009578309895094962
2022-06-20,47780.71875,40474000,-0.004916903829338469
2022-06-21,48104.37890625,131257800,0.0067510258305227685
2022-06-22,47144.359375,146701200,-0.020158840092203627
2022-06-23,46657.87890625,157675800,-0.010372563370806036
2022-06-24,47741.5,175537000,0.022959233552776123
2022-06-27,48294.828125,124213200,0.01152343615811121
2022-06-28,48435.44921875,181975500,0.0029074907396779144
2022-06-29,48061.609375,170560000,-0.007748250972577829
2022-06-30,47524.44921875,228806100,-0.011239417522773425
2022-07-01,47743.1484375,94921000,0.004591269399195809
2022-07-04,48036.37890625,39309500,0.006123049320137775
2022-07-05,47503.21875,140760700,-0.011161145828890993
2022-07-06,47722.2890625,139454100,0.004601092795614372
2022-07-07,47374.37890625,200398800,-0.0073170115399454234
2022-07-08,47582.109375,120673200,0.00437528396203002
2022-07-11,47369.890625,88214700,-0.004470029138188258
2022-07-12,47651.51953125,159926100,0.0059277110376938094
2022-07-13,47461.3515625,196275800,-0.003998790488964758
2022-07-14,46741.30859375,149203900,-0.015287402513228847
2022-07-15,47075.87109375,83235300,0.007132252735636284
2022-07-18,46923.19921875,84307500,-0.003248372749665239
2022-07-19,47259.23046875,123132600,0.007135782693001417
2022-07-20,47132.48828125,109174900,-0.0026854530322540818
2022-07-21,47416.37109375,118342500,0.006005015130775707
2022-07-22,47264.859375,110077800,-0.0032004621682083668
2022-07-25,47202.640625,97196700,-0.001317252155431013
2022-07-26,46674.30078125,146328800,-0.011256127739785014
2022-07-27,46842.921875,171553400,0.003606207962551982
2022-07-28,48112.26953125,155700600,0.02673731169883945
2022-07-29,48144.328125,231038800,0.0006661069623477564
2022-08-01,47384.55859375,140579600,-0.01590692779274887
2022-08-02,46902.69140625,170767900,-0.010221347696257783
2022-08-03,46989.609375,177168600,0.0018514402747643213
2022-08-04,46916.171875,183020000,-0.001564068026342119
2022-08-05,46723.4296875,137289900,-0.004116686882167312
2022-08-08,47354.859375,162831900,0.013423695849532055
2022-08-09,47241.80859375,141712900,-0.00239016526687592
2022-08-10,47808.2109375,182307700,0.011918125865193096
2022-08-11,48460.55078125,203934500,0.013552679331398868
2022-08-12,48853.37109375,119225000,0.008073304179717605
2022-08-15,48638.359375,92224300,-0.004410878057430731
2022-08-16,48801.6796875,156297900,0.003352224958298389
2022-08-17,48734.0390625,128935100,-0.0013869921032108384
2022-08-18,48729.80078125,104554100,-8.697135798186731e-05
2022-08-19,48463.26171875,92410900,-0.005484748063760544
2022-08-22,48016.609375,123130500,-0.009259040867999741
2022-08-23,47974.03125,135145100,-0.0008871308184878987
2022-08-24,47449.73046875,109536100,-0.01098900416271865
2022-08-25,47724.23828125,109286200,0.005768564184570722
2022-08-26,47272.109375,87461400,-0.00951894112476781
2022-08-29,46322.1015625,137708400,-0.02030126502239334
2022-08-30,45922.05078125,121982300,-0.00867379187130702
2022-08-31,44919.21875,508029500,-0.02207967319579219
2022-09-01,45383.8515625,176982700,0.010290611629065794
2022-09-02,45888.62890625,135191700,0.011061000809740379
2022-09-05,46026.078125,19206900,0.00299080148640347
2022-09-06,45902.890625,133687400,-0.00268005995085447
2022-09-07,46056.96875,153894000,0.0033509896650005685
2022-09-08,46283.33984375,127710900,0.00490298442099569
2022-09-09,47042.94140625,97818900,0.016278765781154475
2022-09-12,47860.48046875,117725700,0.01722928994578316
2022-09-13,47039.73828125,180099200,-0.017297381650056013
2022-09-14,46745.1484375,167995700,-0.0062822662144068515
2022-09-15,46769.78125,784062000,0.0005268209718391027
2022-09-19,46793.58984375,201318000,0.0005089298084403763
2022-09-20,47068.53125,220064400,0.005858427007719086
2022-09-21,46992.51171875,198285100,-0.0016163875160657727
2022-09-22,46324.921875,139049400,-0.014308178167879394
2022-09-23,45395.94140625,150708000,-0.020257381002497302
2022-09-26,44808.55859375,123142600,-0.013023543498928291
2022-09-27,45006.109375,130316900,0.00439908322994839
2022-09-28,45442.2109375,197478500,0.009643184980078065
2022-09-29,45102.55078125,154766900,-0.007502626172362119
2022-09-30,44626.80078125,200732700,-0.010604210324768515
2022-10-03,45429.75,197701400,0.01783258385749252
2022-10-04,46046.578125,178324500,0.013486275338197854
2022-10-05,45845.828125,163777800,-0.004369247200229077
2022-10-06,46326.6796875,185451400,0.010433825361118382
2022-10-07,45728.87109375,152493900,-0.012988179256691887
2022-10-10,45457.12109375,98822100,-0.005960362945987287
2022-10-11,45792.98828125,177457300,0.007361497023185881
2022-10-12,45679.83984375,182445600,-0.002473925810055591
2022-10-13,45766.94140625,211616800,0.00190496784358404
2022-10-14,45443.3515625,161594500,-0.007095497467225336
2022-10-17,46220.71875,182073800,0.016961625682296
2022-10-18,46309.23046875,218525800,0.0019131480454577126
2022-10-19,46217.44140625,180149200,-0.001984056937322856
2022-10-20,46315.41015625,300035500,0.0021174920031428648
2022-10-21,47120.078125,185022300,0.017224458878769278
2022-10-24,47765.23828125,187700900,0.013598944982864397
2022-10-25,48641.26953125,257303800,0.018174195551866276
2022-10-26,49327.109375,309657400,0.014001477941892953
2022-10-27,48892.55859375,228084700,-0.008848606915477309
2022-10-28,49086.30078125,130269800,0.003954780475117142
2022-10-31,49922.30078125,188740200,0.016887822988009744
2022-11-01,50864.8515625,184332800,0.018704333610342523
2022-11-03,50215.87109375,256662200,-0.012841012000892502
2022-11-04,51173.75,145797800,0.018895571283252643
2022-11-07,50760.171875,174276800,-0.00811467638701809
2022-11-08,50888.46875,198409900,0.0025243218667544993
2022-11-09,50545.76171875,180419300,-0.006757252136257469
2022-11-10,51031.7109375,173193500,0.009568123982289171
2022-11-11,51959.19921875,194494200,0.018011557603672235
2022-11-14,51785.12890625,187694100,-0.0033557588930051715
2022-11-15,51655.6796875,151830700,-0.00250286686823139
2022-11-16,51544.94140625,174857500,-0.002146078629725454
2022-11-17,51360.87109375,145243200,-0.003577456012290499
2022-11-18,51569.71875,266751800,0.004058034509845184
2022-11-22,51760.5390625,221256400,0.0036934104967717655
2022-11-23,51993.94921875,161114500,0.004499285840469516
2022-11-24,51979.01171875,28413500,-0.00028733432169447253
2022-11-25,51668.640625,74038400,-0.005988983144880021
2022-11-28,51081.328125,132152000,-0.011432001459188615
2022-11-29,50174.05859375,164540000,-0.017920899657310394
2022-11-30,51684.859375,741512300,0.02966675115801926
2022-12-01,51457.55078125,185457400,-0.004407672099383082
2022-12-02,51234.37109375,153348400,-0.004346593866401817
2022-12-05,50799.4609375,105068700,-0.008524874180617831
2022-12-06,51020.6484375,149912000,0.004344679047977655
2022-12-07,50725.9609375,141194800,-0.005792592516020632
2022-12-08,51078.69921875,123034000,0.006929735677813859
2022-12-09,50466.25,121540600,-0.01206276924498307
2022-12-13,50333.1015625,284653100,-0.0026418526087167763
2022-12-14,50047.69921875,170810200,-0.00568640836842185
2022-12-15,49342.33984375,278214000,-0.014194002215756866
2022-12-16,49630.1484375,377277200,0.005815947643916377
2022-12-19,49946.1015625,96795700,0.006345974774548523
2022-12-20,50139.421875,101775700,0.0038631071963210442
2022-12-21,50426.26171875,96007300,0.005704542769590833
2022-12-22,50097.21875,84251200,-0.006546612640062183
2022-12-23,50578.08984375,74942400,0.009552982900480726
2022-12-26,50273.890625,11411000,-0.006032606199282078
2022-12-27,50440.01953125,54768700,0.0032990290351256023
2022-12-28,49648.2109375,73263800,-0.015822541956560666
2022-12-29,49517.859375,63993800,-0.0026289563994081767
2022-12-30,48463.859375,119821400,-0.021515047315818936
2023-01-02,48993.23828125,10617600,0.010863941685996335
2023-01-03,49050.4609375,64955500,0.0011672889375539362
2023-01-04,50161.26953125,113054700,0.022393622372659867
2023-01-05,50805.2109375,139834800,0.012755721195013121
2023-01-06,51730.5,109031000,0.018048622706381988
2023-01-09,52280.05078125,126915200,0.010567310547851252
2023-01-10,52344.01953125,131270700,0.001222830612115293
2023-01-11,53209.0,155651700,0.016389864271888502
2023-01-12,53593.859375,173800900,0.007206942642755224
2023-01-13,53576.71875,128172400,-0.0003198755749205985
2023-01-16,53631.890625,46998100,0.0010292434570717448
2023-01-17,53128.96875,132114900,-0.009421535160120646
2023-01-18,53218.828125,133000900,0.0016899155229470092
2023-01-19,53382.6484375,154775500,0.00307351167625315
2023-01-20,53947.0390625,121184400,0.010517049668715969
2023-01-23,54341.25,115614600,0.00728079984160209
2023-01-24,54870.5,142789100,0.009692256430862899
2023-01-25,54871.359375,148445100,1.5661753954383756e-05
2023-01-26,55164.01171875,131941600,0.005319253815884856
2023-01-27,54774.91015625,142811800,-0.007078533799394148
2023-01-30,54521.4296875,121761800,-0.004638415587922543
2023-01-31,54564.26953125,248463200,0.0007854346859242666
2023-02-01,55018.91015625,148364300,0.008297682816878661
2023-02-02,53874.91015625,160007000,-0.021012066373184184
2023-02-03,54049.05078125,183416400,0.003227101277880361
2023-02-07,53335.51171875,195440800,-0.013289611608834562
2023-02-08,53125.01171875,165032900,-0.003954522625364684
2023-02-09,52801.4296875,134110600,-0.006109580072389973
2023-02-10,52482.01953125,156046900,-0.006067641943294065
2023-02-13,53050.828125,145585400,0.01077984939437216
2023-02-14,52663.12109375,226066600,-0.007335054123530417
2023-02-15,53422.23828125,202987100,0.014311685402544832
2023-02-16,54015.8203125,159906900,0.011049865916815737
2023-02-17,53789.640625,151560000,-0.0041960772190266496
2023-02-20,53908.55078125,22508100,0.002208211726055494
2023-02-21,53239.94921875,175824900,-0.0124800672055014
2023-02-22,53180.98828125,187947000,-0.0011080703650591971
2023-02-23,53085.7109375,184956000,-0.0017931745312617683
2023-02-24,52686.23828125,141885800,-0.007553506549518425
2023-02-27,53013.62109375,129313000,0.006194594038694116
2023-02-28,52758.05859375,557285900,-0.0048323520638328035
2023-03-01,53473.4609375,160010700,0.01346894334401264
2023-03-02,53329.53125,168720500,-0.0026952386198409234
2023-03-03,54182.26953125,179820700,0.015863489544999693
2023-03-06,53924.19140625,133175400,-0.004774527128656649
2023-03-07,53068.73046875,191127900,-0.01599132264965038
2023-03-08,53388.66015625,128080500,0.006010492062032624
2023-03-09,53426.76953125,185544000,0.0007135556488135833
2023-03-10,52794.53125,159728500,-0.011904311902201746
2023-03-13,53012.25,185734500,0.004115408383321901
2023-03-14,52691.66015625,176792200,-0.006065827200986829
2023-03-15,52085.6015625,158520400,-0.011568642719576205
2023-03-16,52505.69921875,152652700,0.008033171253234049
2023-03-17,51925.609375,786817800,-0.011109614883591582
2023-03-21,52652.6484375,156817200,0.01390443465162853
2023-03-22,52550.3984375,174005300,-0.0019438606624818191
2023-03-23,52827.9296875,148945100,0.005267342851436789
2023-03-24,52771.12109375,144755400,-0.00107593011130254
2023-03-27,52851.421875,154251700,0.0015205238288003194
2023-03-28,53209.1015625,168610900,0.006744847788770454
2023-03-29,53882.94921875,179199200,0.012584623126906638
2023-03-30,54198.94140625,186356800,0.005847290161334969
2023-03-31,53904.0,242075000,-0.005456690340666115
2023-04-03,53896.3515625,84719200,-0.00014190004767094833
2023-04-04,54176.01171875,97863900,0.005175435643057591
2023-04-05,53498.390625,73152200,-0.012586650585789307
2023-04-10,54246.53125,0,0.013887478610353877
2023-04-11,54604.62890625,162207200,0.006579607375964294
2023-04-12,54333.12109375,152655400,-0.004984651779089163
2023-04-13,54695.78125,220218800,0.006652575344089829
2023-04-14,54460.05859375,170784200,-0.004319018075744803
2023-04-17,54778.9296875,199028600,0.00583806211389144
2023-04-18,54385.51953125,153784700,-0.007207691922217133
2023-04-19,54308.08984375,191532900,-0.0014247332670776433
2023-04-20,54293.7109375,138852000,-0.0002648005139985176
2023-04-21,54175.28125,172005600,-0.002183660642020718
2023-04-24,54713.69921875,136716300,0.0098893819103796
2023-04-25,54371.08984375,134099200,-0.006281544924731245
2023-04-26,54023.3203125,196553700,-0.006416764924102094
2023-04-27,54442.171875,159097300,0.007723260846349796
2023-04-28,55121.21875,241583200,0.012395665484177015
2023-05-02,55179.4296875,248185000,0.0010554959327776113
2023-05-03,54947.01171875,172724800,-0.004220935696296715
2023-05-04,54667.2109375,158878300,-0.0051052022661926735
2023-05-05,54937.390625,206689500,0.004930089264358508
2023-05-08,55033.12109375,140876800,0.0017410211416673152
2023-05-09,55452.73046875,170680700,0.007595748894990923
2023-05-10,55534.6796875,187111800,0.0014767302620553265
2023-05-11,55014.16015625,195598400,-0.00941707536100988
2023-05-12,54948.33984375,165219800,-0.0011971412137929166
2023-05-15,55261.421875,174056800,0.005681581532655964
2023-05-16,55180.96875,183963200,-0.0014569249864246601
2023-05-17,55067.37109375,172672200,-0.002060760218477091
2023-05-18,55263.109375,175582500,0.003548221412222474
2023-05-19,54296.05078125,168179000,-0.01765409134066237
2023-05-22,53466.3203125,182836400,-0.015399565870328476
2023-05-23,53123.21875,183641600,-0.006437831526868969
2023-05-24,53393.3984375,212096500,0.005073016287367512
2023-05-25,53744.6796875,214652400,0.006557565992475721
2023-05-26,54025.44921875,202093800,0.0052105378240404465
2023-05-29,54212.671875,156707500,0.0034594621761642654
2023-05-30,53341.8515625,530814200,-0.016193448941518092
2023-05-31,52736.26171875,1385522200,-0.011417933524495846
2023-06-01,52724.03125,236517300,-0.000231944525480426
2023-06-02,53232.7109375,223672700,0.009601722081178054
2023-06-05,53536.05078125,137805700,0.005682198707509787
2023-06-06,54432.19140625,247761200,0.016600459288089682
2023-06-07,54291.44140625,261542000,-0.002589134946780115
2023-06-08,54338.1796875,226338000,0.0008605071740735333
2023-06-09,54512.140625,211648900,0.0031963357591864726
2023-06-12,54278.12109375,140883900,-0.004302221329563959
2023-06-13,54574.75,194688500,0.005450102280537262
2023-06-14,55145.4296875,316957900,0.010402550111842592
2023-06-15,55344.25,213576400,0.0035988977007941655
2023-06-16,54842.51171875,642615800,-0.00910711488834714
2023-06-19,54931.05859375,29019400,0.0016132643577580332
2023-06-20,54365.6796875,233328700,-0.01034585218469149
2023-06-21,54063.91015625,174711000,-0.005566198503882956
2023-06-22,53563.30859375,143284400,-0.009302575656854736
2023-06-23,53341.91015625,136728100,-0.004141963444105707
2023-06-26,53335.73828125,160594700,-0.00011571074348352912
2023-06-27,53926.91015625,206317300,0.011022995787105836
2023-06-28,53460.05859375,186447500,-0.008694807369697818
2023-06-29,53585.21875,157071300,0.00233845371586456
2023-06-30,53526.1015625,222472200,-0.001103845855512923
2023-07-03,54399.1015625,88059600,0.016178223730029914
2023-07-04,53930.859375,23253000,-0.00864479409977682
2023-07-05,54039.66015625,183541100,0.002015380097256462
2023-07-06,53407.69921875,213520400,-0.011763308628177102
2023-07-07,53904.2890625,168034000,0.009255133492888873
2023-07-10,53655.3515625,133520600,-0.004628835556416868
2023-07-11,54138.140625,173358400,0.008957726129512962
2023-07-12,53956.7109375,237858800,-0.003356863999496692
2023-07-13,54244.01171875,190638300,0.005310527497307467
2023-07-14,53770.80078125,152709100,-0.008762019838363819
2023-07-17,53623.26953125,98350000,-0.0027474765110505803
2023-07-18,54036.26953125,166021400,0.007672372175130276
2023-07-19,53740.16015625,206091900,-0.005494895700585931
2023-07-20,53561.37109375,127340300,-0.0033324636820414584
2023-07-21,53702.16015625,138248100,0.0026251073726480554
2023-07-24,53518.91015625,247229800,-0.003418174765259318
2023-07-25,54013.578125,296826400,0.009200409402224191
2023-07-26,54502.08984375,217661200,0.009003584974803757
2023-07-27,54753.390625,269781500,0.004600249311919946
2023-07-28,54945.26953125,200942200,0.0034982943576917043
2023-07-31,54819.05078125,202298400,-0.0022998148264048667
2023-08-01,54210.62109375,185015800,-0.011160925147082876
2023-08-02,53283.55859375,223695000,-0.017249035962034906
2023-08-03,53445.08984375,231549400,0.0030269543501205394
2023-08-04,53991.421875,178687600,0.01017041100383928
2023-08-07,54032.828125,202503600,0.0007666103125518226
2023-08-08,53663.01953125,219128700,-0.006867675129498356
2023-08-09,54220.73828125,271649000,0.010339345416590094
2023-08-10,53889.03125,179073400,-0.006136505028240006
2023-08-11,53242.16015625,293772900,-0.012076388712468555
2023-08-14,53291.44140625,231353200,0.0009251776489748102
2023-08-15,53585.0703125,236881000,0.005494746044825771
2023-08-16,53827.7109375,334271000,0.004517917419125087
2023-08-17,53201.44140625,290456200,-0.011702917667805141
2023-08-18,53194.390625,160170800,-0.00013253867422641916
2023-08-21,53109.76171875,186731100,-0.0015922035454454054
2023-08-22,53127.9296875,208217800,0.0003420249195293854
2023-08-23,53635.33984375,217799800,0.009505403477463219
2023-08-24,53109.828125,218952200,-0.009846178039123831
2023-08-25,53191.53125,185115900,0.0015371984247227507
2023-08-28,53442.640625,169203400,0.004709744254654062
2023-08-29,54261.328125,217468200,0.015202843085570622
2023-08-30,54390.73828125,310295900,0.0023821031982963277
2023-08-31,53020.98046875,2341620200,-0.025506194062446752
2023-09-01,53145.359375,129619300,0.0023430960008119406
2023-09-04,53030.51953125,48500000,-0.002163201090778181
2023-09-05,52932.5,212425500,-0.0018500710840771786
2023-09-06,52971.19140625,220562100,0.0007306904501193979
2023-09-07,52482.96875,169522600,-0.009259495193007951
2023-09-08,52505.109375,204695700,0.00042177408566079587
2023-09-11,52267.48828125,166610600,-0.004535947499308468
2023-09-12,51860.44921875,220832600,-0.007818096575145579
2023-09-13,51522.1796875,267093600,-0.006544053716124928
2023-09-14,51755.6796875,205584200,0.004521790038434071
2023-09-15,51351.6015625,998189100,-0.007838053507250349
2023-09-18,51685.30859375,150526800,0.00647744963492792
2023-09-19,52219.76171875,210624500,0.010287425567694795
2023-09-20,52507.23046875,233178000,0.005489883094938559
2023-09-21,51954.01171875,194911500,-0.010591946075087946
2023-09-22,51677.48046875,172807800,-0.005336831507569015
2023-09-25,51367.4609375,240424600,-0.006017189440139235
2023-09-26,51107.80078125,213724500,-0.005067773580038285
2023-09-27,51427.26953125,237887300,0.006231424678223707
2023-09-28,51554.94921875,204512600,0.00247964657338366
2023-09-29,50874.98046875,226957200,-0.013276954121614006
2023-10-02,51260.37109375,152597800,0.007546700494753682
2023-10-03,50366.390625,242148700,-0.01759386039719863
2023-10-04,50732.69140625,234531400,0.007246403760971075
2023-10-05,49454.58984375,273435300,-0.025515632081581033
2023-10-06,49666.5,182618600,0.00427578993402455
2023-10-09,49297.1484375,158324400,-0.007464423215574012
2023-10-10,50289.859375,200850400,0.019937215546949806
2023-10-11,50344.73828125,229695000,0.0010906569503558196
2023-10-12,49745.16015625,231171900,-0.01198093526793444
2023-10-13,49379.578125,211550100,-0.007376235138919283
2023-10-16,49823.078125,131151500,0.008941352409258183
2023-10-17,49666.01171875,192510900,-0.003157462531560556
2023-10-18,49274.78125,339281500,-0.007908416661544416
2023-10-19,48804.609375,254330700,-0.009587650853749463
2023-10-20,48275.91015625,214755400,-0.010892081094172808
2023-10-23,48197.87890625,160983200,-0.001617667716270137
2023-10-24,48278.80078125,158358600,0.001677543096203354
2023-10-25,48766.328125,181752700,0.010047520172722755
2023-10-26,49182.37109375,195448300,0.008495170924072832
2023-10-27,48973.8515625,231123500,-0.004248734095209562
2023-10-30,49277.359375,190856700,0.006178219586734065
2023-10-31,49061.87890625,302061900,-0.004382397451553608
2023-11-01,49787.83984375,164928200,0.014688438142648133
2023-11-03,51266.73046875,235378400,0.02927123854716108
2023-11-06,51633.62890625,233795300,0.007131170281018499
2023-11-07,51209.8515625,244230200,-0.008241256331187517
2023-11-08,51016.30078125,144881600,-0.0037867220489804098
2023-11-09,51071.03125,200702400,0.0010722285107179323
2023-11-10,51258.23828125,163797100,0.0036589187231230837
2023-11-13,51090.91015625,169830400,-0.0032697541041416074
2023-11-14,52511.37109375,216405300,0.027423140459576518
2023-11-15,52796.46875,243861900,0.00541457033405291
2023-11-16,52469.359375,184817600,-0.006214940474460723
2023-11-17,52685.1015625,141131300,0.004103344514128576
2023-11-21,52504.2890625,184119600,-0.0034378500913080042
2023-11-22,52670.01171875,147618900,0.003151393299924771
2023-11-23,53059.5390625,37636200,0.007368405583247922
2023-11-24,52938.421875,96360900,-0.0022852749079283093
2023-11-27,52220.48828125,199742200,-0.013654472972773267
2023-11-28,52359.0,197156600,0.0026489286191604166
2023-11-29,52792.80859375,198421400,0.008251138249277869
2023-11-30,54060.01171875,793435900,0.023719777061220734
2023-12-01,53901.4296875,183696900,-0.0029377552436619368
2023-12-04,54053.62890625,227438800,0.0028196792549057
2023-12-05,54120.91015625,250335400,0.0012439389020545298
2023-12-06,54100.37109375,227010400,-0.0003795753018142814
2023-12-07,54456.78125,208628600,0.006566337254785318
2023-12-08,54393.01171875,192868500,-0.00117169792989773
2023-12-11,54439.12109375,191407600,0.0008473486013236883
2023-12-13,55167.859375,258658100,0.013297492846928162
2023-12-14,57036.421875,313194800,0.033309518030810725
2023-12-15,57130.078125,601094400,0.0016406961938802344
2023-12-18,57732.80859375,183221200,0.010494878165491129
2023-12-19,57694.33984375,218941700,-0.0006665459893099581
2023-12-20,56909.37109375,206219900,-0.01369905074459156
2023-12-21,57487.69921875,109613500,0.010110976625092352
2023-12-22,57313.46875,93654100,-0.0030353454690901535
2023-12-26,57745.7890625,51390900,0.007514777258472608
2023-12-27,57554.46875,76005000,-0.0033186480537117143
2023-12-28,57464.421875,56304100,-0.001565775724451459
2023-12-29,57386.25,66550500,-0.0013612787073050132
2024-01-02,56980.44140625,70724900,-0.007096651864027639
2024-01-03,55726.640625,98424800,-0.022249755435082903
2024-01-04,55406.9609375,98384300,-0.005753085740669911
2024-01-05,56192.78125,117230100,0.01408306658922268
2024-01-08,56175.671875,129022300,-0.0003045227491596524
2024-01-09,55105.578125,179710800,-0.01923283096830503
2024-01-10,55318.671875,199388700,0.0038595510410565476
2024-01-11,55438.75,169535700,0.0021683092656629636
2024-01-12,55607.0703125,168914200,0.00303154933586313
2024-01-15,55501.109375,17535400,-0.0019073477744236448
2024-01-16,55124.578125,222231500,-0.006807328614854638
2024-01-17,54711.69140625,265467800,-0.007518257226887487
2024-01-18,54707.890625,206055900,-6.947168287383938e-05
2024-01-19,55452.1015625,213233300,0.013511661446701587
2024-01-22,54667.609375,185280700,-0.014248229541405671
2024-01-23,55502.8984375,172481500,0.015163859815821744
2024-01-24,55419.55078125,241517100,-0.0015028098013219694
2024-01-25,56160.0703125,292610000,0.013273578033441981
2024-01-26,56855.87890625,209368000,0.012313613969965243
2024-01-29,57175.73046875,214253500,0.005609890153905428
2024-01-30,57537.140625,265265700,0.0063011473534363635
2024-01-31,57372.76171875,232735200,-0.0028610070154494664
2024-02-01,57828.078125,178933700,0.00790478225258894
2024-02-02,58226.76953125,166980800,0.006870768136520401
2024-02-06,58645.421875,266012200,0.007164307084553316
2024-02-07,58711.87109375,182573800,0.001132426015805168
2024-02-08,57762.44140625,251848900,-0.016303177866256662
2024-02-09,57327.5,130498900,-0.007558323022039721
2024-02-12,57418.55078125,173539100,0.001586996672038807
2024-02-13,56906.98828125,168142700,-0.008949284970463846
2024-02-14,57248.46875,202355300,0.005982744867177067
2024-02-15,57251.890625,212858400,5.9770554777263244e-05
2024-02-16,57132.109375,158971900,-0.002094371481744974
2024-02-19,57490.05078125,34690500,0.006245608515811147
2024-02-20,57227.671875,233605200,-0.004574347497321388
2024-02-21,57021.03125,197674400,-0.00361738636291704
2024-02-22,57148.73046875,207938900,0.0022370068935990165
2024-02-23,56659.80078125,216265500,-0.008592197616424622
2024-02-26,56194.71875,214213000,-0.00824219829350548
2024-02-27,56241.03125,217701900,0.0008238038634362259
2024-02-28,55350.609375,208760600,-0.015958915348331562
2024-02-29,55414.0,506671300,0.0011446008301463136
2024-03-01,55536.3203125,152945900,0.002204957348729125
2024-03-04,55462.48828125,147751600,-0.0013303213444197572
2024-03-05,55476.25,177401700,0.0002480958235833251
2024-03-06,55284.51171875,163414700,-0.0034622093565173945
2024-03-07,55049.48828125,168372600,-0.004260224281966847
2024-03-08,54935.98828125,134726600,-0.002063909596743485
2024-03-11,55076.12109375,190194700,0.0025475902441491464
2024-03-12,54898.94921875,203210800,-0.003222039827261733
2024-03-13,55848.71875,205029200,0.017152375920067207
2024-03-14,56059.26171875,226717800,0.003762791827432014
2024-03-15,56228.3984375,935202200,0.003012563382866036
2024-03-19,55548.0703125,194973900,-0.012173161915719663
2024-03-20,56618.01171875,172304700,0.019078385198253927
2024-03-21,56657.44140625,197838300,0.000696173584032872
2024-03-22,56610.5390625,170059500,-0.0008281660224998808
2024-03-25,56552.5390625,89283000,-0.001025069413800149
2024-03-26,57209.69921875,125010900,0.011553349792829713
2024-03-27,57369.01171875,114250800,0.0027808412463559513
2024-04-01,57653.23046875,165028800,0.004941989011111598
2024-04-02,57581.80859375,180753600,-0.0012395862356878798
2024-04-03,57503.390625,189285300,-0.0013627813379765243
2024-04-04,57882.76171875,184739700,0.006575701729176138
2024-04-05,58092.44140625,212252300,0.0036159439313648177
2024-04-08,57989.94140625,154641800,-0.0017659876400808283
2024-04-09,57571.1484375,202213300,-0.007248024446905512
2024-04-10,56636.5390625,210376200,-0.016367203633652384
2024-04-11,56830.3203125,200968500,0.0034156482247868322
2024-04-12,56565.921875,147838800,-0.004663274752960041
2024-04-15,55984.0,170645700,-0.010340781242497689
2024-04-16,55797.25,225862900,-0.003341350606643317
2024-04-17,55415.69140625,244258900,-0.006861792989904168
2024-04-18,55739.4296875,208671900,0.005824998316771379
2024-04-19,55862.8515625,138617600,0.0022118172484287876
2024-04-22,56551.8984375,183161700,0.012259165359559983
2024-04-23,56633.75,204292000,0.0014463242981490594
2024-04-24,56463.98828125,254687400,-0.0030020378625457964
2024-04-25,57071.78125,264895300,0.010706736342273798
2024-04-26,57833.8515625,156980900,0.013264475682105627
2024-04-29,57827.859375,222976800,-0.00010361575074053303
2024-04-30,56727.98046875,307132500,-0.019203083957617897
2024-05-02,56677.05078125,249952200,-0.0008981910301964518
2024-05-03,57135.26171875,175056100,0.008052088621185565
2024-05-06,57282.94921875,174095400,0.0025815397882900416
2024-05-07,57108.3203125,297798000,-0.0030531882830311615
2024-05-08,57081.0,263546300,-0.00047850907504357553
2024-05-09,57846.078125,188272300,0.013314345751764479
2024-05-10,57718.0390625,215416700,-0.0022158974257333393
2024-05-13,57731.12109375,121761200,0.00022662843607155193
2024-05-14,57231.73828125,225449200,-0.008687778926601891
2024-05-15,57454.6484375,174206100,0.0038873042098480455
2024-05-16,57462.171875,188203100,0.00013093709850820723
2024-05-17,57583.078125,109270500,0.0021018911169840937
2024-05-20,57393.28125,137307600,-0.0033014969064709227
2024-05-21,56760.71875,175206900,-0.011082729902198215
2024-05-22,56432.03125,156403600,-0.005807587921180557
2024-05-23,55918.37890625,154664100,-0.009143819268287348
2024-05-24,55413.12109375,148845700,-0.009076699431205882
2024-05-27,55452.87890625,30726500,0.0007172228492831426
2024-05-28,55184.94921875,153188600,-0.004843374382966299
2024-05-29,55212.640625,247658800,0.0005016668727994658
2024-05-30,55352.55859375,232591600,0.0025309599119560516
2024-05-31,55179.23828125,755398300,-0.0031361193693423884
2024-06-03,51807.55078125,299888100,-0.06305085781948441
2024-06-04,53485.62109375,339298300,0.031876946555361343
2024-06-05,54410.51171875,298596000,0.01714451214396333
2024-06-06,54477.25,300812400,0.0012258180084424354
2024-06-07,52977.3203125,281301700,-0.027919279991143513
2024-06-10,53122.578125,209603900,0.00273813463337076
2024-06-11,53134.05859375,241229900,0.00021608944437152017
2024-06-12,52975.890625,257816700,-0.0029812112258889804
2024-06-13,52275.6484375,212337200,-0.013306266598845614
2024-06-14,52222.94140625,268209500,-0.0010087607076489182
2024-06-17,52397.19921875,170039700,0.003331250992538316
2024-06-18,53191.25,183424000,0.015040769261470318
2024-06-19,53323.37109375,32765100,0.0024808079896243155
2024-06-20,53333.03125,204979100,0.00018114536144360705
2024-06-21,52788.5,1105858400,-0.010262498527788268
2024-06-24,52512.91015625,218204500,-0.005234316854066812
2024-06-25,52604.05078125,273486500,0.001734080723524475
2024-06-26,52468.01171875,298607100,-0.002589444525548249
2024-06-27,52310.9609375,273035000,-0.002997756035977995
2024-06-28,52440.01953125,243725000,0.002464104077576445
2024-07-01,52883.96875,197511800,0.008430213386812803
2024-07-02,51947.890625,264359400,-0.01785913195693684
2024-07-03,52796.26171875,139483800,0.01619927464970032
2024-07-04,52654.8515625,20477300,-0.0026820056539043602
2024-07-05,52333.16015625,167390100,-0.0061281742120865325
2024-07-08,52907.69140625,217413400,0.010918515940128092
2024-07-09,53331.80859375,204901100,0.007984213791251039
2024-07-10,54279.87890625,248590500,0.017620666765144958
2024-07-11,54422.58984375,176982900,0.0026257180933091802
2024-07-12,54953.109375,206531300,0.009700942632717242
2024-07-15,54311.98828125,177278000,-0.01173528354894277
2024-07-16,54378.19140625,208004700,0.0012181989831557927
2024-07-17,53744.78125,237669200,-0.011716610944561088
2024-07-18,53043.0,233238400,-0.013143663906621658
2024-07-19,53678.51953125,131925200,0.01191000739687403
2024-07-22,54006.921875,280362400,0.0060993084589865765
2024-07-23,53707.73828125,267716500,-0.005555128015115194
2024-07-24,53168.41015625,227583200,-0.010092667278169975
2024-07-25,52931.87109375,336606200,-0.004458790336754937
2024-07-26,52819.578125,301551800,-0.0021237157842203106
2024-07-29,52515.78125,302616800,-0.005768200139685754
2024-07-30,52325.421875,292415800,-0.0036313887768310974
2024-07-31,53136.83984375,64213700,0.015388139171189717
2024-08-01,52417.48046875,315067500,-0.013630337632486207
2024-08-02,52242.37890625,230931200,-0.0033461104748665456
2024-08-05,51776.48046875,167685900,-0.008958020802016589
2024-08-06,52399.62890625,209484300,0.011963508209159812
2024-08-07,52680.8984375,221599200,0.005353421991773921
2024-08-08,52876.55078125,182699900,0.0037070347806675906
2024-08-09,53051.5390625,145598100,0.003303910052309862
2024-08-12,53040.3515625,156078100,-0.00021090207697425302
2024-08-13,53674.19921875,174800800,0.01187945047252626
2024-08-14,53718.94921875,208928500,0.0008333865473005387
2024-08-15,54264.921875,186810600,0.010112201075118597
2024-08-16,54083.78125,163832600,-0.0033436633487887437
2024-08-19,54104.6796875,132430500,0.0003863339505679785
2024-08-20,53991.05859375,178585400,-0.0021022315477214237
2024-08-21,53864.73046875,221702300,-0.002342538752286386
2024-08-22,53316.19921875,303743700,-0.010235702203882457
2024-08-23,53490.921875,245775900,0.003271744623727313
2024-08-26,53171.30859375,211433800,-0.005993016205527334
2024-08-27,52474.30859375,200486300,-0.013195249016147027
2024-08-28,52439.87109375,239110300,-0.0006564889767883029
2024-08-29,53138.9609375,216583800,0.013243186111900404
2024-08-30,52913.5,464816500,-0.004251882043530919
2024-09-02,52493.37890625,31027700,-0.007971459221522172
2024-09-03,51589.421875,200061900,-0.017370396523681445
2024-09-04,51811.37109375,178945500,0.004292995309822137
2024-09-05,51661.48046875,194167800,-0.0028971991702573608
2024-09-06,51083.44140625,147262100,-0.011252043422857044
2024-09-09,51136.05078125,153374100,0.0010293414400583505
2024-09-10,50973.109375,241346500,-0.0031915166926793515
2024-09-11,51195.76171875,238237900,0.004358523175178897
2024-09-12,51999.73046875,229945500,0.015581785586291618
2024-09-13,52016.8515625,141368600,0.00032919931746027494
2024-09-17,52273.53125,203046700,0.004922413723299721
2024-09-18,52582.890625,144912400,0.005900645226375211
2024-09-19,52918.0390625,204810500,0.0063534902658939135
2024-09-20,52190.48046875,899081100,-0.013844172048995212
2024-09-23,52422.23828125,202239000,0.004430784218629941
2024-09-24,53653.94921875,279229500,0.02322418117768908
2024-09-25,53190.9296875,221523300,-0.008667189939199798
2024-09-26,53590.51953125,241227200,0.007484290799776087
2024-09-27,52778.171875,234650300,-0.01527448423984804
2024-09-30,52477.30078125,246167800,-0.005716983746817683
2024-10-02,52199.66015625,312648600,-0.005304725578255112
2024-10-03,51674.5390625,261782100,-0.010110798854953366
2024-10-04,52609.87109375,208825900,0.01793857992059232
2024-10-07,52039.87109375,178648000,-0.010893588936050571
2024-10-08,51764.640625,242914100,-0.005302873818489619
2024-10-09,51869.140625,198227500,0.0020167176022653677
2024-10-10,52391.2890625,230013700,0.01001631787835348
2024-10-11,52395.66015625,154454300,8.342820904945243e-05
2024-10-14,52000.58984375,199140900,-0.007568704785367661
2024-10-15,52377.78125,251831300,0.0072274177915727855
2024-10-16,52483.62109375,249953300,0.002018662297581359
2024-10-17,52463.66015625,153665700,-0.000380399330081798
2024-10-18,53027.421875,178429600,0.0106884311927841
2024-10-21,52814.8203125,144294000,-0.0040173345544640285
2024-10-22,52368.69140625,248595200,-0.008482918553291764
2024-10-23,52142.12890625,206239900,-0.004335682262090228
2024-10-24,51795.55859375,221584000,-0.006668834092110436
2024-10-25,51784.328125,201308500,-0.00021684651624498616
2024-10-28,51816.30078125,206401300,0.0006172290188312795
2024-10-29,51166.2890625,210440700,-0.012623888212702026
2024-10-30,50877.23828125,207690000,-0.005665259950694866
2024-10-31,50661.05078125,250299800,-0.0042582523039950936
2024-11-01,50622.390625,151375500,-0.0007634053027974779
2024-11-04,50882.5390625,140020400,0.005125839856265961
2024-11-05,50831.51171875,179682400,-0.001003349048413231
2024-11-06,51732.4609375,247299800,0.01756898392101803
2024-11-07,52311.078125,254701500,0.011122711856786757
2024-11-08,51845.171875,163291100,-0.008946354299122196
2024-11-11,51449.4296875,156138300,-0.0076624357474027
2024-11-12,51096.640625,170233500,-0.006880623572688552
2024-11-13,50747.62890625,179935900,-0.006853858083553209
2024-11-14,50553.30859375,198739000,-0.0038365005426673274
2024-11-15,50469.3984375,153069300,-0.0016612141569480791
2024-11-19,50222.3984375,194469200,-0.004906069870565862
2024-11-20,50168.87890625,221524100,-0.0010662188535947885
2024-11-21,50174.640625,234439800,0.00011483987771697801
2024-11-22,50430.01953125,208581600,0.005076891157566519
2024-11-25,50207.1796875,773789900,-0.004428585248421154
2024-11-26,49721.8515625,200052600,-0.009713532392440744
2024-11-27,49787.8203125,218921000,0.0013258763378700294
2024-11-28,49941.26953125,40831100,0.0030773235790357454
2024-11-29,49812.640625,159873700,-0.0025789260258485924
2024-12-02,50414.171875,216614800,0.012003543914395919
2024-12-03,50828.05859375,226628600,0.008176213079086465
2024-12-04,51249.80078125,208061300,0.008263194189334674
2024-12-05,51756.83984375,209957600,0.009844863489554786
2024-12-06,51348.80078125,178103100,-0.007915012025343877
2024-12-09,52190.6796875,192663100,0.01626234661869143
2024-12-10,51377.28125,184825200,-0.015707853175223795
2024-12-11,51284.2109375,202300900,-0.0018131499165724338
2024-12-13,51619.75,263266300,0.006521425387717603
2024-12-16,50849.4296875,240713500,-0.015035444348044356
2024-12-17,50500.33984375,276368200,-0.006888841008741188
2024-12-18,49968.44140625,208794600,-0.010588431557555053
2024-12-19,49254.46875,176312900,-0.014391534737881958
2024-12-20,49586.2109375,830185700,0.006712690245466778
2024-12-23,49450.890625,81066100,-0.0027327212645917153
2024-12-24,49316.62109375,30757200,-0.002718902433164158
2024-12-26,49535.578125,65869500,0.004429995307413342
2024-12-27,49290.578125,94708800,-0.004958211696518002
2024-12-30,48837.71875,115169800,-0.009230010189884992
2024-12-31,49513.26953125,80718100,0.013737765477164515
2025-01-02,49765.19921875,87535300,0.005075223891679815
2025-01-03,48957.23828125,112782300,-0.016368699921115504
2025-01-06,49493.55859375,139872100,0.010895302728993597
2025-01-07,50085.5,142173400,0.011889013354863118
2025-01-08,49634.26171875,154747700,-0.009050189318394256
2025-01-09,49807.9609375,63313100,0.003493473713026291
2025-01-10,49596.69921875,160536300,-0.004250545929988143
2025-01-13,49829.96875,169265000,0.004692301653474581
2025-01-14,49844.0,187154900,0.000281542919754182
2025-01-15,50242.83984375,201696100,0.007969918034162063
2025-01-16,49948.1484375,199200100,-0.005882610025585968
2025-01-17,49940.890625,145650700,-0.00014531749591131053
2025-01-20,50201.3203125,48486800,0.005201208804347969
2025-01-21,50450.26171875,152784600,0.004946607074355731
2025-01-22,50944.578125,246763600,0.009750403930669393
2025-01-23,51054.91015625,201852500,0.002163384858900685
2025-01-24,51357.30859375,188988000,0.005905531977407896
2025-01-27,51687.44921875,141375900,0.006407735077712623
2025-01-28,51535.9609375,194650000,-0.002935155693430221
2025-01-29,51555.78125,176057000,0.0003845179511693162
2025-01-30,52050.25,174076600,0.009545245548991152
2025-01-31,51209.53125,227881200,-0.01628392617649226
2025-02-04,51889.75,255089100,0.013195603537138622
2025-02-05,51570.19140625,239296000,-0.0061774558467314195
2025-02-06,52674.7890625,260554400,0.021193135536128963
2025-02-07,52817.75,174281200,0.0027103532872858435
2025-02-10,52928.12109375,202338600,0.0020874788336893786
2025-02-11,53451.640625,204640300,0.009842544279924403
2025-02-12,54065.71875,242024100,0.01142298891770744
2025-02-13,54160.109375,205219300,0.0017443275892394868
2025-02-14,54077.94140625,289621500,-0.0015182827839427381
2025-02-17,54291.640625,25452300,0.003943901817108529
2025-02-18,54476.73828125,170281000,0.0034035229134001814
2025-02-19,54096.51171875,163857100,-0.007004084650740289
2025-02-20,54303.9296875,136034500,0.003826888879728814
2025-02-21,53738.75,92877500,-0.010462251481453367
2025-02-24,53704.44921875,153016300,-0.0006384914571549801
2025-02-25,53050.328125,225733300,-0.012254801074744399
2025-02-26,53296.7109375,237113000,0.0046335705345678544
2025-02-27,52607.609375,239110200,-0.013013846573413066
2025-02-28,52325.73046875,484856000,-0.005372545745479074
2025-03-03,52081.58984375,177885000,-0.004676704071077596
2025-03-04,52384.71875,262433700,0.005803397499102852
2025-03-05,52709.3984375,200899400,0.006178856232183756
2025-03-06,52816.4296875,245438200,0.0020285325138696916
2025-03-07,52839.62890625,190650400,0.00043914602591846097
2025-03-10,51726.87890625,194675000,-0.021283908771884647
2025-03-11,51510.6796875,215530600,-0.004188389143504925
2025-03-12,52041.01171875,232437300,0.010242935886598813
2025-03-13,51877.12109375,179916700,-0.003154228361219853
2025-03-14,52484.28125,226977800,0.011635853735954025
2025-03-18,52773.3203125,200231400,0.005492045889747413
2025-03-19,53060.76171875,213695800,0.005431938511721368
2025-03-20,53100.828125,193186400,0.0007548192940836644
2025-03-21,52672.421875,699295600,-0.008100509204418236
2025-03-24,52674.83984375,153630100,4.5904729007210805e-05
2025-03-25,53203.26171875,186158900,0.009981785745745833
2025-03-26,52806.890625,179878100,-0.007478018512367089
2025-03-27,53477.73828125,210148600,0.012623773954302288
2025-03-28,53172.96875,168304100,-0.005715299398049898
2025-03-31,52484.4296875,195253200,-0.013033612786034687
2025-04-01,53337.8984375,208022000,0.016130570376882286
2025-04-02,53800.9296875,173365200,0.008643628849497688
2025-04-03,54089.28125,259297600,0.005345290301357823
2025-04-04,51452.73046875,168655800,-0.04997250654943927
2025-04-07,50458.3203125,464057500,-0.019515876053239126
2025-04-08,50316.58984375,338824800,-0.002812814459015153
2025-04-09,52527.671875,373032500,0.04300527337638192
2025-04-10,51514.8203125,266889500,-0.019470574742064335
2025-04-11,51498.8984375,219863200,-0.0003091214513947553
2025-04-14,52391.3515625,173187400,0.017181113310322026
2025-04-15,52643.0390625,177897600,0.004792487112661534
2025-04-16,53018.5703125,168232900,0.0071082171361540394
2025-04-21,53758.75,166886500,0.013864209019517704
2025-04-22,54777.83984375,249716500,0.01877928529955292
2025-04-23,55766.578125,239655200,0.01788900185069979
2025-04-24,56382.0,249950000,0.010975227022251312
2025-04-25,56720.12109375,217532100,0.0059790585317850056
2025-04-28,56980.12890625,193000200,0.004573574213384947
2025-04-29,55613.4296875,240938000,-0.024277878141895207
2025-04-30,56259.28125,226957400,0.011546314241268797
2025-05-02,55811.98828125,187308500,-0.007982337411874875
2025-05-05,55835.98828125,111481900,0.00042992271080223094
2025-05-06,57349.828125,166331300,0.026751233849873282
2025-05-07,57954.390625,236411100,0.010486486039687206
2025-05-08,56866.76171875,204755600,-0.018945314783614164
2025-05-09,56551.1796875,178391500,-0.0055649545701088625
2025-05-12,56765.578125,157919700,0.0037840597890661048
2025-05-13,57357.5390625,192326600,0.010374168900200372
2025-05-14,57644.94140625,186765600,0.004998204228346388
2025-05-15,57959.71875,166967600,0.005445768730331924
2025-05-16,57987.140625,126627200,0.00047300764607306934
2025-05-19,58493.390625,174052700,0.008692494483462739
2025-05-20,58311.1484375,199140300,-0.003120466667507723
2025-05-21,58568.01171875,172971700,0.004395372013989108
2025-05-22,57894.8203125,185193000,-0.01156075105190774
2025-05-23,58410.37109375,166225100,0.008865539908838139
2025-05-26,58459.16015625,30513200,0.0008349321643110515
2025-05-27,58593.828125,233318900,0.0023009754837342326
2025-05-28,58735.859375,217764500,0.0024210636268321337
2025-05-29,58614.41015625,168519600,-0.002069859108047969
2025-05-30,57841.69140625,544076100,-0.013270753186421872
2025-06-02,57705.48046875,193378900,-0.0023576691386712713
2025-06-03,57639.0703125,183189600,-0.0011515093368238295
2025-06-04,57484.51953125,198018300,-0.002684955781972583
2025-06-05,57777.48828125,161668600,0.005083537697750268
2025-06-06,58061.41015625,154880900,0.00490202250502875
2025-06-09,57813.37890625,106858800,-0.0042810283551159645
2025-06-10,58098.51171875,162634800,0.004919829813704793
2025-06-11,57767.328125,212579900,-0.005716689166267018
2025-06-12,57829.73828125,206129500,0.0010797879955630042
2025-06-13,57438.5703125,169109300,-0.006787112175298518
2025-06-16,57046.8515625,189202000,-0.0068431468779519234
2025-06-17,56676.8203125,166601700,-0.006507573133265522
2025-06-18,56729.5703125,169049100,0.0009302827382751644
2025-06-19,56068.16015625,32711700,-0.011727500793343532
2025-06-20,56264.69140625,1128789100,0.0034990912771782254
2025-06-23,56080.05859375,141476100,-0.0032868999882345678
2025-06-24,56743.28125,155703300,0.011756969731986217
2025-06-25,56933.19140625,198069800,0.003341242536658216
2025-06-26,57474.19140625,139118600,0.009457502114700216
2025-06-27,57391.51171875,145717800,-0.0014395890075024258
2025-06-30,57450.87890625,171950600,0.0010338898809957536
2025-07-01,57813.8203125,154918300,0.00629755004271776
2025-07-02,58346.71875,233051600,0.009175270368513814
2025-07-03,57890.98828125,153607400,-0.00784139356374661
2025-07-04,57977.76171875,18755700,0.001497788725986671
2025-07-07,57423.3984375,129960800,-0.009607659832876517
2025-07-08,57183.3203125,135810100,-0.004189605614550059
2025-07-09,56687.5390625,177519600,-0.008707835973016421
2025-07-10,56739.8984375,164963200,0.0009232224561010517
2025-07-11,56593.6484375,145037400,-0.0025808789226627483
2025-07-14,56362.671875,146742700,-0.004089667294256255
2025-07-15,56482.91015625,185149100,0.002131024087757554
2025-07-16,56503.0390625,176679300,0.00035630813569545824
2025-07-17,56714.921875,214690600,0.003742923085865957
2025-07-18,56273.44921875,169999000,-0.007814519292226272
2025-07-21,55841.30078125,208490000,-0.007709076240331385
2025-07-22,55517.80859375,249620700,-0.005809908130058249
2025-07-23,56478.8984375,312979800,0.01716324456355098
2025-07-24,57035.8984375,224596700,0.009813777335228282
2025-07-25,57323.140625,147271700,0.005023525799452785
2025-07-28,57083.55859375,187572600,-0.0041882579098084195
2025-07-29,57820.78125,162399600,0.012832113623231405
2025-07-30,57395.8515625,187189000,-0.007376219974124272
2025-07-31,57397.9296875,194415200,3.6206229598906455e-05
2025-08-01,56900.0703125,142620500,-0.008711657660943962
2025-08-04,56650.26171875,168528200,-0.004399969463762693
2025-08-05,57071.55859375,132849500,0.007409286998522538
2025-08-06,57154.21875,151734500,0.0014473120271327278
2025-08-07,58260.87890625,169427900,0.019177630932974584
2025-08-08,58070.171875,110022800,-0.0032786981774642087
2025-08-11,58342.87109375,135637600,0.004685037184804841
2025-08-12,58675.0390625,162638000,0.00567723112607587
2025-08-13,58477.5703125,163130300,-0.0033711402258302064
2025-08-14,58167.26953125,100882500,-0.005320449899778501
2025-08-15,58320.48046875,91076800,0.0026305088019336485
2025-08-18,58319.69921875,131255300,-1.339589843060942e-05
2025-08-19,58462.7890625,138750100,0.0024505371903279223
2025-08-20,58221.46875,114319600,-0.00413630186430079
2025-08-21,58663.96875,210627500,0.0075715525123992876
2025-08-22,59225.48046875,278168900,0.00952614451550687
2025-08-25,58492.12890625,130126700,-0.012459666037972135
2025-08-26,58132.3984375,370248900,-0.006169055820507761
2025-08-27,58647.51953125,178606200,0.0088221407190958
2025-08-28,59151.6796875,159754300,0.008559705632080396
2025-08-29,58708.859375,174166900,-0.0075143453387997
2025-09-01,58865.03125,21556400,0.0026565756396596074
2025-09-02,59747.87890625,159097300,0.014886473298759483
2025-09-03,59651.5703125,191416200,-0.0016132170670273831
2025-09-04,59867.62109375,175744200,0.0036153359813600365
2025-09-05,60479.76171875,186046700,0.01017298240918974
2025-09-08,60649.76171875,175925500,0.002806914562057314
2025-09-09,60679.53125,172272600,0.0004907229098427611
2025-09-10,60489.19140625,156040900,-0.0031417348658924005
2025-09-11,61553.578125,201091300,0.017443289937921363
2025-09-12,61798.94140625,157237100,0.003978250396268046
2025-09-15,62102.12890625,134046500,0.004894035287778261
2025-09-17,61596.23046875,217955800,-0.008179595278068314
2025-09-18,61323.94921875,249209100,-0.004430219611251002
2025-09-19,61200.26953125,1099809700,-0.0020188617527150607
2025-09-22,62004.109375,106765300,0.013049069476614421
2025-09-23,62368.19140625,158765000,0.005854729211541542
2025-09-24,61905.94921875,179966700,-0.007439107072353038
2025-09-25,61945.0390625,133100900,0.0006312399374517205
2025-09-26,62307.0703125,151682200,0.005827382349003024
2025-09-29,62610.12109375,160834900,0.004852036335107889
2025-09-30,62915.5703125,271752100,0.0048667299611702425
2025-10-01,61929.71875,174385300,-0.015793500290582338
2025-10-02,62220.30859375,166009500,0.004681277654807559
2025-10-03,61984.4296875,135294700,-0.0037982317436660116
2025-10-06,60404.19140625,143999600,-0.025824722756750136
2025-10-07,60215.75,131557600,-0.0031245506731795605
2025-10-08,60888.55859375,145654300,0.011111339038743069
2025-10-09,60819.30859375,169959500,-0.0011379709311053678
2025-10-10,60568.9296875,160808600,-0.004125263944348288
2025-10-13,61045.08984375,99915000,0.007830718715941038
2025-10-14,60785.62109375,166807300,-0.00425950304822627
2025-10-15,61637.5390625,298666600,0.013917819461590627
2025-10-16,62544.55859375,161659600,0.01460815492740817
2025-10-17,61743.921875,178466800,-0.012883700733810816
2025-10-20,61672.3515625,139130800,-0.00115981982812291
2025-10-21,60773.78125,147256700,-0.014677253136031052
2025-10-22,61308.19921875,147366900,0.008755123080171661
2025-10-23,61511.94921875,147342600,0.0033178625738906177
2025-10-24,61145.48828125,158562100,-0.0059753739413672905
2025-10-27,61860.30078125,158251500,0.011622551297078308
2025-10-28,62795.23828125,230140600,0.015000617517477242
2025-10-29,63352.8515625,110231300,0.008840671527245422
2025-10-30,62889.859375,180280900,-0.007334986073827726
2025-10-31,62769.1796875,245954000,-0.0019207488056899634
2025-11-03,62653.890625,73037700,-0.0018384033285616455
2025-11-04,62390.73046875,129590700,-0.00420906621117149
2025-11-05,63378.51171875,197026600,0.015708157951451206
2025-11-06,63093.12109375,140698900,-0.004513124454286398
2025-11-07,63376.12890625,134553200,0.0044755272114787685
2025-11-10,63094.01171875,152139300,-0.0044614112714432864
2025-11-11,64321.26953125,152349500,0.01926449881539709
2025-11-12,63190.66015625,166923200,-0.017733854518910443
2025-11-13,62529.44140625,156917500,-0.010518999566862705
2025-11-14,62328.62890625,168643000,-0.0032166550811776997
2025-11-18,61984.44921875,199835000,-0.005537318713756305
2025-11-19,62080.578125,187671000,0.0015496538798297358
2025-11-20,61672.19140625,142360200,-0.0066000656432836985
2025-11-21,61877.26953125,172129800,0.0033197767402558553
2025-11-24,62522.609375,546770100,0.010375341817485362
2025-11-25,63214.55859375,121380900,0.011006390794041842
2025-11-26,63242.7109375,134309000,0.0004452467512456849
2025-11-27,62694.73046875,28964300,-0.008702478325476546
2025-11-28,63596.78125,96877700,0.014285459242243146
2025-12-01,63551.12890625,168107500,-0.0007180982472409458
2025-12-02,63820.609375,165680600,0.004231407602177683
2025-12-03,63597.44140625,140339400,-0.00350292906821904
2025-12-04,63714.859375,143744400,0.001844566492343871
2025-12-05,63378.30078125,109971100,-0.005296262679325158
2025-12-08,63528.0,142320000,0.002359209704518985
2025-12-09,63694.6796875,184967300,0.0026202841077773258
2025-12-10,63409.3984375,162291900,-0.004488946904903552
2025-12-11,64712.0703125,169325000,0.020335651464276978
2025-12-15,64326.16015625,192760400,-0.00598134840180698
2025-12-16,63230.87109375,181538400,-0.017173745293192762
2025-12-17,62528.05859375,183193500,-0.011177255064994297
2025-12-18,63807.3203125,140430600,0.020252528709165163
2025-12-19,63966.98046875,639370000,0.002499097836890703
2025-12-22,64778.1796875,145622100,0.012601793387153748
2025-12-23,65595.40625,132166700,0.012536853387955954
2025-12-24,65616.4296875,16353800,0.00032045032416012643
2025-12-26,65636.359375,23142800,0.0003036840252388876
2025-12-29,65347.078125,84397100,-0.004417073270593857
2025-12-30,64366.69921875,70494300,-0.015116321404908893
2025-12-31,64308.2890625,60516200,-0.0009078712349952783
2026-01-02,64141.359375,44991600,-0.002599147346932593
2026-01-05,65014.37109375,89779700,0.013518951294815593
2026-01-06,65022.23828125,190182900,0.00012099957923249664
2026-01-07,64871.69921875,126392600,-0.002317877689993028
2026-01-08,65521.01171875,147361800,0.009959419701205204
2026-01-09,66062.6171875,178314200,0.00823215671878596
2026-01-12,66745.609375,148969200,0.010285480446142685
2026-01-13,66337.421875,212215200,-0.006134347499912719
2026-01-14,67403.078125,169954200,0.01593651592235058
2026-01-15,66649.28125,223545400,-0.011246423765242763
2026-01-16,67141.109375,192264800,0.007352252104299077
2026-01-19,67467.8203125,31597200,0.004854233367700175
2026-01-20,67683.3828125,173477100,0.0031899484104997117
2026-01-21,68036.1328125,189830800,0.005198232438396964
2026-01-22,68347.9765625,181540000,0.004573029730284604
2026-01-23,68195.1484375,154468400,-0.0022385336327829107
2026-01-26,68706.03125,143994100,0.007463561456722469
2026-01-27,68877.640625,203537500,0.002494619625379356
2026-01-28,69959.7265625,196931000,0.015588135538260748
2026-01-29,69492.4296875,202993900,-0.006701920381107674
2026-01-30,67598.953125,221149100,-0.0276253246658003
2026-02-03,69735.0625,221519800,0.031110743447909654
2026-02-04,68730.6875,218824500,-0.014507452066923186
2026-02-05,68858.28125,166832400,0.001854709541549753
2026-02-06,70809.5703125,211525500,0.027943667934899885
2026-02-09,71509.453125,143433600,0.009835487029376143
2026-02-10,71271.5625,164634400,-0.003332247555240494
2026-02-11,71601.3515625,189694400,0.0046165454156608336
2026-02-12,70888.0390625,263858900,-0.010012232569508407
2026-02-13,71478.8125,159292900,0.008299359324456709
2026-02-16,71353.2890625,17352800,-0.001757636671891949
2026-02-17,71155.6875,142942700,-0.0027731823482977126
2026-02-18,70885.21875,181882700,-0.0038083265452532916
2026-02-19,70845.65625,145226200,-0.0005582763957047748
2026-02-20,71436.546875,133829700,0.008305944230314
2026-02-23,70633.7734375,145171300,-0.01130119196883031
2026-02-24,70934.8203125,234152000,0.004253024216866524
2026-02-25,71144.3515625,207550900,0.0029495020154937305
2026-02-26,71390.1015625,216100000,0.0034482925092713806
2026-02-27,71405.7734375,359876400,0.00021950038911031178
2026-03-02,70584.75,177778500,-0.011564611044804694
2026-03-03,68436.2578125,233775400,-0.030911346339727367
2026-03-04,70428.03125,185020800,0.028688585918504195
2026-03-05,68379.421875,179296700,-0.029519425496238032
2026-03-06,67313.5,159702900,-0.015711118695463686
2026-03-09,66890.2734375,208956900,-0.006307243897862236
2026-03-10,67397.9375,222439000,0.0075608495697336445
2026-03-11,67559.78125,217513200,0.0023984375118798803
2026-03-12,66085.8125,174883400,-0.0220587671656422
2026-03-13,65648.90625,104652900,-0.006633146615932235
2026-03-17,66196.921875,184778200,0.008313024215289096
2026-03-18,65779.2265625,229922300,-0.0063298817567895085
2026-03-19,65199.3984375,152993900,-0.00885384027730998
2026-03-20,64134.8984375,514282400,-0.016461589294483492
2026-03-23,64370.94921875,144444200,0.0036737790699244766
2026-03-24,65775.140625,176930700,0.021579532647651473
2026-03-25,68187.6015625,202979600,0.03602078815696764
2026-03-26,67061.34375,222426300,-0.016654974188419446
2026-03-27,66685.7578125,187736300,-0.005616374790802387
2026-03-30,67087.640625,101691600,0.006008429571676863
2026-03-31,68610.71875,245662300,0.02244893888223259
2026-04-01,69702.0234375,165250800,0.015780575486161807
2026-04-06,68986.6328125,77644400,-0.010316589537622448
2026-04-07,68529.21875,140977000,-0.0066525530586057004
2026-04-08,70221.7578125,164296700,0.024397997943167264
2026-04-09,70314.1875,153674400,0.0013153887515633047
2026-04-10,70023.390625,138024800,-0.004144254091944776
2026-04-13,69595.1328125,199049600,-0.006134703978586388
2026-04-14,68941.4609375,204175800,-0.009436881741447887
2026-04-15,69634.7109375,194123500,0.010005411088318636
2026-04-16,69095.0234375,178298800,-0.007780454924803964
2026-04-17,69825.9375,212009800,0.010522829702028228
2026-04-20,70083.7265625,178734900,0.0036850828848039117
2026-04-21,68809.171875,169076100,-0.018353572858459045
2026-04-22,68836.921875,173292000,0.00040320796064661737
2026-04-23,68631.15625,182821100,-0.002993651784156902
2026-04-24,69230.5625,165811700,0.008695815380062095
2026-04-27,67992.359375,153756600,-0.018047083016548015
2026-04-28,67269.2890625,190731800,-0.010691533167302375
2026-04-29,67097.0625,188323100,-0.002563538487368226
2026-04-30,67858.09375,163003900,0.01127840296305329
