Date,price,volume,log_return
2018-01-03,40.307640075683594,3567900,-0.00019872332630589738
2018-01-04,40.371665954589844,2525000,0.0015871701306628982
2018-01-05,40.79579162597656,2740200,0.010450728510963384
2018-01-08,40.79579162597656,2978600,0.0
2018-01-09,40.48369598388672,3475200,-0.007679604906985959
2018-01-10,39.59544372558594,6989200,-0.022185270554906964
2018-01-11,39.77149200439453,2818400,0.004436320135638258
2018-01-12,40.563720703125,5344500,0.01972371404568482
2018-01-16,41.34794616699219,4161600,0.019148662368448515
2018-01-17,41.80408477783203,3409900,0.01097130595804167
2018-01-18,42.1081657409668,2586300,0.007247625759512099
2018-01-19,41.99613952636719,2717300,-0.002663984453493613
2018-01-22,42.05215835571289,1805600,0.001333015398346937
2018-01-23,42.02814865112305,2833300,-0.0005711136435431335
2018-01-24,43.14847183227539,5558800,0.026307401884796074
2018-01-25,42.79636764526367,6075200,-0.008193770774619743
2018-01-26,43.268497467041016,2154900,0.010971598160109813
2018-01-29,42.668331146240234,3231300,-0.013967843314449448
2018-01-30,42.124168395996094,2912400,-0.012835338594270454
2018-01-31,42.500282287597656,2519900,0.008889070833110135
2018-02-01,43.260501861572266,3879300,0.017729303541637403
2018-02-02,42.31623458862305,4424900,-0.022069212668498078
2018-02-05,40.55571365356445,5603700,-0.0424941342968309
2018-02-06,41.64403533935547,6870600,0.026481474672576947
2018-02-07,40.84379959106445,4721700,-0.019403124229249374
2018-02-08,39.64345169067383,7413600,-0.029829243367774004
2018-02-09,40.28364181518555,7976300,0.01601969463429576
2018-02-12,40.5077018737793,5970900,0.005546649499877573
2018-02-13,40.61174011230469,2578600,0.002565064379683652
2018-02-14,41.2279167175293,3532400,0.015058426991007947
2018-02-15,41.74806594848633,3639500,0.012537508510532687
2018-02-16,41.69205093383789,4516400,-0.001342640091029775
2018-02-20,41.171897888183594,4609100,-0.012554552012096052
2018-02-21,40.707759857177734,3637200,-0.011337199376787174
2018-02-22,41.52400207519531,3054800,0.019852889150021466
2018-02-23,41.435977935791016,2696800,-0.0021220875999625436
2018-02-26,41.32394027709961,2645700,-0.002707535955908972
2018-02-27,40.45168685913086,4019300,-0.021333654788856283
2018-02-28,39.93953323364258,3821700,-0.012741703731664266
2018-03-01,40.1475944519043,4938700,0.005195883342643881
2018-03-02,40.09959030151367,3612300,-0.0011964072325823872
2018-03-05,40.22761917114258,4615600,0.003187686436053704
2018-03-06,40.5077018737793,3359100,0.006938321978944035
2018-03-07,40.40367126464844,2636600,-0.002571472029718222
2018-03-08,41.107879638671875,6432700,0.017279168103234474
2018-03-09,41.507999420166016,3854800,0.009686343944835649
2018-03-12,41.6600456237793,2515100,0.003656365204331167
2018-03-13,41.49999237060547,2768000,-0.003849287582349049
2018-03-14,41.291934967041016,3244400,-0.0050260417466931806
2018-03-15,40.69976043701172,2300200,-0.014444995286392289
2018-03-16,40.35565948486328,2440300,-0.008490561634340376
2018-03-19,39.86751937866211,3382800,-0.012169703011823938
2018-03-20,40.02756118774414,2114900,0.004006304819011999
2018-03-21,41.21990203857422,7326300,0.029352952373079267
2018-03-22,40.6197395324707,5159700,-0.014667055074584755
2018-03-23,39.9715576171875,3826800,-0.016086002213195467
2018-03-26,40.93183517456055,3115500,0.023739984784252974
2018-03-27,40.53170394897461,2753000,-0.009823644976418567
2018-03-28,40.195613861083984,3062600,-0.008326599689661662
2018-03-29,41.2279167175293,2980300,0.02535773538712369
2018-04-02,40.1316032409668,4123300,-0.026951482462537386
2018-04-03,41.027854919433594,4936400,0.022087089639810088
2018-04-04,42.1081657409668,6285500,0.025990458170013397
2018-04-05,42.164188385009766,5188000,0.0013295618207600098
2018-04-06,41.884098052978516,3597200,-0.0066650108112193554
2018-04-09,41.77206802368164,2297100,-0.0026783464153782147
2018-04-10,42.36423873901367,5137600,0.01407669331984098
2018-04-11,42.428253173828125,2086600,0.0015099083782571783
2018-04-12,42.740352630615234,3883400,0.007329011690584344
2018-04-13,43.10845947265625,2458000,0.008575752861562421
2018-04-16,43.01242446899414,1891200,-0.0022302382203457246
2018-04-17,43.34052658081055,3188900,0.007599130932521793
2018-04-18,43.30051040649414,3408300,-0.0009237234122125092
2018-04-19,42.03615188598633,5110400,-0.029634415385047796
2018-04-20,41.78008270263672,5586700,-0.0061102716272120996
2018-04-23,40.899818420410156,3979100,-0.02129411216543137
2018-04-24,40.77978515625,3244900,-0.0029391266684121137
2018-04-25,40.819793701171875,2793000,0.0009806067307715658
2018-04-26,41.01984786987305,3887700,0.004888940453082314
2018-04-27,41.34794616699219,2061300,0.007966706800324417
2018-04-30,41.291934967041016,2281000,-0.0013555491067830628
2018-05-01,40.739768981933594,3627100,-0.013462461413077366
2018-05-02,40.091583251953125,4861400,-0.01603832192058726
2018-05-03,39.515419006347656,5215300,-0.014475467985822039
2018-05-04,39.043277740478516,3764900,-0.012020233792695647
2018-05-07,38.07500076293945,6093400,-0.025112797717897123
2018-05-08,38.04298400878906,3774200,-0.0008412402439332441
2018-05-09,37.85093307495117,4141700,-0.005061047081327734
2018-05-10,38.85922622680664,6323400,0.026289900440673777
2018-05-11,38.46710968017578,3248200,-0.0101419497792108
2018-05-14,37.92295837402344,2841400,-0.01424689161891561
2018-05-15,37.57884979248047,4299700,-0.009115303925187557
2018-05-16,37.82692337036133,3764700,0.006579720953893288
2018-05-17,37.0587158203125,5934000,-0.020517538675896493
2018-05-18,36.450531005859375,5867100,-0.01654754247858714
2018-05-21,36.314491271972656,4239700,-0.0037391562079967106
2018-05-22,36.82664108276367,2683400,0.014004655518801461
2018-05-23,37.386802673339844,5039300,0.015096246729184776
2018-05-24,36.86664962768555,3625700,-0.014010434209022664
2018-05-25,36.810630798339844,4217200,-0.0015206543948572374
2018-05-29,35.7783317565918,5737100,-0.028444231878439443
2018-05-30,36.13843536376953,3719000,0.01001453850575276
2018-05-31,35.75433349609375,4897100,-0.010685512006142237
2018-06-01,35.994407653808594,3650600,0.006692104971562671
2018-06-04,35.986392974853516,2757800,-0.00022268935377773005
2018-06-05,35.03411102294922,5160100,-0.026818706555370418
2018-06-06,35.37822341918945,4246200,0.009774285672379673
2018-06-07,35.098140716552734,5869500,-0.007948315172193065
2018-06-08,35.94638442993164,3970000,0.023880348893423074
2018-06-11,35.71432113647461,4142800,-0.006476746296114162
2018-06-12,35.82636260986328,4311100,0.0031322475303402586
2018-06-13,35.7463264465332,3862200,-0.0022365010382194767
2018-06-14,35.898372650146484,3423900,0.00424445726745786
2018-06-15,36.05842208862305,4172500,0.004448494488776358
2018-06-18,36.14643859863281,5584900,0.002437967548644531
2018-06-19,35.987586975097656,4529900,-0.004404353675249731
2018-06-20,36.54684829711914,3425400,0.01542087982731454
2018-06-21,36.45769500732422,4134900,-0.0024424050909350207
2018-06-22,37.106117248535156,3560700,0.01762929394068553
2018-06-25,37.389793395996094,5736300,0.007615921898536818
2018-06-26,37.4465446472168,2774900,0.001516676619497647
2018-06-27,36.96831512451172,4796100,-0.012853242161925644
2018-06-28,38.030113220214844,5469100,0.028317101282055387
2018-06-29,38.208438873291016,5249000,0.004678105063532752
2018-07-02,37.2439079284668,5225500,-0.025568018222220153
2018-07-03,38.38676071166992,3898600,0.03022424110614197
2018-07-05,40.21854782104492,6476200,0.046615650789034714
2018-07-06,40.87508010864258,10182100,0.016192311258764913
2018-07-09,40.85887145996094,6501300,-0.0003966197298196826
2018-07-10,41.264137268066406,5024100,0.009869806384991086
2018-07-11,40.85076904296875,6180700,-0.010068128565063613
2018-07-12,40.88318634033203,3007700,0.0007932394538127756
2018-07-13,40.72918701171875,3481800,-0.0037739255719734213
2018-07-16,40.931827545166016,2917600,0.0049629789805079
2018-07-17,41.012874603271484,2798000,0.001978092113526115
2018-07-18,41.14255905151367,4824400,0.003157053652731167
2018-07-19,40.607601165771484,3716100,-0.013087815862811924
2018-07-20,40.91561508178711,2628100,0.007556507111601251
2018-07-23,41.15066146850586,4717100,0.005728224535212548
2018-07-24,41.515403747558594,3772600,0.008824531445674867
2018-07-25,42.050357818603516,5725800,0.012803362734768751
2018-07-26,41.928768157958984,6046800,-0.0028957135286409195
2018-07-27,42.04225158691406,3631900,0.0027029205645059196
2018-07-30,42.29351043701172,1915300,0.005958553938832258
2018-07-31,42.13140106201172,3985700,-0.003840325594788596
2018-08-01,41.9206657409668,3428900,-0.005014410010996094
2018-08-02,41.45867156982422,3173500,-0.011081855866545486
2018-08-03,42.058448791503906,3320500,0.014363223500255137
2018-08-06,42.0827751159668,2039000,0.0005782260825543011
2018-08-07,42.877098083496094,6275200,0.018699324352570105
2018-08-08,42.74741744995117,2404100,-0.0030290561503465005
2018-08-09,41.66129684448242,4536700,-0.025736218433943116
2018-08-10,40.21854782104492,6530200,-0.03524428679538005
2018-08-13,40.16181182861328,3856900,-0.0014116881810726611
2018-08-14,41.085819244384766,3214600,0.02274644179507845
2018-08-15,39.88623046875,5355800,-0.02963186811428659
2018-08-16,39.91865921020508,4478500,0.0008127006595815829
2018-08-17,40.37255096435547,5985600,0.011306258513010996
2018-08-20,40.54276657104492,3179800,0.004207259217577495
2018-08-21,41.19929122924805,5385100,0.016063671342825388
2018-08-22,42.03413772583008,5753000,0.020061038099937523
2018-08-23,41.353294372558594,4988700,-0.01633000240094578
2018-08-24,41.4910888671875,4937300,0.0033265893549321995
2018-08-27,42.32593536376953,6364400,0.019921349244631088
2018-08-28,41.29656219482422,6279200,-0.024620770664873122
2018-08-29,41.81529235839844,2760300,0.01248286185252313
2018-08-30,40.87508010864258,5655300,-0.02274152946015459
2018-08-31,40.802127838134766,5209400,-0.0017863561143027372
2018-09-04,39.74034118652344,3727400,-0.026367410390213026
2018-09-05,39.58634948730469,3941800,-0.003882473637681509
2018-09-06,39.98350524902344,3539200,0.009982651374371466
2018-09-07,39.942970275878906,3173400,-0.001014306620017591
2018-09-10,39.95917892456055,2696000,0.0004057124637114857
2018-09-11,40.09697723388672,2381400,0.0034425446343448263
2018-09-12,40.84265899658203,4556400,0.018426148060697645
2018-09-13,41.636985778808594,4152700,0.01926175465910153
2018-09-14,41.353294372558594,2829900,-0.006836764757070497
2018-09-17,41.2479248046875,2312700,-0.0025512849828445757
2018-09-18,41.523502349853516,2353000,0.00665878487020284
2018-09-19,41.59645462036133,3045500,0.0017553495429738725
2018-09-20,41.4505500793457,2762400,-0.0035137857569462845
2018-09-21,41.328975677490234,3600900,-0.0029373081846914314
2018-09-24,40.931827545166016,2968100,-0.009655904209180754
2018-09-25,41.085819244384766,2281700,0.003755091402785756
2018-09-26,41.33707809448242,4207200,0.0060968404779342235
2018-09-27,41.44245529174805,2431800,0.0025459736211616217
2018-09-28,41.523502349853516,2583600,0.001953743105962956
2018-10-01,41.83150863647461,2415900,0.007390262080558929
2018-10-02,41.19929122924805,3127300,-0.01522879766690896
2018-10-03,40.51844787597656,4061200,-0.016663679520937044
2018-10-04,39.97539138793945,4235100,-0.013493324023140714
2018-10-05,40.18613815307617,3761900,0.0052580646075602675
2018-10-08,39.98350524902344,3526700,-0.005055113805258015
2018-10-09,40.105079650878906,3555000,0.0030360005833466775
2018-10-10,39.4404411315918,4300700,-0.016711286325511995
2018-10-11,39.326969146728516,5325100,-0.002881193198028557
2018-10-12,39.48096466064453,3808400,0.003908127075023313
2018-10-15,39.772769927978516,2829000,0.007363857046644518
2018-10-16,40.35634994506836,2888500,0.014566248485721129
2018-10-17,39.83760070800781,2568200,-0.012937546248999766
2018-10-18,38.51643371582031,6576500,-0.033726207729471734
2018-10-19,38.605594635009766,3794600,0.002312204718143611
2018-10-22,37.95717239379883,3632100,-0.016938722830811166
2018-10-23,37.714012145996094,4570300,-0.0064267815081483
2018-10-24,36.684635162353516,3917500,-0.027673693388600137
2018-10-25,37.31684494018555,3565200,0.01708682471006918
2018-10-26,37.187164306640625,4224800,-0.003481175464729613
2018-10-29,34.52862548828125,8547800,-0.0741749519123818
2018-10-30,34.39894104003906,7580800,-0.003762924118673758
2018-10-31,34.107154846191406,5138300,-0.008518598368893878
2018-11-01,35.5336799621582,5787100,0.040973796231813596
2018-11-02,35.80926513671875,4421000,0.007725684576004114
2018-11-05,36.83863830566406,4961500,0.028340585692357867
2018-11-06,36.91158676147461,2805500,0.001978257816419538
2018-11-07,37.04126739501953,3536700,0.003507119987335167
2018-11-08,34.53672409057617,13740800,-0.07000940183256685
2018-11-09,34.64210891723633,18100000,0.0030467385354365074
2018-11-12,33.63704299926758,4396000,-0.029442032912175606
2018-11-13,32.891353607177734,6743900,-0.022418114972754918
2018-11-14,33.004825592041016,6567000,0.0034439658990508184
2018-11-15,32.61576843261719,6447400,-0.011857915155389599
2018-11-16,33.53977584838867,10368700,0.02793620757732552
2018-11-19,33.377662658691406,7551500,-0.004845179685838362
2018-11-20,32.66440200805664,3587500,-0.021601032258549455
2018-11-21,32.713035583496094,3204800,0.0014877788485411006
2018-11-23,32.19428634643555,2420900,-0.015984646015574484
2018-11-26,30.605653762817383,6855100,-0.050604238765842954
2018-11-27,31.11628532409668,4730400,0.016546570610786203
2018-11-28,32.502296447753906,7729600,0.043579420777071956
2018-11-29,33.021034240722656,5831100,0.015834012876327613
2018-11-30,32.688716888427734,6689800,-0.010114790570162657
2018-12-03,32.88325119018555,6279100,0.0059334767032716606
2018-12-04,32.332088470458984,4771100,-0.01690325759926813
2018-12-06,32.923770904541016,4514300,0.01813472859389528
2018-12-07,32.90755844116211,3882800,-0.0004925455362304403
2018-12-10,32.55902862548828,3325500,-0.010647663918327832
2018-12-11,32.48609161376953,3354800,-0.0022426599265349405
2018-12-12,32.972412109375,4443900,0.014859167747509807
2018-12-13,32.713035583496094,4297400,-0.00789757497692108
2018-12-14,32.64008331298828,4445400,-0.0022325575899377046
2018-12-17,32.145668029785156,4848800,-0.015263383432774514
2018-12-18,32.72004318237305,4725000,0.017710132347220072
2018-12-19,32.82640838623047,7527500,0.003245493681993492
2018-12-20,33.54643249511719,4893400,0.021697198617843735
2018-12-21,33.07186508178711,4056800,-0.014247600387000162
2018-12-24,33.219146728515625,2033500,0.004443494978934513
2018-12-26,33.54643249511719,3294700,0.00980410540806544
2018-12-27,33.57915496826172,3022000,0.0009749628114440996
2018-12-28,33.660980224609375,2259000,0.0024338230880679426
2018-12-31,33.69371032714844,1356300,0.0009718730751245002
2019-01-02,34.626461029052734,3084300,0.02730697663937549
2019-01-03,34.19281768798828,2337100,-0.012602546511795966
2019-01-04,34.89646911621094,3504400,0.020370039744524632
2019-01-07,35.305572509765625,3077500,0.011655160311958701
2019-01-08,35.88648986816406,4019500,0.01632008492655885
2019-01-09,36.28741455078125,5579400,0.011110076690683356
2019-01-10,36.369239807128906,2922900,0.0022523825701568517
2019-01-11,36.213775634765625,3783100,-0.004283768293616461
2019-01-14,36.38560485839844,4122200,0.004733636659654775
2019-01-15,36.59015655517578,5059400,0.005606032154480097
2019-01-16,36.99108123779297,3976900,0.010897578305551967
2019-01-17,36.89289093017578,3346100,-0.002657961193572908
2019-01-18,36.87653732299805,2980300,-0.00044337086060923617
2019-01-22,36.279239654541016,3637400,-0.01632983658169489
2019-01-23,36.55742645263672,2661200,0.0076386843504540015
2019-01-24,36.500152587890625,2852800,-0.0015679106050737492
2019-01-25,36.66379928588867,6095000,0.004473431702618914
2019-01-28,36.500152587890625,5898700,-0.004473431702618921
2019-01-29,36.66379928588867,3086500,0.004473431702618914
2019-01-30,36.500152587890625,5077900,-0.004473431702618921
2019-01-31,36.81925964355469,2859400,0.008704627079210362
2019-02-01,36.69651794433594,4764800,-0.0033391964907633293
2019-02-04,36.89289093017578,2323600,0.005337003108476822
2019-02-05,37.2938117980957,3030200,0.010808534583161966
2019-02-06,37.007442474365234,3467100,-0.007708368977443703
2019-02-07,36.81925964355469,3038600,-0.005097972223431824
2019-02-08,36.352874755859375,3608100,-0.012747781853458567
2019-02-11,35.94377136230469,2591500,-0.011317475489876093
2019-02-12,35.98468017578125,2463700,0.0011374864052456563
2019-02-13,34.88010787963867,8319700,-0.031176605295438024
2019-02-14,35.477394104003906,6294300,0.016979015928926353
2019-02-15,35.8292236328125,3717400,0.00986815516095335
2019-02-19,35.968318939208984,3181000,0.0038746585310070842
2019-02-20,35.927406311035156,2873600,-0.0011381102964768692
2019-02-21,36.14015197753906,2700200,0.005904079159863982
2019-02-22,36.53288650512695,3648000,0.010808364672111341
2019-02-25,36.63106918334961,5526700,0.002683910027443231
2019-02-26,36.41832733154297,4362100,-0.005824619050012702
2019-02-27,36.07468795776367,2392700,-0.009480691246276632
2019-02-28,35.64104080200195,3426600,-0.012093649428172428
2019-03-01,35.42012405395508,3929200,-0.006217670656083972
2019-03-04,35.23194122314453,2736800,-0.005327042460361387
2019-03-05,35.068294525146484,3621500,-0.0046556598806589775
2019-03-06,34.6510124206543,3892600,-0.011970488679445142
2019-03-07,34.17645263671875,4319400,-0.01379005616232502
2019-03-08,34.34009552001953,4536100,0.0047767495257992985
2019-03-11,34.732826232910156,2588700,0.011371603662497181
2019-03-12,34.822837829589844,3439700,0.002588190282986677
2019-03-13,34.91282653808594,3042200,0.0025808532624394397
2019-03-14,34.80646896362305,3595800,-0.003051025005408282
2019-03-15,35.313751220703125,4289200,0.01446918181325441
2019-03-18,35.91105270385742,4170000,0.0167726817921789
2019-03-19,35.85377502441406,3399100,-0.001596260826331952
2019-03-20,36.77015686035156,7376400,0.025237699247889222
2019-03-21,36.87653732299805,5576000,0.0028889426148347368
2019-03-22,35.42829895019531,5378500,-0.04006459774798935
2019-03-25,35.93558883666992,3253700,0.014217230788254466
2019-03-26,35.98468017578125,2613600,0.0013651602645414918
2019-03-27,35.583763122558594,3727300,-0.011203855457580285
2019-03-28,35.51012420654297,3893500,-0.002071597013958302
2019-03-29,35.66557693481445,4726900,0.0043681473580913475
2019-04-01,36.475608825683594,5325100,0.022457793760320265
2019-04-02,36.131961822509766,2769300,-0.009465943182414446
2019-04-03,36.18923568725586,4998700,0.001583875231373146
2019-04-04,36.7537956237793,4931500,0.015479784698492309
2019-04-05,37.670188903808594,6259800,0.024627533787651135
2019-04-08,38.25111770629883,3429200,0.015303744532367146
2019-04-09,38.10383987426758,3725000,-0.003857719769535175
2019-04-10,38.136566162109375,2507300,0.0008585025068254206
2019-04-11,37.915653228759766,3046500,-0.0058095228895752235
2019-04-12,38.05473709106445,3350800,0.003661532265622828
2019-04-15,37.85837936401367,3566600,-0.005173234195516157
2019-04-16,38.161109924316406,3261300,0.007964593380939161
2019-04-17,38.602943420410156,3635100,0.011511595754249907
2019-04-18,38.56203079223633,1691100,-0.0010603938490205385
2019-04-22,38.512935638427734,1308000,-0.001273958659268674
2019-04-23,38.161109924316406,3109600,-0.00917724324596064
2019-04-24,37.76837158203125,3362400,-0.01034491048710778
2019-04-25,37.972930908203125,2600600,0.0054015396305249295
2019-04-26,38.06291961669922,1978200,0.0023670084543030005
2019-04-29,37.81747055053711,2345400,-0.006469390093690928
2019-04-30,37.76018524169922,3169100,-0.0015159326975092845
2019-05-01,37.38381576538086,3426100,-0.010017369812266957
2019-05-02,37.18745040893555,3197000,-0.0052665274546088514
2019-05-03,37.6374626159668,3002200,0.012028550778050304
2019-05-06,37.39199447631836,3017800,-0.006543270468910471
2019-05-07,36.78652572631836,3422000,-0.01632500068815121
2019-05-08,36.352874755859375,3739300,-0.011858343089105319
2019-05-09,36.115604400634766,5522800,-0.006548259486770949
2019-05-10,36.483787536621094,4061700,0.010142958024869506
2019-05-13,35.94377136230469,4582300,-0.014912174027974805
2019-05-14,36.369239807128906,3564200,0.011767546328550777
2019-05-15,36.43470001220703,3075600,0.0017982604480107393
2019-05-16,36.38560485839844,2703800,-0.001348392081972409
2019-05-17,36.18923568725586,3115500,-0.005411507593511813
2019-05-20,36.51652145385742,2145900,0.009003082841321274
2019-05-21,36.475608825683594,5303700,-0.001121014890280128
2019-05-22,36.23832702636719,1996900,-0.006526469480245009
2019-05-23,35.98468017578125,2797800,-0.0070240191666278914
2019-05-24,35.837406158447266,4092200,-0.004101084534472769
2019-05-28,35.42829895019531,3758500,-0.011481306518323202
2019-05-29,35.927406311035156,3597700,0.013989505081767922
2019-05-30,36.4428825378418,3901400,0.014245761696208285
2019-05-31,35.11738967895508,7783000,-0.03704973270161608
2019-06-03,34.91282653808594,4612800,-0.0058421559647877505
2019-06-04,35.55922317504883,5233300,0.0183452806662607
2019-06-05,35.788326263427734,4577900,0.006422193267171811
2019-06-06,35.518306732177734,7818400,-0.007573512043842206
2019-06-07,35.64921569824219,4462300,0.0036789004096429894
2019-06-10,36.7047004699707,7111900,0.029177678491055854
2019-06-11,36.90108108520508,3431000,0.005336023259298124
2019-06-12,36.7537956237793,4418200,-0.003999345714039874
2019-06-13,36.54924392700195,5763400,-0.0055810026152162025
2019-06-14,36.279239654541016,3012100,-0.00741483266560929
2019-06-17,36.130638122558594,3694600,-0.004104460473168314
2019-06-18,36.44786834716797,3822800,0.00874176833406311
2019-06-19,36.75675582885742,3137400,0.00843906565617642
2019-06-20,37.20754623413086,3610300,0.012189555621307172
2019-06-21,36.79014205932617,3623400,-0.011281665996573731
2019-06-24,36.798492431640625,2536700,0.00022694733794309738
2019-06-25,36.69831848144531,3639700,-0.002725941737648091
2019-06-26,36.915367126464844,3895900,0.005896981579026576
2019-06-27,36.35603713989258,3750900,-0.015267643828031719
2019-06-28,36.21413040161133,3436500,-0.003910888563750153
2019-07-01,36.61483383178711,4002400,0.011004068993743702
2019-07-02,36.6398811340332,2115600,0.000683841394615193
2019-07-03,36.71500778198242,1202600,0.0020483072178537095
2019-07-05,36.815189361572266,2901800,0.002724911545736597
2019-07-08,37.1825065612793,2943100,0.009927882540313961
2019-07-09,36.030460357666016,12860000,-0.031473695202322606
2019-07-10,36.030460357666016,4025300,0.0
2019-07-11,36.36438751220703,3550800,0.009225228938194257
2019-07-12,36.32264709472656,2344800,-0.0011484970406155802
2019-07-15,36.79014205932617,2731800,0.012788496824941367
2019-07-16,36.43952560424805,2906200,-0.0095758767035064
2019-07-17,36.11394119262695,2658100,-0.008975080352015281
2019-07-18,35.75497817993164,5878400,-0.009989464176802024
2019-07-19,35.44609069824219,3372500,-0.008676538832009613
2019-07-22,35.07877731323242,4236000,-0.010416657746202675
2019-07-23,34.55284881591797,4022800,-0.015106310966671978
2019-07-24,34.99530029296875,2431800,0.012723773440575974
2019-07-25,34.828338623046875,2711500,-0.004782391486108053
2019-07-26,34.6363410949707,2687600,-0.0055279321167982
2019-07-29,35.204002380371094,3799900,0.016256328601310224
2019-07-30,34.936859130859375,1884700,-0.007617372683753441
2019-07-31,34.45267105102539,3531000,-0.013955878853086296
2019-08-01,34.0185661315918,5003700,-0.012680090319159861
2019-08-02,33.5844612121582,4968400,-0.012842942196184308
2019-08-05,32.69122314453125,4680600,-0.026956859565850238
2019-08-06,33.041847229003906,3150400,0.010668219448067765
2019-08-07,33.5009880065918,4862500,0.01380007517211037
2019-08-08,33.85995864868164,2908800,0.010658224330144187
2019-08-09,33.818206787109375,2580300,-0.0012338356573398839
2019-08-12,32.96670913696289,3139100,-0.02550108156331323
2019-08-13,33.0668830871582,3681000,0.003034032336148273
2019-08-14,31.914844512939453,5047100,-0.035461023791346157
2019-08-15,32.08180618286133,4506000,0.0052178370871651504
2019-08-16,32.65782928466797,3057400,0.01779553742839029
2019-08-19,32.40738296508789,2625100,-0.007698355167195116
2019-08-20,32.616085052490234,2471200,0.006419307072940612
2019-08-21,33.16706466674805,2254300,0.016751782221095295
2019-08-22,32.83313751220703,2669200,-0.010119060029960754
2019-08-23,32.5326042175293,5016500,-0.009195502243567308
2019-08-26,32.80809783935547,1871700,0.008432577111765854
2019-08-27,33.00009536743164,3010600,0.005835081119346011
2019-08-28,33.225486755371094,3262600,0.00680680338204452
2019-08-29,33.91004180908203,2770800,0.020393934312822118
2019-08-30,34.65302658081055,2908700,0.02167387995156451
2019-09-03,34.19387435913086,2305900,-0.013338553310986948
2019-09-04,34.94520950317383,3496400,0.021734876417237547
2019-09-05,35.31252670288086,2660100,0.010456372956993336
2019-09-06,35.64645004272461,4021900,0.009411798763741538
2019-09-09,35.5462760925293,3688600,-0.0028141643604376433
2019-09-10,35.47114181518555,3734400,-0.002115940218327879
2019-09-11,35.638099670410156,2365800,0.004695821767518115
2019-09-12,35.72992706298828,2638800,0.002573349648451102
2019-09-13,36.02211380004883,2765600,0.008144391396636249
2019-09-16,35.93864059448242,2622600,-0.0023199657565611863
2019-09-17,36.573097229003906,4281200,0.017499865403758065
2019-09-18,36.205772399902344,3398800,-0.010094357058529953
2019-09-19,36.13898849487305,2047100,-0.001846268428393786
2019-09-20,36.50630187988281,3181300,0.010112603676777158
2019-09-23,36.39777755737305,2641400,-0.0029771832662127025
2019-09-24,36.030460357666016,2645100,-0.010143014918803123
2019-09-25,35.90523910522461,2679100,-0.0034814808184868056
2019-09-26,35.771671295166016,2763600,-0.0037269453696744687
2019-09-27,35.50453186035156,1850800,-0.007495929183756655
2019-09-30,35.66314697265625,1737100,0.00445751154282163
2019-10-01,35.36261749267578,2443800,-0.008462598770742812
2019-10-02,34.861732482910156,3542800,-0.014265521982033737
2019-10-03,35.34591293334961,2089700,0.013793031335253341
2019-10-04,36.43116760253906,4779100,0.030241892587237067
2019-10-07,35.89689636230469,2519800,-0.014773821630857087
2019-10-08,35.47114181518555,2930000,-0.011931380174400347
2019-10-09,35.579673767089844,1641500,0.0030550539196144977
2019-10-10,36.30595016479492,4546700,0.020207131024776552
2019-10-11,36.83188247680664,4286300,0.014382197520427636
2019-10-14,36.873626708984375,1767000,0.0011327304322919934
2019-10-15,36.932064056396484,1856700,0.001583546174221689
2019-10-16,37.20754623413086,2610900,0.007431478112401232
2019-10-17,37.099021911621094,1617500,-0.002920990765160028
2019-10-18,37.00719451904297,2449300,-0.0024782654951174036
2019-10-21,37.39955139160156,2244400,0.010546369269001077
2019-10-22,37.2910270690918,2351700,-0.0029059729116423924
2019-10-23,37.38285827636719,1553800,0.0024595279365270716
2019-10-24,37.39955139160156,1962500,0.00044644497511522787
2019-10-25,37.36615753173828,1700500,-0.0008932935316145995
2019-10-28,37.675045013427734,2853100,0.008232523354297954
2019-10-29,37.541465759277344,1797200,-0.003551863632371791
2019-10-30,37.46633529663086,2180900,-0.002003271305499611
2019-10-31,36.99049758911133,2215700,-0.012781746612476962
2019-11-01,37.68339538574219,4123300,0.01855849899105977
2019-11-04,37.5915641784668,1849400,-0.0024398884665866385
2019-11-05,37.224239349365234,1931000,-0.00981952377236575
2019-11-06,37.64164733886719,2110800,0.011150934908182999
2019-11-07,37.942176818847656,2596200,0.007952258755854385
2019-11-08,37.58320999145508,1814600,-0.009505930274582243
2019-11-11,37.549827575683594,1597200,-0.0008886215451718029
2019-11-12,36.723358154296875,2362600,-0.022255771765863165
2019-11-13,36.54804611206055,2066400,-0.00478528775394556
2019-11-14,36.798492431640625,1637800,0.006829150983728413
2019-11-15,37.31606674194336,1501800,0.013967099853914956
2019-11-18,37.023887634277344,1085400,-0.007860661594295085
2019-11-19,37.0322380065918,1177800,0.00022551469652458997
2019-11-20,36.89032745361328,2768100,-0.0038394427039722275
2019-11-21,36.84858322143555,2192200,-0.0011322173396641746
2019-11-22,37.12406539916992,1811000,0.00744825165611184
2019-11-25,37.0739860534668,1234400,-0.001349883246990017
2019-11-26,36.50630187988281,3649900,-0.015430639197076821
2019-11-27,36.53969955444336,1578100,0.0009144286129824942
2019-11-29,36.330989837646484,1304400,-0.005728236942226694
2019-12-02,35.980369567871094,2095100,-0.009697591649326933
2019-12-03,35.74663162231445,2092400,-0.006517455604051164
2019-12-04,35.95532989501953,2085600,0.005821287385772649
2019-12-05,36.07220458984375,2484900,0.003245281078566327
2019-12-06,35.89689636230469,2657900,-0.004871773356971892
2019-12-09,35.9970703125,2972300,0.0027867154827011043
2019-12-10,36.60648727416992,2975600,0.016787917692674494
2019-12-11,37.249290466308594,2639900,0.017407424130919696
2019-12-12,37.69173812866211,3461300,0.011808025896913243
2019-12-13,38.192626953125,3739100,0.013201562628340666
2019-12-16,38.499412536621094,2663600,0.008000497103183518
2019-12-17,38.524688720703125,3327900,0.00065631885544262
2019-12-18,39.03037643432617,2510300,0.013040924645487497
2019-12-19,38.819671630859375,2921000,-0.005413106946095447
2019-12-20,38.63425827026367,2298600,-0.004787716130251172
2019-12-23,38.49097442626953,2113500,-0.003715619488731939
2019-12-24,38.35612487792969,445500,-0.003509558277998978
2019-12-26,38.60054016113281,1047500,0.006352045138491635
2019-12-27,38.6848258972168,1427300,0.0021811572823698883
2019-12-30,37.90945053100586,2625400,-0.02024699208212717
2019-12-31,37.95158004760742,1720000,0.0011107025731487369
2020-01-02,38.98823165893555,2929900,0.0269487103002691
2020-01-03,38.70167541503906,2355500,-0.007376956781345388
2020-01-06,38.87866973876953,4428100,0.00456287299216849
2020-01-07,38.516258239746094,5687600,-0.00936532037403885
2020-01-08,38.861812591552734,2457400,0.008931642913449563
2020-01-09,38.8870964050293,3019800,0.0006503966343492472
2020-01-10,39.097801208496094,3744800,0.005403746690395691
2020-01-13,39.367496490478516,2413800,0.006874283331495964
2020-01-14,39.12308120727539,4313400,-0.006227908632599391
2020-01-15,39.00509262084961,2630500,-0.0030203874055369524
2020-01-16,39.78047561645508,3597000,0.019684011898063118
2020-01-17,40.4631462097168,5405100,0.0170153601832224
2020-01-21,40.12602615356445,3565700,-0.008366434664105459
2020-01-22,40.26087188720703,3409200,0.00335492134685465
2020-01-23,39.949031829833984,3234900,-0.007775639019349094
2020-01-24,39.510772705078125,4711500,-0.011031075936541882
2020-01-27,38.39826965332031,4915200,-0.02856096396779724
2020-01-28,39.392784118652344,2654800,0.025570257867352116
2020-01-29,39.805755615234375,3814300,0.010428859948674494
2020-01-30,39.418067932128906,2384400,-0.009787227135779524
2020-01-31,38.65110778808594,3785100,-0.019648851478305317
2020-02-03,39.401206970214844,3666000,0.019221012927591687
2020-02-04,39.814186096191406,4188000,0.01042683376386977
2020-02-05,39.73833084106445,4228000,-0.0019070491050888767
2020-02-06,39.20737075805664,4842600,-0.013451475591923652
2020-02-07,38.962947845458984,3240600,-0.006253619366863589
2020-02-10,38.92924499511719,3540800,-0.0008653717713154166
2020-02-11,39.77204513549805,4575800,0.02141851444815407
2020-02-12,40.33673095703125,3118800,0.014098210011525664
2020-02-13,40.07545852661133,2060600,-0.006498351842606137
2020-02-14,40.21030807495117,1771400,0.003359242387714793
2020-02-18,40.01645278930664,1513600,-0.004832693252118415
2020-02-19,40.08388137817383,1722800,0.001683603582814407
2020-02-20,39.4433479309082,2004700,-0.016108880042567327
2020-02-21,39.28321838378906,2393400,-0.004067998274071005
2020-02-24,37.95158004760742,5173200,-0.03448627658601131
2020-02-25,37.33633804321289,3950200,-0.016344075269271747
2020-02-26,36.96549606323242,2516600,-0.009982123960901066
2020-02-27,35.507442474365234,4669600,-0.04024261705413001
2020-02-28,35.077613830566406,5934000,-0.012179177276660832
2020-03-02,36.240684509277344,3790100,0.03261922482445936
2020-03-03,36.26597213745117,5444900,0.0006975257271157992
2020-03-04,36.99079132080078,2700300,0.019789103497448834
2020-03-05,35.507442474365234,4670300,-0.0409266767723631
2020-03-06,34.20109939575195,4376200,-0.037484532047188074
2020-03-09,30.467458724975586,4328700,-0.11559860263494755
2020-03-10,31.79066276550293,3823200,0.04251343595236529
2020-03-11,30.189329147338867,5588900,-0.05168410049429525
2020-03-12,27.922183990478516,4670400,-0.07806702446005166
2020-03-13,28.958833694458008,2853700,0.0364537957355401
2020-03-16,24.542530059814453,3423900,-0.16546776033478786
2020-03-17,26.455698013305664,3994700,0.07506402754703079
2020-03-18,24.230688095092773,3844500,-0.08785162803535645
2020-03-19,24.104270935058594,4147700,-0.0052308908841609434
2020-03-20,22.789491653442383,3758100,-0.0560895046938682
2020-03-23,21.171302795410156,4433700,-0.073652914372523
2020-03-24,22.511362075805664,4198300,0.061373539945772326
2020-03-25,24.365541458129883,4781800,0.07914973593523209
2020-03-26,25.579179763793945,3803800,0.048608831276140275
2020-03-27,23.531164169311523,3301800,-0.08345305263437687
2020-03-30,23.328887939453125,3216200,-0.008633259124194305
2020-03-31,23.893569946289062,3730600,0.02391696448549143
2020-04-01,22.486080169677734,3670900,-0.060712924199095325
2020-04-02,22.427085876464844,5665400,-0.0026270393443456387
2020-04-03,21.575851440429688,4909500,-0.0386947188866873
2020-04-06,22.814775466918945,3397700,0.055833672458050786
2020-04-07,23.135042190551758,4412800,0.013940073161542667
2020-04-08,23.522735595703125,3181700,0.016618979583159145
2020-04-09,23.81771469116211,2606200,0.012462192959148462
2020-04-13,23.809289932250977,2456800,-0.000353780762221654
2020-04-14,24.222261428833008,2837700,0.017196266268040657
2020-04-15,22.94119644165039,3025900,-0.0543378384725302
2020-04-16,22.781064987182617,2803300,-0.007004557700556308
2020-04-17,23.77557373046875,3850700,0.04272903191088048
2020-04-20,23.26146125793457,1885400,-0.021860771910564302
2020-04-21,22.553504943847656,2737400,-0.03090748414724145
2020-04-22,22.755775451660156,3375600,0.008928495432383039
2020-04-23,22.452367782592773,2570800,-0.013422901400887173
2020-04-24,22.511362075805664,3264200,0.0026240851126315672
2020-04-27,23.10975456237793,1897400,0.026234640924965427
2020-04-28,24.112699508666992,4746800,0.04248384845182207
2020-04-29,25.562326431274414,5140800,0.058380991531364355
2020-04-30,24.66895294189453,3486700,-0.035574156730910446
2020-05-01,23.682865142822266,3325700,-0.040793690170845366
2020-05-04,24.694232940673828,2512000,0.04181793528539263
2020-05-05,25.03135871887207,3831000,0.013559655395915929
2020-05-06,24.74480628967285,2461800,-0.011513767473069422
2020-05-07,24.99764633178711,4877100,0.010166053595747128
2020-05-08,26.009014129638672,3204700,0.03966150152205402
2020-05-11,25.697174072265625,2442400,-0.01206214765194026
2020-05-12,25.183059692382812,1976200,-0.020209493540468918
2020-05-13,24.601526260375977,4535500,-0.023363049918810563
2020-05-14,24.913362503051758,2957400,0.01259582211778056
2020-05-15,24.35711097717285,2086200,-0.02258046742389016
2020-05-18,25.6466064453125,4035500,0.051587421724727564
2020-05-19,24.66895294189453,4296500,-0.038865773462592616
2020-05-20,25.596040725708008,4229900,0.03689219329806298
2020-05-21,25.604463577270508,3517800,0.00032901440144560726
2020-05-22,25.781455993652344,2023700,0.006888778785880595
2020-05-26,26.809680938720703,3764200,0.039107577786193316
2020-05-27,27.180513381958008,4182600,0.01373724542366421
2020-05-28,26.910818099975586,2695800,-0.009971931156121055
2020-05-29,26.87710189819336,4109600,-0.0012536720586829528
2020-06-01,27.660911560058594,3267100,0.028745588033777615
2020-06-02,28.427865982055664,5510900,0.02734957907104657
2020-06-03,29.02625846862793,5013000,0.020831024076553427
2020-06-04,28.402587890625,3348100,-0.021720620811231956
2020-06-05,29.70050621032715,5121200,0.04468382585711249
2020-06-08,30.568593978881836,3870300,0.02880905156863069
2020-06-09,29.371809005737305,3566600,-0.03993780437901453
2020-06-10,28.89140510559082,3342400,-0.01649118727652679
2020-06-11,26.49784278869629,5965900,-0.08648082421671853
2020-06-12,27.85475730895996,4446700,0.04994044530003153
2020-06-15,27.70586395263672,3246500,-0.00535968494847019
2020-06-16,27.891984939575195,4218700,0.0066952835735242106
2020-06-17,27.866600036621094,2086200,-0.0009105290142763071
2020-06-18,27.155977249145508,2102200,-0.02583166173400683
2020-06-19,27.976579666137695,5312000,0.029770541013243838
2020-06-22,27.866600036621094,2829500,-0.003938879279237055
2020-06-23,28.12039566040039,4594900,0.009066296880888796
2020-06-24,27.392854690551758,2262200,-0.026212935601719015
2020-06-25,27.485910415649414,1991700,0.003391323186820245
2020-06-26,26.699148178100586,2344300,-0.029041863399981722
2020-06-29,27.020620346069336,4752100,0.011968629586998219
2020-06-30,26.96986198425293,2713300,-0.001880271284120168
2020-07-01,27.23211669921875,2393700,0.009677017994391985
2020-07-02,27.6635684967041,2527300,0.015719293058568163
2020-07-06,27.942739486694336,2606700,0.010041067126474658
2020-07-07,27.265958786010742,2959600,-0.02451840472732582
2020-07-08,27.096759796142578,4172800,-0.006224837191101309
2020-07-09,26.673770904541016,2143300,-0.015733436573733488
2020-07-10,26.699148178100586,2069400,0.0009509420098474897
2020-07-13,26.24232292175293,2698400,-0.01725817531621991
2020-07-14,26.521493911743164,3438200,0.010582009105662926
2020-07-15,27.13905906677246,2448300,0.023018488950475452
2020-07-16,26.919105529785156,2266600,-0.008137706947549393
2020-07-17,26.614551544189453,2295500,-0.01137816050422469
2020-07-20,26.74144744873047,1553600,0.00475658393390311
2020-07-21,27.43515396118164,2483800,0.02561048167059484
2020-07-22,27.84968376159668,1709900,0.014996428901463594
2020-07-23,27.545129776000977,2252800,-0.010995868918161908
2020-07-24,27.714323043823242,2693300,0.0061236146178866675
2020-07-27,28.408031463623047,2189800,0.024722546253051605
2020-07-28,28.36573028564453,1935700,-0.001490166742628508
2020-07-29,28.38265037536621,2419900,0.0005963197548895727
2020-07-30,27.84968376159668,2630200,-0.018956444965037275
2020-07-31,27.51974868774414,2739800,-0.011917730212053945
2020-08-03,27.485910415649414,1806000,-0.0012303561820703557
2020-08-04,27.32517433166504,1724300,-0.005865110880236937
2020-08-05,28.145776748657227,3199900,0.029588902664787683
2020-08-06,28.137313842773438,1803700,-0.0003007264120942174
2020-08-07,28.154233932495117,1886200,0.0006011591757539098
2020-08-10,28.357269287109375,1616800,0.007185660145932382
2020-08-11,28.61106300354004,2337400,0.008910051787012284
2020-08-12,28.68720245361328,1759500,0.0026576544431485744
2020-08-13,28.88178253173828,1728700,0.006759918353360973
2020-08-14,29.33860969543457,4430600,0.015693351482077417
2020-08-17,29.33014678955078,2073600,-0.000288497880286697
2020-08-18,29.2286319732666,1498900,-0.003467111853088668
2020-08-19,29.093273162841797,1821400,-0.004641791215431489
2020-08-20,29.000213623046875,2411800,-0.0032037883949653043
2020-08-21,28.737960815429688,1784500,-0.009084270975912348
2020-08-24,28.68720245361328,1819100,-0.0017678095157538604
2020-08-25,28.98329734802246,2279900,0.01026859476542972
2020-08-26,28.55184555053711,2081100,-0.014998133781438865
2020-08-27,28.162696838378906,3010000,-0.013723281650946403
2020-08-28,28.9240779876709,3044300,0.026676101492574766
2020-08-31,27.84122657775879,4643700,-0.03815650400041607
2020-09-01,28.509550094604492,3727400,0.02372122957805493
2020-09-02,28.2811336517334,3072400,-0.00804419526301626
2020-09-03,27.824302673339844,3495000,-0.01628509122810764
2020-09-04,28.069637298583984,4172700,0.00877863327983454
2020-09-08,27.468992233276367,3179600,-0.021630655621234625
2020-09-09,28.10347557067871,3181900,0.022835441130149767
2020-09-10,27.866600036621094,3167100,-0.00846441409117726
2020-09-11,28.391115188598633,3331300,0.018647410359583647
2020-09-14,29.118650436401367,5550700,0.025302626601799827
2020-09-15,28.864856719970703,2277700,-0.008754052648151543
2020-09-16,29.042518615722656,3184200,0.006136090684811603
2020-09-17,28.70412254333496,4631100,-0.011720160312515042
2020-09-18,28.213451385498047,3159500,-0.01724189137314938
2020-09-21,27.655109405517578,4000500,-0.019988364178381176
2020-09-22,27.333635330200195,3030800,-0.011692492322374327
2020-09-23,26.445354461669922,2797200,-0.033037499041717024
2020-09-24,27.21519660949707,3742000,0.02869500800715792
2020-09-25,27.257497787475586,2702700,0.001553115260771548
2020-09-28,27.621267318725586,2105600,0.013257399597107639
2020-09-29,27.570510864257812,1904800,-0.0018392764447023448
2020-09-30,28.221914291381836,2983200,0.023352024107917427
2020-10-01,28.0019588470459,3101200,-0.007824312136235792
2020-10-02,28.137313842773438,2395600,0.004822123676523281
2020-10-05,28.746421813964844,2388600,0.0214167106252478
2020-10-06,28.408031463623047,3108600,-0.011841397650803498
2020-10-07,29.017135620117188,2315400,0.021214635733665974
2020-10-08,29.905414581298828,4811000,0.03015301474152983
2020-10-09,30.30302619934082,4227100,0.01320802841646388
2020-10-12,30.083072662353516,2664000,-0.007284938549873127
2020-10-13,29.685462951660156,2374500,-0.013305180468503633
2020-10-14,29.685462951660156,2063600,0.0
2020-10-15,29.75313377380371,1823200,0.002277000303154099
2020-10-16,29.82927703857422,1983200,0.0025558988024676882
2020-10-19,29.448585510253906,2144500,-0.012844483449122923
2020-10-20,30.159215927124023,3035700,0.023844666958535377
2020-10-21,30.446842193603516,2201500,0.009491738444092854
2020-10-22,30.632957458496094,2111200,0.006094186358344514
2020-10-23,30.861373901367188,2311000,0.007428895910098283
2020-10-26,30.27764129638672,2317300,-0.019095837288441407
2020-10-27,29.981548309326172,1585300,-0.009827393033038914
2020-10-28,29.017135620117188,3323900,-0.0326955971457065
2020-10-29,28.526472091674805,3419200,-0.01705403744925348
2020-10-30,28.898696899414062,2468400,0.012964002629482637
2020-11-02,28.8394775390625,3012800,-0.0020513077073555028
2020-11-03,29.27092742919922,2916500,0.014849589109047571
2020-11-04,29.558568954467773,3873400,0.009778897836437662
2020-11-05,30.844457626342773,3583300,0.042583395309099756
2020-11-06,31.09824562072754,3337600,0.008194328021591429
2020-11-09,32.30799865722656,5450000,0.038163429333458954
2020-11-10,32.90018844604492,3229100,0.018163549579822896
2020-11-11,33.0609245300293,2588800,0.004873671619273129
2020-11-12,32.30799865722656,2438800,-0.023037221199096118
2020-11-13,33.137062072753906,3644000,0.025337520051209428
2020-11-16,34.27067184448242,4781600,0.03363758407417683
2020-11-17,34.4567985534668,3713800,0.005416383374593653
2020-11-18,34.54985046386719,6026700,0.002696898577882055
2020-11-19,34.448333740234375,2566300,-0.002942593288659873
2020-11-20,34.63444519042969,2417600,0.005388083783917896
2020-11-23,34.735965728759766,1930200,0.0029269139236915336
2020-11-24,35.4042854309082,2928200,0.01905724366794336
2020-11-25,35.15895080566406,2107600,-0.006953638378433389
2020-11-27,35.023597717285156,1721800,-0.0038571770059840885
2020-11-30,34.32143783569336,3559500,-0.020251886077145773
2020-12-01,35.573486328125,4061700,0.03583042559645537
2020-12-02,36.05569839477539,2611400,0.01346432612448192
2020-12-03,36.377166748046875,4008400,0.008876370231692254
2020-12-04,36.461761474609375,2664300,0.00232278993284396
2020-12-07,35.97955322265625,2241000,-0.013313269542099682
2020-12-08,36.1572151184082,3582100,0.0049257059624055344
2020-12-09,35.58195114135742,2439200,-0.016037998143798443
2020-12-10,36.07261276245117,2703000,0.013695409295709214
2020-12-11,35.784976959228516,2978800,-0.008005760855683618
2020-12-14,35.688594818115234,2412200,-0.002697002462273437
2020-12-15,36.18332290649414,2381700,0.013767154627909653
2020-12-16,36.46480178833008,2507000,0.007749141263183349
2020-12-17,37.096012115478516,2642700,0.01716201293465477
2020-12-18,36.32832717895508,3419300,-0.02091167368460118
2020-12-21,35.72270965576172,2276100,-0.01681118864726009
2020-12-22,34.95503616333008,2205200,-0.021724056823646427
2020-12-23,36.00419235229492,2167500,0.029572831374682383
2020-12-24,36.149200439453125,946300,0.004019444596461651
2020-12-28,36.268619537353516,1534500,0.0032980613386085064
2020-12-29,37.181304931640625,2342100,0.024853187513324267
2020-12-30,37.23607635498047,2637700,0.001472006466306399
2020-12-31,36.79105758666992,1463800,-0.012023270537675082
2021-01-04,37.082035064697266,3205800,0.007877806990800791
2021-01-05,37.28742599487305,1877200,0.005523542848033187
2021-01-06,38.44276809692383,6545600,0.0305144272334118
2021-01-07,38.134674072265625,3032000,-0.008046643458277287
2021-01-08,38.588253021240234,3251700,0.011823955382412566
2021-01-11,38.1089973449707,1882400,-0.012497499239583803
2021-01-12,38.16889953613281,2017100,0.0015706307049806654
2021-01-13,37.75811767578125,2076200,-0.010820545398294234
2021-01-14,38.36574172973633,2391600,0.015964428596202576
2021-01-15,38.06621551513672,1961200,-0.007837762075773141
2021-01-19,37.79235076904297,2153700,-0.007220435326653013
2021-01-20,37.79235076904297,1974200,0.0
2021-01-21,37.3130989074707,1646700,-0.01276227939504693
2021-01-22,36.76538848876953,2671900,-0.014787569743141849
2021-01-25,36.910865783691406,3125800,0.003949100980311517
2021-01-26,36.96221923828125,2894200,0.0013903159140209072
2021-01-27,35.712745666503906,5426600,-0.0343886427573956
2021-01-28,35.91814041137695,4044500,0.005734825269974544
2021-01-29,34.39480972290039,6361600,-0.04333679896171184
2021-02-01,35.74697494506836,3632200,0.03855997579108458
2021-02-02,35.610042572021484,5118500,-0.003837955842183083
2021-02-03,35.47311782836914,4506400,-0.003852527440641752
2021-02-04,35.52446365356445,2498600,0.0014464107952778795
2021-02-05,36.02939224243164,2216300,0.014113480368714194
2021-02-08,36.072181701660156,1398800,0.0011869217802407612
2021-02-09,36.73115539550781,2284200,0.018103337489489838
2021-02-10,36.542877197265625,1486500,-0.005139026908782267
2021-02-11,36.140647888183594,2885300,-0.011068076700172657
2021-02-12,36.38026809692383,1148700,0.0066083302314398585
2021-02-16,36.303253173828125,1354900,-0.002119186043046155
2021-02-17,36.619903564453125,3195500,0.008684549461937884
2021-02-18,35.86678695678711,1959700,-0.020780192963195367
2021-02-19,35.69562911987305,1679200,-0.004783465194732543
2021-02-22,35.07945251464844,3108600,-0.01741268705679742
2021-02-23,35.86678695678711,3030800,0.022196152251529884
2021-02-24,36.14921188354492,3127800,0.007843434214340422
2021-02-25,34.59163284301758,3652400,-0.04404331960915593
2021-02-26,34.79703140258789,3587500,0.005920251145552559
2021-03-01,35.490234375,2907500,0.019725491991094805
2021-03-02,36.11497497558594,2156500,0.017450027983867855
2021-03-03,36.02083969116211,1730000,-0.002609947313821752
2021-03-04,35.68708038330078,3071400,-0.009308922018635812
2021-03-05,35.60149383544922,3091000,-0.0024011306134190196
2021-03-08,35.824005126953125,3256400,0.006230604323886484
2021-03-09,36.23478317260742,2121100,0.011401315650496147
2021-03-10,37.19328689575195,2418800,0.02610876658073624
2021-03-11,37.68109893798828,2434300,0.01303032910113256
2021-03-12,37.50994110107422,2415000,-0.004552620430524286
2021-03-15,37.92927932739258,1702800,0.011117361578293426
2021-03-16,38.26304244995117,1766600,0.008761125784518282
2021-03-17,38.20314025878906,2601900,-0.0015667632747931185
2021-03-18,37.9463996887207,1871000,-0.006743088482509392
2021-03-19,37.50137710571289,2535900,-0.011796974357667522
2021-03-22,37.50137710571289,1961700,0.0
2021-03-23,36.705482482910156,2486800,-0.02145152476231251
2021-03-24,36.47440719604492,1972800,-0.006315288418003849
2021-03-25,37.124820709228516,2174500,0.017674925789359138
2021-03-26,37.68109893798828,1747700,0.014872846573639655
2021-03-29,37.818031311035156,1979100,0.0036273933948997848
2021-03-30,37.8779296875,1385800,0.001582604624518248
2021-03-31,37.50994110107422,2705300,-0.009762618449942367
2021-04-01,38.14323043823242,2071300,0.01674230219391696
2021-04-05,38.70806121826172,1439000,0.014699582490555408
2021-04-06,38.81932067871094,3023300,0.002870199769601909
2021-04-07,38.69950866699219,2221800,-0.0030911743155540897
2021-04-08,39.21298599243164,2069700,0.013181063242210368
2021-04-09,38.62248229980469,1351800,-0.01517341733718177
2021-04-12,38.476993560791016,1661900,-0.0037740570886848476
2021-04-13,38.7422981262207,1444200,0.006871485183215043
2021-04-14,39.358482360839844,3260200,0.015779535523839473
2021-04-15,39.71791458129883,2072100,0.009090821275007545
2021-04-16,39.8719596862793,1326100,0.003870977275814771
2021-04-19,39.60666275024414,1568400,-0.00667595670943911
2021-04-20,39.572425842285156,2268400,-0.0008647967715039504
2021-04-21,40.1115837097168,1348500,0.01353260455889345
2021-04-22,40.180049896240234,1911700,0.0017054380398844773
2021-04-23,40.462459564208984,1537000,0.007004018708112747
2021-04-26,40.20572280883789,1595000,-0.006365275990176571
2021-04-27,39.683677673339844,3287500,-0.013069382500043402
2021-04-28,39.769264221191406,2391700,0.002154396776617899
2021-04-29,39.95753479003906,1752700,0.0047229017380088665
2021-04-30,38.9048957824707,2845700,-0.02669716164060563
2021-05-03,39.49540328979492,1771100,0.015064194429269909
2021-05-04,39.22154998779297,2049300,-0.006957952396251455
2021-05-05,39.13597106933594,1527800,-0.002184320058343843
2021-05-06,39.7949333190918,2689000,0.016697580375770026
2021-05-07,40.265621185302734,2429100,0.01175843190817724
2021-05-10,40.65074920654297,1655600,0.00951923393486198
2021-05-11,40.265621185302734,2381700,-0.009519233934862039
2021-05-12,39.37558364868164,2616700,-0.022352112694777774
2021-05-13,39.91474533081055,2361300,0.013599892929959109
2021-05-14,40.316978454589844,1766900,0.01002686904320109
2021-05-17,40.70208740234375,1372500,0.009506696827501307
2021-05-18,40.97594451904297,1813900,0.006705796809338678
2021-05-19,40.52236557006836,2493400,-0.011131117485473756
2021-05-20,41.1385498046875,2702900,0.01509157536871043
2021-05-21,40.89036178588867,2255200,-0.006051251231406181
2021-05-24,40.78767013549805,1989200,-0.002514548945033985
2021-05-25,40.359764099121094,1910900,-0.010546482625784408
2021-05-26,40.54804611206055,1477100,0.004654244190471267
2021-05-27,40.79622268676758,2196700,0.006101901176450014
2021-05-28,41.172786712646484,1689600,0.009188025517359066
2021-06-01,41.65203094482422,2709400,0.011572608169775182
2021-06-02,41.72905731201172,2686300,0.001847574568977446
2021-06-03,41.14710998535156,1467500,-0.014044010735568832
2021-06-04,41.472312927246094,1654400,0.007872352769777751
2021-06-07,42.73889923095703,3635100,0.03008344834345604
2021-06-08,42.542076110839844,2707800,-0.004615882236189642
2021-06-09,42.39658737182617,2368500,-0.0034257398299563577
2021-06-10,42.60100555419922,1617100,0.00480998507024339
2021-06-11,42.5578727722168,1969700,-0.0010129956269626069
2021-06-14,42.23873519897461,1274100,-0.007527166184840235
2021-06-15,41.98860168457031,1924400,-0.00593950275536199
2021-06-16,41.134681701660156,3245400,-0.020546590292993317
2021-06-17,40.76378631591797,2870500,-0.009057505722770984
2021-06-18,40.38426971435547,3541600,-0.00935375133307989
2021-06-21,40.677528381347656,2116500,0.007235466107818437
2021-06-22,40.65165710449219,1466600,-0.0006362114061162608
2021-06-23,40.927669525146484,1669800,0.006766750480766596
2021-06-24,41.67808151245117,2816800,0.018169016591976478
2021-06-25,41.885093688964844,1792800,0.004954637003675848
2021-06-28,41.634952545166016,1483500,-0.00598998451263779
2021-06-29,41.643585205078125,1194300,0.0002073201613821773
2021-06-30,41.39344787597656,1499200,-0.006024735625344028
2021-07-01,41.37619400024414,1967600,-0.0004169131481356954
2021-07-02,41.74708938598633,1227800,0.00892404226813741
2021-07-06,41.100189208984375,1906000,-0.015617008444406721
2021-07-07,41.281314849853516,2104500,0.004397247532413071
2021-07-08,40.729286193847656,1869100,-0.013462576458955544
2021-07-09,41.27268600463867,914200,0.013253529164894572
2021-07-12,41.27268600463867,879100,0.0
2021-07-13,40.505027770996094,1401100,-0.018774816453685828
2021-07-14,41.29856491088867,1724100,0.019401642541710427
2021-07-15,41.74708938598633,1189900,0.010801982118030023
2021-07-16,41.79021453857422,1820900,0.001032476615664237
2021-07-19,40.479148864746094,2782200,-0.03187521148695327
2021-07-20,40.427398681640625,1662400,-0.0012792583970595564
2021-07-21,40.90179443359375,1887600,0.011666195475758805
2021-07-22,41.238182067871094,1035800,0.008190640640394315
2021-07-23,41.39344787597656,1265500,0.00375802803219401
2021-07-26,42.04035186767578,2009200,0.015507311363339557
2021-07-27,42.19560241699219,2621500,0.0036860916795140993
2021-07-28,42.53199768066406,1486100,0.00794067177351234
2021-07-29,42.902896881103516,1808700,0.00868267076293122
2021-07-30,42.281864166259766,1986900,-0.014581099019020332
2021-08-02,42.16110610961914,2303000,-0.0028601111155897264
2021-08-03,42.98915481567383,2630800,0.019449730407777404
2021-08-04,42.307735443115234,1511000,-0.015977929964383554
2021-08-05,42.42849349975586,1082400,0.00285021271060674
2021-08-06,42.12660598754883,1184200,-0.007140640760293547
2021-08-09,41.77296829223633,1383400,-0.008430073517088377
2021-08-10,42.05760192871094,915300,0.006790714402121049
2021-08-11,42.53199768066406,889600,0.011216526092939187
2021-08-12,42.3336181640625,1168900,-0.0046751532044993225
2021-08-13,42.79939270019531,1437500,0.010942387186521985
2021-08-16,42.73039245605469,1313600,-0.0016134790700967124
2021-08-17,42.695884704589844,1814100,-0.0008078955208799264
2021-08-18,43.049530029296875,3126900,0.008248775308601979
2021-08-19,42.10935592651367,2450400,-0.02208136692467877
2021-08-20,41.87647247314453,1448300,-0.005545793967468673
2021-08-23,42.48025131225586,1035400,0.014315139864952312
2021-08-24,42.60100555419922,2473700,0.0028385646256688575
2021-08-25,42.75626754760742,1130600,0.0036379363820257787
2021-08-26,42.53199768066406,2404800,-0.00525911468014743
2021-08-27,43.101280212402344,1805500,0.013296020715279478
2021-08-30,43.385921478271484,1459500,0.006582298606428877
2021-08-31,44.08457565307617,2803200,0.015974964260411395
2021-09-01,43.4204216003418,1995500,-0.015180088617381956
2021-09-02,43.5498046875,1463500,0.0029753442788299704
2021-09-03,43.403167724609375,1534700,-0.0033727910117673163
2021-09-07,43.498046875,1528500,0.002183610172254481
2021-09-08,43.00640106201172,1928300,-0.011367071139364214
2021-09-09,43.01502990722656,1447600,0.00020062082545158148
2021-09-10,43.135780334472656,3150600,0.002803235534988594
2021-09-13,43.27378845214844,2088700,0.0031942813037973265
2021-09-14,43.48943328857422,1944100,0.004970891493965189
2021-09-15,43.98969650268555,1775100,0.011437440422403303
2021-09-16,43.834434509277344,2866200,-0.0035357515837687184
2021-09-17,42.86839294433594,2713900,-0.022284891331052374
2021-09-20,42.08348083496094,2267000,-0.018479508717374284
2021-09-21,42.16110610961914,1926100,0.0018428554152202527
2021-09-22,42.75626754760742,2448900,0.014017654051826225
2021-09-23,42.9373893737793,1458400,0.004227199594170946
2021-09-24,42.497501373291016,1908500,-0.010297710546187461
2021-09-27,42.89426803588867,1239100,0.009292921804598626
2021-09-28,41.885093688964844,2127700,-0.02380820037249586
2021-09-29,41.54869842529297,2123600,-0.008063809111098419
2021-09-30,41.62633514404297,2068000,0.0018668280123404738
2021-10-01,41.859214782714844,1926200,0.00557893534625111
2021-10-04,41.48832321166992,1606200,-0.008899939413370323
2021-10-05,41.51420211791992,1365400,0.0006235691501142733
2021-10-06,41.42794418334961,2049700,-0.002079954993074557
2021-10-07,41.27268600463867,1758100,-0.003754708053815073
2021-10-08,41.445194244384766,1020800,0.004171008476643301
2021-10-11,41.32444381713867,890200,-0.0029177489654188963
2021-10-12,41.67808151245117,1279200,0.008521182547752209
2021-10-13,42.092105865478516,2136000,0.009884846558928288
2021-10-14,42.23011016845703,1229000,0.0032732637420423726
2021-10-15,43.196163177490234,2305500,0.022618198255059233
2021-10-18,42.971900939941406,1080500,-0.005205240391604577
2021-10-19,43.03227233886719,1425100,0.0014039181249031279
2021-10-20,43.196163177490234,961700,0.0038013222667014008
2021-10-21,42.62687683105469,1308300,-0.013266710108450609
2021-10-22,42.72175598144531,2598400,0.0022233323803323634
2021-10-25,42.75626754760742,1209700,0.0008074956956778639
2021-10-26,42.91151809692383,1248100,0.003624483068105022
2021-10-27,42.38536834716797,1357100,-0.012337060475253805
2021-10-28,42.08348083496094,1212200,-0.007147932059897631
2021-10-29,41.70396423339844,1977300,-0.00905909463495188
2021-11-01,41.56595230102539,1249800,-0.003314811987079319
2021-11-02,41.42794418334961,1698900,-0.0033257444396732247
2021-11-03,42.11798095703125,3036500,0.016519117215063658
2021-11-04,42.27323532104492,1342500,0.003679400440318188
2021-11-05,42.84251403808594,1891500,0.013376777156039833
2021-11-08,43.049530029296875,1152600,0.004820385736829935
2021-11-09,42.98915481567383,1224800,-0.0014034436635495151
2021-11-10,42.04896926879883,1819300,-0.022112996212931217
2021-11-11,41.9799690246582,3849200,-0.0016422975477392626
2021-11-12,42.07485580444336,1505400,0.0022577364305783054
2021-11-15,41.84196853637695,1481900,-0.005550445164813561
2021-11-16,41.41069793701172,2287800,-0.010360616072200141
2021-11-17,41.41069793701172,1820100,0.0
2021-11-18,41.00529479980469,2079100,-0.009838051901361155
2021-11-19,40.77241134643555,1328100,-0.005695539625380778
2021-11-22,40.24626541137695,1813600,-0.012988445450252581
2021-11-23,40.237640380859375,3104100,-0.0002143293237498035
2021-11-24,39.70286178588867,2605700,-0.013379615043541732
2021-11-26,38.15028381347656,3006300,-0.03989007326959142
2021-11-29,38.5297966003418,2300400,0.00989868251722704
2021-11-30,39.081825256347656,3449400,0.014225652092652424
2021-12-01,39.29746627807617,3252300,0.005502513778798913
2021-12-02,40.418766021728516,2009100,0.028134137105075528
2021-12-03,40.280765533447266,2404100,-0.0034201096373049447
2021-12-06,40.19451141357422,1381200,-0.0021436186658591923
2021-12-07,40.98805236816406,2322600,0.019550164279902676
2021-12-08,41.28993606567383,982500,0.00733817289234626
2021-12-09,41.35031509399414,952500,0.0014612501345708127
2021-12-10,41.471073150634766,1027400,0.002916110071908009
2021-12-13,40.603553771972656,1733500,-0.021140557575300457
2021-12-14,40.97085189819336,3070800,0.009005290455451061
2021-12-15,41.39936065673828,2875300,0.010404553076198243
2021-12-16,41.91532897949219,2188200,0.012386169150336374
2021-12-17,42.702388763427734,2222000,0.018603254818843933
2021-12-20,42.30885696411133,1622300,-0.009258412978532679
2021-12-21,42.57120895385742,1484300,0.006181730006061511
2021-12-22,43.14838790893555,2440900,0.013466878033032533
2021-12-23,43.48070526123047,1853200,0.007672225813136326
2021-12-27,43.970428466796875,1132400,0.011200045190036636
2021-12-28,44.02289962768555,1142400,0.0011926169459490854
2021-12-29,43.891719818115234,1725500,-0.002984256947302236
2021-12-30,44.32023239135742,1169100,0.009715598242957809
2021-12-31,44.25027084350586,628500,-0.001579793720186478
2022-01-03,44.092864990234375,2372500,-0.0035635144339372874
2022-01-04,44.19779586791992,1547400,0.002376942840145485
2022-01-05,43.93545150756836,1337900,-0.00595337498644955
2022-01-06,44.11909866333008,2050400,0.004171219356168969
2022-01-07,44.39019012451172,1019300,0.006125736916690684
2022-01-10,44.1103515625,1830600,-0.00632401766844297
2022-01-11,44.1803092956543,2670500,0.0015847145579124546
2022-01-12,44.94113540649414,1756500,0.01707433260555555
2022-01-13,44.85367965698242,2757000,-0.001947902606689584
2022-01-14,44.83618927001953,1657900,-0.00039001923837884083
2022-01-18,44.18905258178711,2242300,-0.014538530273956745
2022-01-19,43.65559768676758,1443100,-0.012145564950805755
2022-01-20,43.40199661254883,1777100,-0.005826069364608803
2022-01-21,42.92975616455078,2363900,-0.010940242563356194
2022-01-24,42.23015213012695,3770100,-0.016430731024534292
2022-01-25,42.020263671875,2597500,-0.004982501046815544
2022-01-26,41.827877044677734,2205100,-0.0045889381246898885
2022-01-27,41.320655822753906,2861000,-0.012200516261261425
2022-01-28,41.41685485839844,2428900,0.002325404238108707
2022-01-31,42.457523345947266,3637600,0.02481620529985296
2022-02-01,43.008460998535156,2523600,0.012892738282280509
2022-02-02,43.183372497558594,1633600,0.004058661523592628
2022-02-03,42.40505599975586,2189100,-0.018187924862762037
2022-02-04,42.2126579284668,2246200,-0.004547473428799459
2022-02-07,42.23015213012695,1175900,0.0004143443804939072
2022-02-08,43.20085906982422,1684100,0.022725909570189474
2022-02-09,43.93545150756836,1658900,0.01686116468425599
2022-02-10,43.49819564819336,2093100,-0.010002087729690367
2022-02-11,44.00540542602539,2943000,0.011593019081761935
2022-02-14,43.515682220458984,2650000,-0.011191093022853756
2022-02-15,44.3552131652832,2004000,0.019108863910351576
2022-02-16,44.88866424560547,2350700,0.01195504833109819
2022-02-17,44.145328521728516,2139900,-0.016698183978423854
2022-02-18,43.90920639038086,1822900,-0.005363101344985934
2022-02-22,44.127838134765625,2271800,0.004966822660211091
2022-02-23,43.078426361083984,4184300,-0.02406851019285872
2022-02-24,42.335086822509766,7765500,-0.017406105389946653
2022-02-25,43.786781311035156,1813600,0.033715757344124485
2022-02-28,44.02289962768555,3157600,0.005377969335984516
2022-03-01,43.48944854736328,2212900,-0.012191598074824981
2022-03-02,43.69057846069336,2550700,0.0046141364501672
2022-03-03,43.66434860229492,2923800,-0.0006005353119423914
2022-03-04,42.912261962890625,2253700,-0.017374335946205976
2022-03-07,41.093284606933594,2605600,-0.04331289514058555
2022-03-08,41.87159729003906,3332700,0.018763011504683298
2022-03-09,43.44572448730469,2020000,0.036904718019024
2022-03-10,43.04344940185547,1931200,-0.009302389379930566
2022-03-11,42.98223114013672,1699500,-0.0014232557456561054
2022-03-14,42.6499137878418,2298700,-0.007761548443078478
2022-03-15,43.227088928222656,4284400,0.013442104706106512
2022-03-16,44.031639099121094,3100800,0.018441088690865016
2022-03-17,45.002349853515625,2279900,0.021806261428416435
2022-03-18,45.99054718017578,4103300,0.02172117191477577
2022-03-21,45.64949417114258,2286100,-0.00744335289749286
2022-03-22,46.42780303955078,2567300,0.016905956828851147
2022-03-23,46.13921356201172,1978000,-0.006235275222885296
2022-03-24,46.88255310058594,1748700,0.015982396125357935
2022-03-25,46.856319427490234,2375600,-0.0005597181419635475
2022-03-28,46.91753005981445,1119500,0.0013054948976160873
2022-03-29,47.69584655761719,2311200,0.01645293896109095
2022-03-30,47.704593658447266,2982700,0.00018337653022935268
2022-03-31,48.07188415527344,2232000,0.007669780842094949
2022-04-01,48.41294479370117,1788100,0.007069755166697885
2022-04-04,48.15933609008789,3203600,-0.005252216977618178
2022-04-05,47.346038818359375,2254300,-0.01703185674733062
2022-04-06,46.88255310058594,3024700,-0.009837554530816871
2022-04-07,46.725135803222656,1786400,-0.0033633443491628296
2022-04-08,46.489017486572266,1698900,-0.005066158160188671
2022-04-11,46.55898666381836,1656200,0.001503937479866582
2022-04-12,46.454036712646484,1786600,-0.0022566731388974247
2022-04-13,46.786354064941406,1414300,0.007128214642803769
2022-04-14,46.051761627197266,1689700,-0.015825563965110104
2022-04-18,46.71638870239258,1287200,0.014329022290797746
2022-04-19,46.50651168823242,1451800,-0.004502699827470813
2022-04-20,46.14795684814453,2264800,-0.007739651105921271
2022-04-21,45.24721145629883,2008100,-0.019711645017438932
2022-04-22,45.019840240478516,2062100,-0.005037756133983735
2022-04-25,44.84493637084961,2474700,-0.0038926061372452038
2022-04-26,44.0841178894043,2205000,-0.017111101675553582
2022-04-27,43.85674285888672,2257900,-0.0051711010161915845
2022-04-28,44.17156219482422,2986500,0.007152714753712159
2022-04-29,43.227088928222656,2411900,-0.021613835507904265
2022-05-02,43.46321487426758,3552700,0.005447588014602036
2022-05-03,43.20085906982422,2046600,-0.0060545643413878235
2022-05-04,44.154075622558594,2502300,0.021824854943209727
2022-05-05,42.938499450683594,3084600,-0.027916389287631727
2022-05-06,42.35258102416992,3355600,-0.01373948226174058
2022-05-09,41.57426452636719,2783200,-0.018548029685041042
2022-05-10,41.65297317504883,2373200,0.0018914161834551128
2022-05-11,41.93281555175781,3156300,0.006695956969515747
2022-05-12,42.10771560668945,3253100,0.0041622846744779445
2022-05-13,42.76360321044922,2410800,0.015456356055741433
2022-05-16,43.533164978027344,2013500,0.017835712373361543
2022-05-17,44.51262283325195,3655900,0.022249747229486902
2022-05-18,43.42823028564453,2218700,-0.024663111067447025
2022-05-19,44.38144302368164,1988300,0.021711735100397058
2022-05-20,44.69626998901367,2586500,0.007068620546134832
2022-05-23,44.6175651550293,3387300,-0.00176243365274838
2022-05-24,44.77497482299805,2091000,0.003521766597107963
2022-05-25,45.124786376953125,2247400,0.0077822969669170015
2022-05-26,45.44834899902344,2427900,0.007144811696545717
2022-05-27,46.489017486572266,4116600,0.02263960730358062
2022-05-31,45.53580093383789,4658100,-0.020717251336960306
2022-06-01,45.16850280761719,2133700,-0.008098846883742893
2022-06-02,45.03733444213867,2356600,-0.00290820332531927
2022-06-03,44.80120849609375,1353700,-0.005256685650857033
2022-06-06,44.154075622558594,2834900,-0.014549878545232924
2022-06-07,44.311485290527344,2806600,0.0035586692146719473
2022-06-08,44.145328521728516,4067600,-0.003756792881382121
2022-06-09,43.60646057128906,2996300,-0.012281794586151074
2022-06-10,42.088401794433594,3729000,-0.03543310670343815
2022-06-13,40.8721809387207,4835600,-0.029322551935832934
2022-06-14,40.392791748046875,2898900,-0.011798312009037094
2022-06-15,41.12074661254883,2042000,0.01786143093209237
2022-06-16,40.18861389160156,2848900,-0.022929058923426344
2022-06-17,40.66799545288086,3798900,0.011857711623558843
2022-06-21,41.17401885986328,2514000,0.012366016637576726
2022-06-22,40.79228591918945,2507000,-0.009314454313832276
2022-06-23,40.561466217041016,2336300,-0.0056744849610266485
2022-06-24,42.01738357543945,2664800,0.035264919341036954
2022-06-27,42.2215690612793,1433000,0.0048477783573528796
2022-06-28,41.822078704833984,1833900,-0.009506806900148218
2022-06-29,41.5113639831543,2231500,-0.007457178091938657
2022-06-30,41.360443115234375,1904100,-0.0036422769105542716
2022-07-01,41.24504089355469,2364200,-0.0027940589693514427
2022-07-05,40.55259323120117,1702900,-0.01693115482704461
2022-07-06,40.53483200073242,1225500,-0.0004380760815131343
2022-07-07,40.43717956542969,1673500,-0.0024120058463964625
2022-07-08,40.8011589050293,2035700,0.008960837505416583
2022-07-11,40.11758804321289,1697700,-0.016895642819190884
2022-07-12,40.07320022583008,2134300,-0.00110705538315097
2022-07-13,40.05544662475586,2633000,-0.00044312744723707287
2022-07-14,39.416263580322266,3167600,-0.016086147532559426
2022-07-15,40.34840393066406,2095700,0.023373325952296766
2022-07-18,40.44606018066406,1586000,0.0024174007125688426
2022-07-19,40.53483200073242,1600300,0.0021924148582526783
2022-07-20,40.375030517578125,1350600,-0.003950116486863436
2022-07-21,40.25962829589844,1729900,-0.0028623498175378323
2022-07-22,40.43717956542969,1087700,0.004400460458004794
2022-07-25,40.57034683227539,1362200,0.003287778129347949
2022-07-26,40.135337829589844,1506000,-0.010780237286310435
2022-07-27,40.579219818115234,1583800,0.01099891956007855
2022-07-28,41.64452362060547,1776500,0.025913765828654255
2022-07-29,41.546871185302734,1555100,-0.002347658201464279
2022-08-01,40.88105773925781,2854100,-0.016155396257930384
2022-08-02,39.59381103515625,2755700,-0.03199400075335924
2022-08-03,40.392791748046875,2266600,0.01997852791459753
2022-08-04,40.685752868652344,2470700,0.007226631828709036
2022-08-05,40.250755310058594,1489400,-0.010749209642855816
2022-08-08,41.18289566040039,1944700,0.022894247125678415
2022-08-09,41.0941162109375,941500,-0.002158062912087439
2022-08-10,41.86646270751953,1685100,0.01862014034905371
2022-08-11,42.43462371826172,3081800,0.013479532414248171
2022-08-12,43.198097229003906,2283400,0.01783182252242754
2022-08-15,42.97615051269531,1430600,-0.00515112607043984
2022-08-16,43.01166534423828,1618300,0.0008260433925084619
2022-08-17,42.7364616394043,1337700,-0.006418907547831018
2022-08-18,42.4790153503418,1896600,-0.006042260899392707
2022-08-19,42.168304443359375,912100,-0.0073413382307953
2022-08-22,41.78656768798828,1448700,-0.009093918588839024
2022-08-23,42.05289077758789,1364900,0.006353189542812818
2022-08-24,41.83094787597656,1531700,-0.0052916848603016655
2022-08-25,42.28371047973633,1010800,0.010765471449560592
2022-08-26,41.31605529785156,3032400,-0.02315074428639193
2022-08-29,40.765647888183594,2129400,-0.013411409321175611
2022-08-30,40.099830627441406,2013500,-0.016467652685807962
2022-08-31,39.283103942871094,4167200,-0.020577609235893867
2022-09-01,39.66483688354492,2591800,0.009670573080051665
2022-09-02,40.463809967041016,2058800,0.019942919177041735
2022-09-06,39.948917388916016,2101300,-0.012806420876167969
2022-09-07,40.383914947509766,3735100,0.010829988128717645
2022-09-08,40.730140686035156,1122500,0.008536814944892428
2022-09-09,41.42258834838867,868000,0.016857968551261007
2022-09-12,42.39024353027344,1543200,0.02309188602259139
2022-09-13,41.11187744140625,2533400,-0.030621161746561158
2022-09-14,41.24504089355469,1912100,0.003233816196326402
2022-09-15,41.01422119140625,2998900,-0.005612019901437604
2022-09-16,40.8011589050293,1684700,-0.005208379348099963
2022-09-19,41.36932373046875,2013600,0.013829147939580382
2022-09-20,41.60901641845703,2872800,0.0057772511292845255
2022-09-21,41.564632415771484,2468500,-0.0010672612665331962
2022-09-22,41.102996826171875,1636900,-0.011168589021459464
2022-09-23,39.877899169921875,3380400,-0.030258769404875627
2022-09-26,38.89249038696289,1627900,-0.02502108210806585
2022-09-27,39.256473541259766,2427400,0.009315178806629723
2022-09-28,40.18861389160156,2611600,0.023467357362302908
2022-09-29,39.80687713623047,2375300,-0.009544029247500157
2022-09-30,39.26534652709961,2636000,-0.013697327600044258
2022-10-03,40.17972946166992,2860000,0.023020264074018332
2022-10-04,40.836669921875,2466100,0.016217824145762588
2022-10-05,40.27738571166992,1474100,-0.013790287494804687
2022-10-06,40.62361145019531,1761400,0.00855929752222038
2022-10-07,40.330650329589844,1511900,-0.007237726416205611
2022-10-10,40.31290054321289,1253700,-0.0004402034997585286
2022-10-11,40.410552978515625,1574400,0.002419432734298111
2022-10-12,40.51707077026367,4388300,0.0026324226098520956
2022-10-13,40.63248825073242,2318400,0.002844564029346183
2022-10-14,40.135337829589844,1466300,-0.012310760956427299
2022-10-17,41.05860137939453,1669600,0.022743159281645893
2022-10-18,41.07636642456055,1631100,0.00043258178381334287
2022-10-19,40.854427337646484,1334300,-0.005417734152998796
2022-10-20,41.08524703979492,1962100,0.00563390846833913
2022-10-21,42.10615539550781,2310700,0.02454483466011148
2022-10-24,42.665443420410156,3107700,0.013195366086104096
2022-10-25,43.53544235229492,3423200,0.020186068065458272
2022-10-26,43.88166427612305,3277300,0.007921189513005158
2022-10-27,43.73074722290039,1747800,-0.0034451101141332982
2022-10-28,44.1923713684082,3201200,0.010500728242044162
2022-10-31,44.893707275390625,2452200,0.015745454444971958
2022-11-01,45.7992057800293,3649700,0.019969114764657122
2022-11-02,45.02687072753906,1865900,-0.017007311082975193
2022-11-03,45.56840133666992,2210900,0.011955084334723668
2022-11-04,46.891151428222656,3011000,0.02861446557004897
2022-11-07,46.562679290771484,2437100,-0.007029642071760126
2022-11-08,46.43839645385742,2479200,-0.0026727198562551853
2022-11-09,46.056663513183594,1962300,-0.008254172885335606
2022-11-10,47.16635513305664,2144000,0.02380836950967405
2022-11-11,47.59247970581055,4262600,0.008993935941503436
2022-11-14,47.56584930419922,1591300,-0.0005597072286492436
2022-11-15,47.58359909057617,2020300,0.00037309278996979753
2022-11-16,47.636863708496094,1662700,0.0011187642216771525
2022-11-17,47.33502960205078,1569800,-0.006356304210930407
2022-11-18,47.361656188964844,2407300,0.0005623552164123044
2022-11-21,47.07757568359375,986300,-0.006016172655787282
2022-11-22,47.67237091064453,3571400,0.012555216371357853
2022-11-23,48.17839431762695,2261100,0.010558666004489342
2022-11-25,47.93870162963867,636700,-0.004987524487642685
2022-11-28,47.4149284362793,2040500,-0.010986020373864602
2022-11-29,46.87339782714844,4259300,-0.011486821010106856
2022-11-30,47.84992980957031,5072300,0.020619346994318402
2022-12-01,48.13400650024414,3188000,0.0059192721417019025
2022-12-02,47.21961975097656,1761800,-0.019179444241224974
2022-12-05,45.967891693115234,2265800,-0.026866332816119776
2022-12-06,46.216461181640625,1668200,0.005392891162286106
2022-12-07,46.31410598754883,1082000,0.002110542389204747
2022-12-08,46.669212341308594,1109500,0.007638102975184113
2022-12-09,45.73707580566406,2730100,-0.020175426863340753
2022-12-12,46.20758056640625,1238200,0.010234610390791224
2022-12-13,46.20305633544922,3330100,-9.791580520005357e-05
2022-12-14,45.86785125732422,2582800,-0.007281487017713628
2022-12-15,44.934730529785156,1675600,-0.020553459125637764
2022-12-16,44.98908615112305,1682100,0.00120892617694024
2022-12-19,45.396766662597656,1595800,0.009020953245476951
2022-12-20,45.5960693359375,1262700,0.004380630406109374
2022-12-21,46.130577087402344,1278800,0.01165449348366382
2022-12-22,46.01280212402344,927700,-0.0025563427025146425
2022-12-23,47.04557800292969,1760400,0.022197211741711947
2022-12-27,46.58354568481445,998400,-0.009869494668752829
2022-12-28,45.940330505371094,951300,-0.013903990367527794
2022-12-29,45.722896575927734,1009000,-0.004744199919421488
2022-12-30,44.79884338378906,1383200,-0.020416869837341672
2023-01-03,45.605133056640625,1714400,0.017837955455210667
2023-01-04,46.71038055419922,1841200,0.023946144431701875
2023-01-05,47.31735610961914,1610800,0.012910743323026943
2023-01-06,48.64908981323242,2470300,0.02775593461055614
2023-01-09,49.05677032470703,1931000,0.008345105950229656
2023-01-10,49.36478805541992,1300200,0.006259172103931275
2023-01-11,50.45191955566406,2737000,0.02178341711480408
2023-01-12,51.176673889160156,3310200,0.014263045380340594
2023-01-13,51.34880065917969,2807700,0.0033577397714441583
2023-01-17,51.23103332519531,1756100,-0.0022961118409042546
2023-01-18,50.77805709838867,1896000,-0.008881153675473997
2023-01-19,50.741817474365234,1688500,-0.0007139414959931436
2023-01-20,51.52092742919922,2023800,0.015237710086825191
2023-01-23,52.218505859375,2786800,0.013448867463403872
2023-01-24,52.57181930541992,1513600,0.0067432710854177565
2023-01-25,52.662418365478516,1610200,0.001721855632685614
2023-01-26,52.96138000488281,1504900,0.005660891624537538
2023-01-27,52.589942932128906,1795900,-0.007038066329425738
2023-01-30,52.20038604736328,1265200,-0.007435012049243284
2023-01-31,52.22756576538086,1911800,0.0005205448954901707
2023-02-01,53.3962287902832,3348200,0.022129686267401884
2023-02-02,52.19132614135742,2292000,-0.022823806360360372
2023-02-03,51.60247039794922,2032400,-0.011346767936385964
2023-02-06,51.14043426513672,1927200,-0.008994085751610124
2023-02-07,50.995479583740234,2366400,-0.002838468336118558
2023-02-08,50.596866607666016,1520800,-0.00784734355670123
2023-02-09,50.814292907714844,1570100,0.004288021835892197
2023-02-10,51.01360321044922,993600,0.003914655312744939
2023-02-13,51.711181640625,1748600,0.013581710670190858
2023-02-14,51.72929763793945,2035000,0.00035026901704294345
2023-02-15,52.037315368652344,1655600,0.0059367580084548335
2023-02-16,52.81642532348633,2261100,0.014861163536544795
2023-02-17,53.03385543823242,1114100,0.004108263464087095
2023-02-21,52.028263092041016,1393800,-0.019143399543100712
2023-02-22,52.417816162109375,882700,0.007459444704556781
2023-02-23,52.30910110473633,1148900,-0.0020761634021362416
2023-02-24,51.828948974609375,934700,-0.009221519555844404
2023-02-27,52.1369743347168,1311100,0.005925523509626208
2023-02-28,52.218505859375,1503100,0.001562573256253565
2023-03-01,53.54117965698242,2462900,0.025014120598656774
2023-03-02,53.23316192626953,1292900,-0.005769524411412002
2023-03-03,54.63737106323242,1958300,0.026036553700293445
2023-03-06,54.17533874511719,3301900,-0.00849230013125523
2023-03-07,52.99761199951172,1672200,-0.021978944272859728
2023-03-08,53.822025299072266,1197600,0.015435919641635229
2023-03-09,52.8979606628418,3176700,-0.01731798824147967
2023-03-10,51.62058639526367,3845500,-0.024444233252011196
2023-03-13,50.3160285949707,5350700,-0.02559686778802626
2023-03-14,51.27632522583008,2788000,0.018905462797719493
2023-03-15,49.62751388549805,3436900,-0.03268375371531569
2023-03-16,50.65122604370117,2676300,0.020418041228657504
2023-03-17,49.455379486083984,2324200,-0.023892598071552987
2023-03-20,49.989891052246094,1643400,0.010749967508465656
2023-03-21,50.94112777709961,2058500,0.01884980259681698
2023-03-22,51.02265930175781,1769100,0.0015992254577931178
2023-03-23,51.23103332519531,2082400,0.004075633975112422
2023-03-24,51.6749382019043,1333100,0.008627441605958497
2023-03-27,52.11885452270508,1481900,0.008553864655534992
2023-03-28,52.8526611328125,1691700,0.013981289285547304
2023-03-29,53.713314056396484,1884600,0.016152841186457965
2023-03-30,53.948856353759766,1977600,0.004375588421989362
2023-03-31,53.93073272705078,1163200,-0.0003359973287609194
2023-04-03,53.695194244384766,1606800,-0.004376991034262381
2023-04-04,53.894500732421875,1667100,0.003704940627690039
2023-04-05,52.608062744140625,2082500,-0.024159053376032386
2023-04-06,53.11539077758789,1571700,0.00959733929722341
2023-04-10,53.53212356567383,1469500,0.007815182786370584
2023-04-11,53.87638473510742,1673400,0.006410336643828284
2023-04-12,54.00321578979492,2153600,0.0023513456205983396
2023-04-13,54.74608612060547,1764000,0.013662283305688411
2023-04-14,54.220638275146484,1863300,-0.009644263808148704
2023-04-17,54.64643096923828,1149200,0.007822289479626723
2023-04-18,54.093807220458984,1483800,-0.0101641952535885
2023-04-19,54.030391693115234,1187800,-0.0011730127992138064
2023-04-20,54.338417053222656,1473400,0.0056847757800423315
2023-04-21,54.31123352050781,1932200,-0.0005003887842897991
2023-04-24,54.69173049926758,1117500,0.006981434452643142
2023-04-25,53.97603988647461,1775000,-0.013172276535073735
2023-04-26,53.378108978271484,1578500,-0.011139524602782294
2023-04-27,54.18440246582031,1264600,0.014992371957437113
2023-04-28,55.15376281738281,2104000,0.01773188250868614
2023-05-01,55.33495330810547,2060700,0.003279803757348599
2023-05-02,55.01787185668945,2898700,-0.0057467006135127575
2023-05-03,55.045047760009766,2303500,0.0004938248770289269
2023-05-04,54.872920989990234,1640500,-0.0031319157854673477
2023-05-05,55.488956451416016,1482500,0.011164033704866377
2023-05-08,55.52519607543945,1075100,0.0006528829790770278
2023-05-09,56.04158401489258,1384100,0.0092570857853293
2023-05-10,56.974700927734375,3280500,0.016513339074133524
2023-05-11,56.35866165161133,3548400,-0.010871385608109447
2023-05-12,56.277122497558594,1605000,-0.0014478377171593894
2023-05-15,57.1921272277832,2036900,0.016128150426574204
2023-05-16,56.847869873046875,1183100,-0.006037502792188575
2023-05-17,56.48549270629883,1987900,-0.006394911320863556
2023-05-18,56.31336212158203,2068700,-0.003051994075490093
2023-05-19,55.20811462402344,1815200,-0.01982189830919991
2023-05-22,53.9941520690918,3495100,-0.022234200854280392
2023-05-23,53.35093688964844,3062200,-0.011984206896525308
2023-05-24,54.102867126464844,3461300,0.013995642453879823
2023-05-25,54.356529235839844,2314000,0.004677558245457637
2023-05-26,55.46178436279297,2099700,0.02012947405345368
2023-05-30,54.57395935058594,3680700,-0.016137379529145544
2023-05-31,54.220638275146484,3365700,-0.006495218058694192
2023-06-01,54.50148391723633,1801700,0.005166313186173214
2023-06-02,54.95445251464844,2644000,0.008276776903313673
2023-06-05,55.488956451416016,1841500,0.009679312054264547
2023-06-06,56.521732330322266,2251400,0.018441189115483824
2023-06-07,56.51990509033203,2294500,-3.232861858842865e-05
2023-06-08,56.766319274902344,1502000,0.004350300746079114
2023-06-09,57.42341613769531,2124500,0.011508987449374612
2023-06-12,57.14963150024414,1185300,-0.004779224507357101
2023-06-13,57.57857131958008,1788200,0.007477530501084928
2023-06-14,58.48208999633789,2193600,0.01557008067299997
2023-06-15,58.71936798095703,2482100,0.004049067526873868
2023-06-16,58.50033950805664,1845400,-0.003737063203761176
2023-06-20,57.37778854370117,2214300,-0.019375288508961353
2023-06-21,57.28652572631836,1988500,-0.0015918263190217666
2023-06-22,56.592918395996094,2744300,-0.012181582246632476
2023-06-23,56.273494720458984,1613300,-0.005660222904724274
2023-06-26,56.35563659667969,1613600,0.001458626020174004
2023-06-27,57.323028564453125,3258500,0.01702017383192882
2023-06-28,56.9123420715332,2615600,-0.007190211927830968
2023-06-29,57.06748962402344,1784800,0.0027223701948435428
2023-06-30,56.748069763183594,3645400,-0.005612953117761333
2023-07-03,57.57857131958008,1583000,0.014528829981873062
2023-07-05,57.688087463378906,1512500,0.0019002229770341105
2023-07-06,56.28261947631836,2812900,-0.02466492095074433
2023-07-07,57.1405029296875,2247300,0.015127423665837553
2023-07-10,57.14963150024414,1494600,0.00015974380678769398
2023-07-11,57.678958892822266,1936400,0.009219500825147355
2023-07-12,57.99838638305664,2743000,0.005522746072182788
2023-07-13,58.61898422241211,3270800,0.010643417780507335
2023-07-14,58.326934814453125,1416600,-0.004994616614085707
2023-07-17,58.299560546875,1628400,-0.00046943480546199633
2023-07-18,58.60985565185547,1137300,0.005308312088084955
2023-07-19,58.37256622314453,1380200,-0.004056844615623057
2023-07-20,57.61507797241211,1542100,-0.013061719210706953
2023-07-21,57.40517044067383,1326700,-0.0036499271678870652
2023-07-24,57.83411407470703,1556700,0.007444433846069805
2023-07-25,57.861488342285156,1342000,0.0004732119029086492
2023-07-26,58.71025085449219,1374600,0.014562320458352335
2023-07-27,58.71025085449219,2969100,0.0
2023-07-28,59.650264739990234,1570800,0.01588424391709482
2023-07-31,59.34909439086914,1989000,-0.005061724606681833
2023-08-01,58.08052444458008,2562000,-0.021606461981241616
2023-08-02,56.54728317260742,3120900,-0.026753241685639178
2023-08-03,55.85367965698242,3823900,-0.012341750501297922
2023-08-04,57.277400970458984,2775200,0.02517073952185237
2023-08-07,57.49643325805664,1904000,0.0038167680808075615
2023-08-08,56.921470642089844,2111600,-0.010050305695921656
2023-08-09,57.52381134033203,1244100,0.010526362461198877
2023-08-10,57.30478286743164,1518400,-0.00381488147693704
2023-08-11,56.62942123413086,2941000,-0.011855430927893665
2023-08-14,56.574668884277344,1761800,-0.0009673211288675133
2023-08-15,56.68418502807617,2309700,0.0019339093439203572
2023-08-16,56.793701171875,2221200,0.001930176556281706
2023-08-17,56.17310333251953,2344500,-0.010987370766123146
2023-08-18,56.44689178466797,1879700,0.004862173741764309
2023-08-21,56.34650421142578,1237000,-0.0017800261950107021
2023-08-22,56.62030029296875,1623900,0.00484738182799835
2023-08-23,57.824981689453125,2325700,0.021053308137856455
2023-08-24,57.003604888916016,2108100,-0.014306381962998434
2023-08-25,57.359535217285156,2262000,0.0062245838521238
2023-08-28,57.678958892822266,1504300,0.005553349753372792
2023-08-29,58.35431671142578,1432800,0.011640892521025044
2023-08-30,58.646366119384766,1679000,0.0049922788047249795
2023-08-31,56.273494720458984,5731900,-0.0413019766330398
2023-09-01,56.09096145629883,3066500,-0.0032489531108804747
2023-09-05,54.813270568847656,2455000,-0.02304235638508816
2023-09-06,54.475589752197266,2264200,-0.00617962142276536
2023-09-07,53.90062713623047,1248000,-0.010610593851628757
2023-09-08,54.19267272949219,1812200,0.005403596786121757
2023-09-11,54.95928955078125,1866200,0.014047011356900875
2023-09-12,54.7128791809082,2564500,-0.004493588252260225
2023-09-13,54.68549346923828,2670500,-0.0005006603220606272
2023-09-14,55.004920959472656,2003100,0.005824180624009745
2023-09-15,54.67636489868164,2662200,-0.005991123115918294
2023-09-18,54.87715148925781,2486200,0.0036655476157090496
2023-09-19,55.506874084472656,1865700,0.011409792740288869
2023-09-20,55.771541595458984,2030500,0.004756861578910334
2023-09-21,54.73113250732422,2406700,-0.018831034473523543
2023-09-22,54.74025344848633,2074000,0.00016663607761202115
2023-09-25,53.69071960449219,2105000,-0.019359166346935013
2023-09-26,53.088375091552734,2054000,-0.011282187845807283
2023-09-27,52.8967170715332,2409200,-0.003616701651592422
2023-09-28,53.36216735839844,2261900,0.008760740644386832
2023-09-29,53.143131256103516,1998500,-0.004113155194144361
2023-10-02,52.641178131103516,3234100,-0.009490195572855116
2023-10-03,50.8889045715332,4422700,-0.03385375272448279
2023-10-04,51.272216796875,2560700,0.0075041076086574034
2023-10-05,49.46518325805664,6086000,-0.035879968989965844
2023-10-06,49.930633544921875,3241900,0.009365659523739777
2023-10-09,49.51081848144531,2652200,-0.008443512218928771
2023-10-10,51.31784439086914,2855400,0.03584733469400572
2023-10-11,51.52775573730469,2450200,0.004082073276035003
2023-10-12,50.56035614013672,3526600,-0.018952815120968802
2023-10-13,50.04928207397461,2546500,-0.010159632242706235
2023-10-16,50.989295959472656,2185100,0.01860756606616128
2023-10-17,50.48734664916992,2331700,-0.009892984065195022
2023-10-18,49.48344421386719,3174000,-0.020084590178585663
2023-10-19,49.02711486816406,3786400,-0.009264643587126416
2023-10-20,48.61642837524414,1814400,-0.008412003518478511
2023-10-23,48.6803092956543,2049500,0.0013131155497780463
2023-10-24,48.56166458129883,1959700,-0.0024401967277768925
2023-10-25,48.771575927734375,2747800,0.00431325764504626
2023-10-26,49.811988830566406,2260600,0.021108011961251186
2023-10-27,49.766357421875,3796300,-0.000916492663370203
2023-10-30,50.1496696472168,1449000,0.007672725128742179
2023-10-31,50.01277160644531,2496300,-0.00273352215264522
2023-11-01,51.56425857543945,2398400,0.03055036427898565
2023-11-02,53.80936050415039,5321100,0.04261866988093115
2023-11-03,54.32956314086914,4579300,0.00962108058596193
2023-11-06,54.475589752197266,3476900,0.0026841871937213642
2023-11-07,54.019264221191406,1887300,-0.008411979096577418
2023-11-08,53.69984436035156,1450400,-0.005930624589699475
2023-11-09,52.83283615112305,2234100,-0.016277208977033938
2023-11-10,53.8549919128418,1841800,0.019162205421201898
2023-11-13,53.781982421875,1146000,-0.001356587782494868
2023-11-14,56.06358337402344,2767300,0.04154795217478127
2023-11-15,56.47427749633789,2163600,0.007298804906430105
2023-11-16,56.23698806762695,1415200,-0.004210577853033711
2023-11-17,56.66592788696289,1691300,0.0075984199252817726
2023-11-20,57.35041427612305,1178300,0.012006956187448655
2023-11-21,56.62942123413086,2044700,-0.012651407250598493
2023-11-22,56.830204010009766,910000,0.0035392851869483753
2023-11-24,57.03099060058594,873400,0.0035268697011597914
2023-11-27,56.574668884277344,1589200,-0.008033476016975469
2023-11-28,56.99448013305664,1264900,0.007393084558082285
2023-11-29,56.647674560546875,972300,-0.006103485982994183
2023-11-30,57.71547317504883,3256900,0.018674366118034167
2023-12-01,58.22654724121094,2887900,0.008816085393759302
2023-12-04,57.42341613769531,2341700,-0.013889222115486172
2023-12-05,57.87974166870117,1149500,0.007915271743505634
2023-12-06,58.21742248535156,2053500,0.005817226826751483
2023-12-07,57.9892578125,1179800,-0.003926882094315771
2023-12-08,58.345191955566406,1341700,0.006119171997914575
2023-12-11,58.35431671142578,1235800,0.00015638036495947645
2023-12-12,58.8745231628418,2060400,0.008875117532377016
2023-12-13,59.668514251708984,3001400,0.013396028646831282
2023-12-14,61.89535903930664,4629400,0.03664071994173314
2023-12-15,61.794979095458984,4182100,-0.0016230849943197558
2023-12-18,62.625484466552734,3491700,0.013350178614873804
2023-12-19,62.808006286621094,3059000,0.002910258620665906
2023-12-20,61.66566848754883,2585500,-0.018355204397818268
2023-12-21,62.86081314086914,2418400,0.01919561743896436
2023-12-22,62.823760986328125,1402500,-0.000589605460681346
2023-12-26,63.2869873046875,1151900,0.0073463746423709335
2023-12-27,63.42596435546875,2047200,0.002193573816843527
2023-12-28,62.96273422241211,1481400,-0.007330278933090699
2023-12-29,62.86081314086914,1462500,-0.001620064065442438
2024-01-02,62.258609771728516,2233500,-0.009626131662847892
2024-01-03,60.84111404418945,5388400,-0.0230310570950025
2024-01-04,60.53538131713867,3610800,-0.005037769013556985
2024-01-05,61.962135314941406,2779800,0.023295468494104635
2024-01-08,62.064048767089844,2632700,0.0016434186996926777
2024-01-09,60.44273376464844,2704300,-0.026470529020744787
2024-01-10,60.71141052246094,1667600,0.00443529521570323
2024-01-11,61.174644470214844,2420800,0.007601134980453954
2024-01-12,61.47111511230469,2943100,0.004834593883340969
2024-01-16,59.68303298950195,3082900,-0.029519616037079817
2024-01-17,58.95112228393555,3240500,-0.012339110776248902
2024-01-18,59.23832702636719,2316200,0.004860083694982596
2024-01-19,60.33156204223633,2089000,0.018286635358203636
2024-01-22,59.33097839355469,1615000,-0.016723812910739454
2024-01-23,59.70156478881836,1503100,0.006226660082999344
2024-01-24,59.692298889160156,3041500,-0.000155215676775442
2024-01-25,60.67435073852539,2326300,0.016318035666801057
2024-01-26,61.5081787109375,2754800,0.013649102227115567
2024-01-29,61.49890899658203,1908500,-0.0001507183780345301
2024-01-30,62.10110855102539,1776800,0.009744405081172315
2024-01-31,61.758323669433594,2088500,-0.005535077153298282
2024-02-01,62.666259765625,2775300,0.014594418349013243
2024-02-02,62.9442024230957,2337100,0.004425477086056827
2024-02-05,62.62920379638672,1322100,-0.005016974483731409
2024-02-06,63.85212707519531,3568500,0.019338211911049744
2024-02-07,63.750221252441406,1783000,-0.0015972408933609902
2024-02-08,62.56433868408203,1819700,-0.018777208459713177
2024-02-09,62.46242904663086,1747300,-0.0016302054651208897
2024-02-12,62.573612213134766,1577600,0.001778418361420111
2024-02-13,61.656410217285156,2423900,-0.01476645731903505
2024-02-14,62.369789123535156,1904600,0.011503807699685736
2024-02-15,62.61067199707031,1814700,0.0038547332862728977
2024-02-16,62.35126876831055,2354300,-0.0041517217126668645
2024-02-20,62.36052703857422,1715600,0.0001484746526306089
2024-02-21,62.18449783325195,2412500,-0.0028267579972423296
2024-02-22,62.258609771728516,2355100,0.0011910976616525387
2024-02-23,61.63787841796875,2570200,-0.010020244424152898
2024-02-26,61.304351806640625,1934800,-0.005425758568695935
2024-02-27,61.25802993774414,2635700,-0.0007558905178372101
2024-02-28,60.11847686767578,2309000,-0.018777712161400683
2024-02-29,60.44273376464844,3238200,0.005379137736579706
2024-03-01,60.813323974609375,3833600,0.006112541851324334
2024-03-04,60.804054260253906,1271200,-0.00015244062169340522
2024-03-05,61.03567123413086,2075200,0.003801998928391925
2024-03-06,60.85964584350586,2066300,-0.002888142337257358
2024-03-07,60.766998291015625,1436900,-0.001523474910763054
2024-03-08,60.766998291015625,2125000,0.0
2024-03-11,60.99861145019531,1911800,0.0038042504612517633
2024-03-12,60.71141052246094,1869500,-0.004719438155550805
2024-03-13,62.230812072753906,3551000,0.024718585386924393
2024-03-14,62.323463439941406,2730800,0.0014877270795424704
2024-03-15,62.0269889831543,3804000,-0.004768378606840457
2024-03-18,62.0269889831543,1539100,0.0
2024-03-19,61.20244216918945,2836100,-0.013382503059325144
2024-03-20,62.916404724121094,2691700,0.027619842679704274
2024-03-21,62.6569938659668,1484600,-0.0041316270816295665
2024-03-22,62.518028259277344,2649600,-0.002220341749029629
2024-03-25,62.619930267333984,1008600,0.0016286350165948718
2024-03-26,63.42596435546875,1346000,0.012789707715243665
2024-03-27,64.00038146972656,1636400,0.009015733778076506
2024-03-28,64.21346282958984,1013800,0.0033238463007458246
2024-04-01,63.85212707519531,1253500,-0.005642994554725835
2024-04-02,64.093017578125,2187500,0.0037655323024445185
2024-04-03,63.944786071777344,1236600,-0.002315434478684344
2024-04-04,64.2042007446289,2241300,0.004048647338487743
2024-04-05,65.1491928100586,2234300,0.014611273064306634
2024-04-08,65.38080596923828,1466700,0.0035488148996452628
2024-04-09,64.67668914794922,2771700,-0.010827883468647324
2024-04-10,63.407432556152344,3205000,-0.019819757891117305
2024-04-11,63.620521545410156,1966200,0.003354996790154319
2024-04-12,62.46242904663086,2859000,-0.018370843374784816
2024-04-15,61.64714813232422,1801100,-0.013138271199122491
2024-04-16,60.099945068359375,2859200,-0.025418041998347744
2024-04-17,60.146263122558594,2511000,0.0007703869782982758
2024-04-18,60.146263122558594,1441700,0.0
2024-04-19,60.11847686767578,1572000,-0.0004620848201971959
2024-04-22,60.77626419067383,1493200,0.010882091453880903
2024-04-23,61.6008186340332,1525000,0.013475838815972785
2024-04-24,60.93376159667969,2627800,-0.010887761245555863
2024-04-25,60.96156311035156,2279300,0.0004561539045204055
2024-04-26,61.934349060058594,1504600,0.015831385277358792
2024-04-29,62.304931640625,1458000,0.005965644320030112
2024-04-30,60.665096282958984,1721200,-0.026672069593127935
2024-05-01,61.082000732421875,1216300,0.006848723119607594
2024-05-02,61.27655792236328,1709300,0.003180118433003997
2024-05-03,61.888031005859375,1454100,0.009929446649708946
2024-05-06,62.443904876708984,1166400,0.008941830925452168
2024-05-07,62.0547981262207,1305200,-0.00625079632234595
2024-05-08,62.12889862060547,1587200,0.00119340147089319
2024-05-09,63.5463981628418,2260000,0.022559081907727718
2024-05-10,63.43523025512695,1195200,-0.0017509294454792247
2024-05-13,63.2962532043457,995200,-0.0021932530528055794
2024-05-14,62.67552185058594,1436500,-0.009855166008242537
2024-05-15,63.57419204711914,3240800,0.01423663226479696
2024-05-16,63.63905715942383,1194300,0.0010197855699891547
2024-05-17,63.88919448852539,1028500,0.003922858608122811
2024-05-20,63.79655075073242,705200,-0.0014511213272310655
2024-05-21,62.67552185058594,2594800,-0.017728155115677775
2024-05-22,62.45317840576172,2651400,-0.003553839820616945
2024-05-23,61.591556549072266,1065900,-0.013892338348731773
2024-05-24,61.072731018066406,1619600,-0.00845932643038563
2024-05-28,60.50758743286133,1392100,-0.009296696418941848
2024-05-29,59.8868522644043,3784100,-0.010311783009039574
2024-05-30,60.00728988647461,1747300,0.0020090666719887163
2024-05-31,60.12773895263672,2862900,0.0020052287444541246
2024-06-03,53.67026138305664,10860300,-0.11361222532804705
2024-06-04,55.09701919555664,7578700,0.026236560245122685
2024-06-05,57.4039192199707,5125100,0.041016963476932636
2024-06-06,56.16245651245117,6576700,-0.02186408000866868
2024-06-07,53.040260314941406,8330200,-0.057197246315350066
2024-06-10,53.586875915527344,3625500,0.010252932009124267
2024-06-11,52.901206970214844,5959200,-0.012878031097196032
2024-06-12,51.854949951171875,6123100,-0.019975757803653585
2024-06-13,51.97639846801758,2865500,0.00233934306123493
2024-06-14,51.94837188720703,2454800,-0.0005393628755529309
2024-06-17,51.79890441894531,1204600,-0.0028813782297561928
2024-06-18,53.05067443847656,3018900,0.023878579411454513
2024-06-20,53.4056510925293,3015100,0.006668987829988226
2024-06-21,53.49906921386719,2328300,0.0017476898091745596
2024-06-24,53.807334899902344,2770200,0.005745538425209288
2024-06-25,53.34025955200195,2257400,-0.008718409570367038
2024-06-26,52.574249267578125,1658000,-0.01446494251322994
2024-06-27,52.50886154174805,1975400,-0.001244495595261365
2024-06-28,52.88252258300781,2507500,0.0070909516949809095
2024-07-01,53.24684524536133,1516800,0.0068656602956534574
2024-07-02,52.64898681640625,2743600,-0.011291563974106435
2024-07-03,53.93811798095703,1390900,0.02419043148878009
2024-07-05,53.5084114074707,1748100,-0.007998562017299603
2024-07-08,54.49861145019531,1990600,0.018336359253227803
2024-07-09,55.09646987915039,2268000,0.010910423210864514
2024-07-10,56.32021713256836,2474000,0.021967920601725387
2024-07-11,56.535072326660156,1931500,0.0038076275326151725
2024-07-12,57.684085845947266,2815800,0.020120132197671604
2024-07-15,56.52573013305664,2909200,-0.020285391835344984
2024-07-16,56.9554443359375,2173700,0.0075733487737747185
2024-07-17,56.02128982543945,2801000,-0.01653748990682001
2024-07-18,54.49861145019531,3605800,-0.027556570574486402
2024-07-19,54.73215103149414,1977900,0.0042760836205218864
2024-07-22,55.72235870361328,1946100,0.017930172392775678
2024-07-23,54.610713958740234,2100900,-0.02015138952831807
2024-07-24,53.42433166503906,2036600,-0.021963798503911915
2024-07-25,52.77976608276367,1783900,-0.012138392211721197
2024-07-26,52.89186477661133,1938800,0.002121642961044737
2024-07-29,52.17256546020508,1916500,-0.013692751262979152
2024-07-30,51.64009475708008,1768000,-0.010258389902139885
2024-07-31,52.7984504699707,2122900,0.022183442190100315
2024-08-01,51.5373420715332,2451000,-0.02417520943446501
2024-08-02,50.41635513305664,3641300,-0.021991004642760558
2024-08-05,49.10853576660156,4117100,-0.026282764819806372
2024-08-06,49.25800323486328,3467200,0.003038992421865309
2024-08-07,50.34162139892578,2912900,0.021760341499309235
2024-08-08,51.406558990478516,2149700,0.0209335729926336
2024-08-09,51.98573684692383,1445500,0.011203618412638582
2024-08-12,51.219730377197266,1761700,-0.01484457280793477
2024-08-13,52.1445426940918,1768400,0.017894712901418853
2024-08-14,52.658329010009766,1395400,0.009804892245160348
2024-08-15,53.667213439941406,1555200,0.018977842696349213
2024-08-16,53.51775360107422,1326600,-0.0027888227213623954
2024-08-19,53.29355239868164,1590200,-0.004198086140215702
2024-08-20,52.32202911376953,1971200,-0.01839786657231864
2024-08-21,51.36919403076172,3077600,-0.018378834289016998
2024-08-22,50.53779220581055,2328200,-0.01631723795311528
2024-08-23,51.78022003173828,2669300,0.024286806761683804
2024-08-26,50.57516098022461,1964900,-0.02354765762326125
2024-08-27,49.145904541015625,2791600,-0.028667048644214935
2024-08-28,49.27668762207031,1719500,0.0026575841004476226
2024-08-29,49.36075973510742,2449500,0.001704669689827271
2024-08-30,49.54759216308594,2002400,0.003777894315423614
2024-09-03,48.622779846191406,5130100,-0.01884152330414996
2024-09-04,48.7161979675293,1705100,0.0019194397171081977
2024-09-05,48.585411071777344,2107600,-0.002688279789162838
2024-09-06,48.03425979614258,1874100,-0.011408800068516602
2024-09-09,48.33319091796875,1935400,0.006204005157840907
2024-09-10,47.6512565612793,2772200,-0.014209506824882106
2024-09-11,48.697513580322266,3338100,0.02171897254115432
2024-09-12,50.229522705078125,3897700,0.03097498258882499
2024-09-13,50.79936218261719,2554700,0.011280843516887814
2024-09-16,50.96751022338867,948200,0.0033045762302386698
2024-09-17,51.406558990478516,1536500,0.008577395863147234
2024-09-18,51.07026290893555,2341900,-0.00656338248113875
2024-09-19,51.481292724609375,1517300,0.008016104955722003
2024-09-20,50.425697326660156,1868400,-0.020717580881822188
2024-09-23,50.67791748046875,2661600,0.004989350331581657
2024-09-24,52.01375961303711,2002800,0.026018028458888513
2024-09-25,50.71528625488281,1872700,-0.025280922326932256
2024-09-26,51.275779724121094,1753200,0.01099114135909842
2024-09-27,50.407012939453125,2069600,-0.017088199532569084
2024-09-30,50.1734733581543,1556100,-0.004643843146734825
2024-10-01,50.21084213256836,1669100,0.000744514239251794
2024-10-02,50.82738494873047,2242000,0.012204301016207373
2024-10-03,50.397674560546875,1583400,-0.008490248789096119
2024-10-04,51.817588806152344,2138600,0.02778460953177775
2024-10-07,50.97685241699219,2602800,-0.016357988357303364
2024-10-08,50.63121032714844,1323800,-0.006803464483812738
2024-10-09,50.43503952026367,934600,-0.0038820289372792018
2024-10-10,50.90211868286133,1998200,0.009218385013363861
2024-10-11,51.44392395019531,1787900,0.010587811992123405
2024-10-14,50.71528625488281,1364500,-0.014264989905027042
2024-10-15,50.248207092285156,2856500,-0.009252502647880984
2024-10-16,49.82783889770508,1476300,-0.008401024696505012
2024-10-17,50.05203628540039,1481200,0.004489348105978071
2024-10-18,50.44438171386719,1820600,0.007808187190055098
2024-10-21,49.98664474487305,1173200,-0.009115512499970849
2024-10-22,49.72508239746094,1860300,-0.005246382844957074
2024-10-23,49.80915451049805,1507700,0.001689310847048456
2024-10-24,49.50088119506836,1400000,-0.006208321312011853
2024-10-25,49.117881774902344,1518100,-0.007767311902837149
2024-10-28,49.117881774902344,856700,0.0
2024-10-29,48.47331237792969,1722200,-0.013209773188093774
2024-10-30,48.13701629638672,1545200,-0.006961935529497021
2024-10-31,48.5013313293457,1643900,0.007539796939955568
2024-11-01,47.74467468261719,2743600,-0.0157237119202934
2024-11-04,48.3798942565918,2553500,0.01321678375915651
2024-11-05,48.323848724365234,2384400,-0.0011591182879574862
2024-11-06,48.88434600830078,7647600,0.011532021493836678
2024-11-07,50.16413497924805,4278600,0.025843106016418524
2024-11-08,48.75355911254883,2778300,-0.028522126501611716
2024-11-11,48.11833190917969,1577300,-0.013114976939234104
2024-11-12,47.249568939208984,2416100,-0.018219694358174776
2024-11-13,47.100101470947266,2094400,-0.0031683755258283294
2024-11-14,47.12812805175781,2358500,0.000594865928798117
2024-11-15,47.156150817871094,1674300,0.0005944313786858048
2024-11-18,47.6138916015625,1217400,0.009660106329128828
2024-11-19,47.5765266418457,2827000,-0.0007850572006165177
2024-11-20,46.97866439819336,1747200,-0.012645952159179866
2024-11-21,46.80117416381836,1111100,-0.0037852580900651985
2024-11-22,46.829200744628906,2103800,0.000598664304719646
2024-11-25,46.97866439819336,1765800,0.0031865937853455227
2024-11-26,45.726898193359375,3600900,-0.02700684300407444
2024-11-27,45.90438461303711,2820100,0.0038739311773974073
2024-11-29,46.95998001098633,2503900,0.022735112016579094
2024-12-02,47.03471374511719,1590100,0.0015901695487761255
2024-12-03,47.529815673828125,1820000,0.010471293108639545
2024-12-04,47.968868255615234,1833000,0.009195009965433482
2024-12-05,48.65080261230469,2253500,0.014116083697306128
2024-12-06,48.29582214355469,2524600,-0.007323247325174505
2024-12-09,49.043148040771484,2494000,0.015355424040662846
2024-12-10,48.538700103759766,1969900,-0.010339062852920215
2024-12-11,48.61343765258789,1408300,0.001538567555944737
2024-12-12,48.08096694946289,1613500,-0.011013586311560181
2024-12-13,48.97775650024414,1829200,0.01847984478355824
2024-12-16,48.03425979614258,1506600,-0.019451744004490776
2024-12-17,47.82223129272461,1974700,-0.004423880882875113
2024-12-18,46.69462203979492,2526400,-0.023861622886596545
2024-12-19,46.22237014770508,3000800,-0.01016511506517658
2024-12-20,47.099403381347656,2679800,0.01879645064861162
2024-12-23,46.51150131225586,1708100,-0.012560711821144866
2024-12-24,46.656070709228516,623400,0.0031034298708915906
2024-12-26,46.66570281982422,727800,0.0002064279377825068
2024-12-27,46.251285552978516,1413200,-0.00892022055477533
2024-12-30,44.99838638305664,1493700,-0.02746262833911189
2024-12-31,45.12367248535156,1659000,0.0027803666400377136
2025-01-02,45.99106979370117,1344100,0.019040245109790885
2025-01-03,45.142948150634766,1640200,-0.018613162198291965
2025-01-06,46.27056121826172,2554800,0.02467185152455025
2025-01-07,46.800636291503906,1636700,0.011390866754291455
2025-01-08,46.193458557128906,1369300,-0.013058600413087665
2025-01-10,45.43208312988281,1813500,-0.01661966605195199
2025-01-13,45.7404899597168,3531300,0.006765368042213972
2025-01-14,46.203094482421875,1805500,0.010062875602968766
2025-01-15,46.7813606262207,1969200,0.012438070389033088
2025-01-16,45.68266296386719,2703100,-0.0237659866674157
2025-01-17,45.750125885009766,2337100,0.0014756835974147127
2025-01-21,46.61751937866211,2557300,0.01878187950837698
2025-01-22,47.465633392333984,4270600,0.018029518841865388
2025-01-23,47.802955627441406,2230600,0.007081529142987213
2025-01-24,48.24628829956055,2332900,0.009231427596139322
2025-01-27,47.50418472290039,2298700,-0.015501091802476096
2025-01-28,47.85114288330078,1922300,0.007277195732657905
2025-01-29,47.957157135009766,2355100,0.0022130503298065443
2025-01-30,48.20773696899414,5618400,0.005211473551823518
2025-01-31,47.205413818359375,7197400,-0.02101094064830594
2025-02-03,48.38121795654297,7511500,0.02460309410366024
2025-02-04,48.32339096069336,3783100,-0.0011959513282679688
2025-02-05,47.77404022216797,2090700,-0.011433327947610525
2025-02-06,48.872737884521484,3068900,0.02273733315843757
2025-02-07,48.84382629394531,2125800,-0.0005917439210615602
2025-02-10,48.92092514038086,1237300,0.0015772323109790776
2025-02-11,49.42208480834961,1630000,0.010192163258023504
2025-02-12,50.029258728027344,2405900,0.012210623651131267
2025-02-13,50.482234954833984,2022000,0.009013482477715445
2025-02-14,50.76172637939453,2361800,0.00552116157566892
2025-02-18,51.29179763793945,2796000,0.010388196400084758
2025-02-19,50.35694122314453,3771400,-0.01839438018469891
2025-02-20,50.94484329223633,2596700,0.011607074293400141
2025-02-21,50.10636520385742,2539200,-0.01659549340514604
2025-02-24,49.79795455932617,3333000,-0.0061741399166644235
2025-02-25,49.20042037963867,4793600,-0.012071742317824896
2025-02-26,49.624481201171875,2665000,0.008582116804902106
2025-02-27,48.75708770751953,2441200,-0.01763370882014727
2025-02-28,48.68962097167969,3164600,-0.0013846901046564717
2025-03-03,48.04389572143555,6058500,-0.013350798434054663
2025-03-04,48.20773696899414,4785400,0.00340443899443567
2025-03-05,49.18114471435547,2942900,0.01999078632706065
2025-03-06,49.58592987060547,5671200,0.00819680899388134
2025-03-07,49.663028717041016,3098300,0.00155364576195514
2025-03-10,48.34266662597656,3071400,-0.02694622956976745
2025-03-11,48.42940139770508,2491900,0.001792558467024707
2025-03-12,49.13295364379883,2353300,0.014422867135123436
2025-03-13,49.33534622192383,1726000,0.0041108227402719385
2025-03-14,50.46295928955078,3025800,0.02259880167945644
2025-03-17,51.3496208190918,2739300,0.017417964364872102
2025-03-18,50.51114273071289,2051600,-0.01646359202869283
2025-03-19,50.520782470703125,2230000,0.00019082562269827298
2025-03-20,50.366580963134766,1776100,-0.0030569066808799283
2025-03-21,49.82686996459961,2007400,-0.010773482972976126
2025-03-24,50.1545524597168,1126800,0.006554891107853185
2025-03-25,50.684627532958984,1085000,0.010513372991520374
2025-03-26,50.12563705444336,1408900,-0.011090065281690771
2025-03-27,50.26056671142578,1149600,0.0026882127857477934
2025-03-28,49.7497673034668,2257400,-0.010215021370883686
2025-03-31,49.113677978515625,1654400,-0.012868216369920481
2025-04-01,50.164188385009766,2084400,0.021163823430800168
2025-04-02,50.27020263671875,1576700,0.0021111153262195538
2025-04-03,52.29411697387695,11249700,0.03947136992118232
2025-04-04,48.111358642578125,6335900,-0.08336558293580904
2025-04-07,46.7620849609375,5656500,-0.028445571481797247
2025-04-08,46.31875228881836,4250600,-0.009525828035046747
2025-04-09,49.981075286865234,4701300,0.0760975433863768
2025-04-10,48.47759246826172,2398900,-0.030542759298605813
2025-04-11,48.84382629394531,2223700,0.007526309400877917
2025-04-14,50.029258728027344,1924900,0.023980019220134027
2025-04-15,50.29911422729492,1273700,0.00537945831448564
2025-04-16,51.09904479980469,2610200,0.015778337116519582
2025-04-17,52.93984603881836,3700400,0.03539048430261682
2025-04-21,52.371219635009766,2335300,-0.010799091743655688
2025-04-22,53.49882888793945,2546400,0.021302566886525393
2025-04-23,54.46259689331055,3115400,0.017854406807711283
2025-04-24,55.26252746582031,3240700,0.014580885633686091
2025-04-25,55.84078598022461,2053700,0.010409477773432395
2025-04-28,56.01426696777344,3028800,0.0031018916369995654
2025-04-29,54.375858306884766,6977000,-0.029686151330675176
2025-04-30,54.90593338012695,3273400,0.009701144577955897
2025-05-01,54.616798400878906,1382800,-0.005279920364367723
2025-05-02,54.877017974853516,1834800,0.004753146296350662
2025-05-05,54.626441955566406,1064100,-0.004576594325151722
2025-05-06,56.27448654174805,2679700,0.029723212236364607
2025-05-07,56.94912338256836,2411900,0.011917034359496044
2025-05-08,56.00463104248047,2499400,-0.016723912516040957
2025-05-09,56.01426696777344,1256200,0.00017204106606830973
2025-05-12,55.74441146850586,2594300,-0.004829262970937339
2025-05-13,56.93948745727539,4752300,0.02121191775833243
2025-05-14,57.20934295654297,1800000,0.0047281430920488214
2025-05-15,57.11296463012695,1558000,-0.0016860812431648464
2025-05-16,57.35390853881836,1323600,0.004209851424642757
2025-05-19,58.37550354003906,2730100,0.017655348275351306
2025-05-20,58.336952209472656,1851300,-0.0006606206976090282
2025-05-21,58.134559631347656,1814000,-0.0034754040475924414
2025-05-22,57.662315368652344,1547000,-0.008156470212427611
2025-05-23,58.47187805175781,1384000,0.013942074644562168
2025-05-27,58.91521453857422,1974100,0.0075534470595624405
2025-05-28,58.69355010986328,1079300,-0.0037695267329568636
2025-05-29,59.01158905029297,1300900,0.005404007279217309
2025-05-30,57.989994049072266,2372100,-0.017463369929725383
2025-06-02,58.44296646118164,1900900,0.007780867126271442
2025-06-03,58.202022552490234,1550300,-0.004131240500155833
2025-06-04,58.06709671020508,1826600,-0.002320924140609723
2025-06-05,58.52006912231445,1451100,0.007770575571476021
2025-06-06,59.0212287902832,1935900,0.008527431868992347
2025-06-09,58.87666320800781,1150700,-0.002452387439317213
2025-06-10,59.13688278198242,927300,0.004410002148877168
2025-06-11,59.32963562011719,1620800,0.0032541347686967353
2025-06-12,59.339271545410156,1041500,0.00016240016941764294
2025-06-13,58.84775161743164,2182500,-0.008317711176925332
2025-06-16,58.69370651245117,2663800,-0.0026211210176514143
2025-06-17,57.800838470458984,1739800,-0.015329224665080951
2025-06-18,57.859710693359375,2526100,0.0010180174382781115
2025-06-20,57.01590347290039,3020500,-0.014691062205246009
2025-06-23,56.84910202026367,2390800,-0.002929812741503116
2025-06-24,58.095191955566406,1650300,0.02168248132213165
2025-06-25,58.55634307861328,1167700,0.007906514478982132
2025-06-26,59.17448425292969,1554200,0.010501019462644033
2025-06-27,59.18429183959961,1213300,0.00016572639589826032
2025-06-30,59.419776916503906,1259900,0.003970949543468003
2025-07-01,59.96923065185547,846400,0.009204492537517633
2025-07-02,60.430381774902344,978100,0.007660379777529558
2025-07-03,60.53831100463867,721200,0.0017844163790629508
2025-07-07,59.95941925048828,1512800,-0.009608416799317482
2025-07-08,59.743560791015625,1148900,-0.003606571755804561
2025-07-09,59.14504623413086,1047000,-0.010068578110496839
2025-07-10,59.15485763549805,1677600,0.0001658733620019605
2025-07-11,58.99787139892578,2137500,-0.0026573457970014295
2025-07-14,58.48766326904297,1152500,-0.008685517561855982
2025-07-15,58.261993408203125,1058000,-0.003865881036675335
2025-07-16,58.644649505615234,1290400,0.0065463767402055536
2025-07-17,58.66427230834961,1728700,0.00033454919905443717
2025-07-18,58.340484619140625,838000,-0.005534621398892046
2025-07-21,58.124629974365234,1073100,-0.0037067733575899906
2025-07-22,57.9185791015625,1434000,-0.0035512821645694802
2025-07-23,59.33147048950195,1381500,0.024101649196492297
2025-07-24,59.70431137084961,1141000,0.006264370171423857
2025-07-25,59.90054702758789,676000,0.0032814023685695435
2025-07-28,58.9291877746582,1079600,-0.016349121555700962
2025-07-29,59.782806396484375,1848200,0.01438158529074627
2025-07-30,59.03711700439453,1338000,-0.012551753288238487
2025-07-31,59.00768280029297,2113100,-0.0004986954912081395
2025-08-01,58.477848052978516,1007800,-0.009019635617569244
2025-08-04,58.11481475830078,945300,-0.006227398176538049
2025-08-05,59.056739807128906,1201400,0.016078054834582366
2025-08-06,59.61600875854492,1629600,0.0094254679123573
2025-08-07,60.489253997802734,1217200,0.014541588054310866
2025-08-08,60.47943878173828,1059800,-0.00016227696374097203
2025-08-11,60.381324768066406,858900,-0.0016235878765424455
2025-08-12,61.15645217895508,1474400,0.012755505982692476
2025-08-13,60.822853088378906,1052300,-0.005469779018271613
2025-08-14,59.841678619384766,1457600,-0.016263206446317423
2025-08-15,60.185089111328125,852600,0.0057222473868391655
2025-08-18,60.03791046142578,797800,-0.002448428735782123
2025-08-19,60.09678268432617,1204400,0.000980103683150087
2025-08-20,60.018287658691406,904500,-0.0013069973082418958
2025-08-21,60.39113235473633,842100,0.006192968750136233
2025-08-22,61.61759948730469,1378400,0.020105256852625736
2025-08-25,60.54812240600586,975600,-0.01750907516193706
2025-08-26,60.283203125,1541200,-0.004384950745610535
2025-08-27,60.77378845214844,1539600,0.008105075244174796
2025-08-28,61.342872619628906,1436500,0.0093204036561654
2025-08-29,60.77378845214844,1115000,-0.009320403656165375
2025-09-02,61.725528717041016,1565400,0.015539015849071913
2025-09-03,61.61759948730469,1419900,-0.0017500651856989782
2025-09-04,61.88251495361328,1160300,0.004290131613673316
2025-09-05,62.62820816040039,1424300,0.011978118893390514
2025-09-08,62.94218444824219,1249100,0.00500081166664381
2025-09-09,63.050113677978516,1528200,0.001713267520979185
2025-09-10,63.069732666015625,1346800,0.00031111658892835233
2025-09-11,64.47280883789062,2125700,0.02200258453233738
2025-09-12,64.87509155273438,1703800,0.006220186190553758
2025-09-15,65.51284790039062,1304700,0.009782521854543922
2025-09-16,65.54228973388672,1049700,0.0004493045373551573
2025-09-17,65.2773666381836,2227900,-0.004050208740858185
2025-09-18,64.70829010009766,1840900,-0.008756045677763254
2025-09-19,64.85546875,3285100,0.0022719117524038065
2025-09-22,65.6404037475586,1407500,0.012030180712570645
2025-09-23,66.1604232788086,1355600,0.007891031359625792
2025-09-24,65.21849822998047,2040100,-0.014339304623605395
2025-09-25,64.9339599609375,1404600,-0.004372391060607852
2025-09-26,65.87588500976562,989400,0.014401688638424
2025-09-29,66.18985748291016,1046800,0.004754799522502272
2025-09-30,66.92573547363281,2166400,0.011056337889000234
2025-10-01,65.52265930175781,2356300,-0.021187552511309184
2025-10-02,65.6404037475586,2059100,0.0017953907859701206
2025-10-03,65.55209350585938,897200,-0.0013462698993638332
2025-10-06,64.20789337158203,2364200,-0.02071899439009602
2025-10-07,63.815425872802734,1182700,-0.006131206885666024
2025-10-08,64.49243927001953,1356000,0.010553050345332056
2025-10-09,64.18827056884766,1876400,-0.004727503726841195
2025-10-10,63.17766189575195,2110300,-0.015869704926463866
2025-10-13,64.2373275756836,1956400,0.01663368048788998
2025-10-14,63.61918640136719,2104000,-0.00966937031618108
2025-10-15,64.62979888916016,1930200,0.015760489714736564
2025-10-16,65.78758239746094,2040400,0.017755515613952413
2025-10-17,64.88490295410156,1988500,-0.013816126630008072
2025-10-20,64.69847869873047,1627800,-0.002877288454849075
2025-10-21,63.8448600769043,2604000,-0.013281608805160114
2025-10-22,64.27658081054688,1705300,0.006739268066803006
2025-10-23,64.77696990966797,827200,0.0077547902242870136
2025-10-24,64.13921356201172,1177700,-0.00989420464136183
2025-10-27,65.08113861083984,2091800,0.01457884483683776
2025-10-28,65.83663940429688,1559100,0.011541735456949004
2025-10-29,66.1604232788086,965900,0.004905935288828895
2025-10-30,65.4736099243164,2147100,-0.010435288964833271
2025-10-31,65.2773666381836,1383600,-0.0030017891820037137
2025-11-03,64.98302459716797,1552700,-0.004519294609738745
2025-11-04,64.4139404296875,2030200,-0.008795999759490311
2025-11-05,65.91513061523438,1416400,0.023037938794341115
2025-11-06,65.70909118652344,1899600,-0.0031307246368594732
2025-11-07,66.54308319091797,2213100,0.0126123152770033
2025-11-10,66.63139343261719,1021200,0.0013262339283360532
2025-11-11,68.03446197509766,1517400,0.020838531203786044
2025-11-12,66.8766860961914,1880300,-0.017163952999294962
2025-11-13,66.11136627197266,1919600,-0.011509729773647233
2025-11-14,65.95438385009766,1246900,-0.002377338494881363
2025-11-17,64.62979888916016,1826900,-0.020287761738996716
2025-11-18,65.41473388671875,2200400,0.012071934333052193
2025-11-19,65.51284790039062,1954400,0.0014987526798930458
2025-11-20,64.77696990966797,1722700,-0.011296136997920052
2025-11-21,64.79660034179688,1437400,0.0003030005616268054
2025-11-24,65.2969970703125,1366300,0.007692910432082486
2025-11-25,66.47440338134766,1489600,0.017870913452782463
2025-11-26,66.6019515991211,1320900,0.0019169184014588645
2025-11-28,67.13178253173828,543500,0.007923710620744779
2025-12-01,67.17102813720703,1142300,0.0005844346278435843
2025-12-02,67.41632843017578,813400,0.0036452244972677225
2025-12-03,67.1416015625,785000,-0.004083404812010281
2025-12-04,67.52425384521484,834300,0.00568300422431113
2025-12-05,67.38689422607422,993000,-0.0020362982387731724
2025-12-08,67.34764099121094,816100,-0.0005826751977219855
2025-12-09,67.96578216552734,1144000,0.009136498949857075
2025-12-10,67.7401123046875,1913900,-0.003325869811915088
2025-12-11,69.72207641601562,2343600,0.028838497156414913
2025-12-12,69.35904693603516,1592200,-0.00522041087519809
2025-12-15,69.15299987792969,1982300,-0.002975152195507985
2025-12-16,68.27999877929688,3065700,-0.0127045593040914
2025-12-17,67.44999694824219,1383300,-0.012230342639315708
2025-12-18,68.75,932800,0.01909019913765818
2025-12-19,68.8499984741211,1243000,0.0014534664656168656
2025-12-22,69.94999694824219,1851800,0.015850454471488813
2025-12-23,71.04000091552734,1465600,0.0154624540876188
2025-12-24,70.94999694824219,560100,-0.0012677509781496281
2025-12-26,71.1500015258789,722700,0.0028149853885493016
2025-12-29,70.51000213623047,701600,-0.009035771954012266
2025-12-30,69.48999786376953,796600,-0.014571747443109474
2025-12-31,69.33000183105469,789500,-0.002305087219572158
2026-01-02,69.66000366210938,1716300,0.004748578143936709
2026-01-05,70.58000183105469,1823900,0.013120526681043992
2026-01-06,70.04000091552734,1622100,-0.0076803237009480906
2026-01-07,69.91999816894531,1069400,-0.0017148153297170694
2026-01-08,70.4800033569336,915600,0.007977324098087674
2026-01-09,71.05999755859375,909600,0.008195526978396796
2026-01-12,72.05999755859375,1697600,0.013974515203848946
2026-01-13,71.97000122070312,1226100,-0.0012496889587699656
2026-01-14,73.37999725341797,1614400,0.019401999016572812
2026-01-15,73.25,1274400,-0.0017731336003861248
2026-01-16,74.0,1667400,0.010186845306992997
2026-01-20,74.61000061035156,1413900,0.008209461459813005
2026-01-21,75.36000061035156,1989900,0.010002083703269802
2026-01-22,75.75,1802800,0.005161806022226089
2026-01-23,76.08000183105469,1356200,0.004346997915146603
2026-01-26,76.69999694824219,2293800,0.008116226280346963
2026-01-27,77.86000061035156,1499100,0.015010681436427585
2026-01-28,78.7300033569336,1372400,0.011111969813532102
2026-01-29,78.44999694824219,2266200,-0.003562879556564323
2026-01-30,75.12000274658203,3387400,-0.04337456881576722
2026-02-02,75.43000030517578,1935700,0.00411820644875345
2026-02-03,78.76000213623047,2887100,0.04320020298286237
2026-02-04,77.22000122070312,1879500,-0.01974677425000486
2026-02-05,76.83000183105469,1446100,-0.005063293932119844
2026-02-06,79.87000274658203,2297400,0.038805134605361606
2026-02-09,80.66999816894531,1930100,0.009966388933342547
2026-02-10,80.4800033569336,1124200,-0.002357988187965931
2026-02-11,80.69999694824219,1051300,0.0027297893969907483
2026-02-12,79.91999816894531,4496200,-0.009712426030617349
2026-02-13,81.02999877929688,1103200,0.013793329978601184
2026-02-17,80.76000213623047,1364600,-0.003337621511577248
2026-02-18,80.1500015258789,2142200,-0.007581921802874841
2026-02-19,79.94000244140625,1903400,-0.002623514269691803
2026-02-20,81.2300033569336,1211500,0.01600829456547951
2026-02-23,79.54000091552734,3484900,-0.021024627099319605
2026-02-24,80.37000274658203,2823600,0.010380955109025617
2026-02-25,80.44999694824219,1298600,0.00099482910594913
2026-02-26,80.66000366210938,1381700,0.0026069993422281374
2026-02-27,80.94000244140625,4039400,0.00346533476385666
2026-03-02,79.45999908447266,2307100,-0.018454430746291658
2026-03-03,75.37000274658203,4971400,-0.05284438456789399
2026-03-04,77.91000366210938,2413400,0.03314500705042718
2026-03-05,75.25,2434400,-0.03473845771813653
2026-03-06,73.72000122070312,4583900,-0.02054175426872023
2026-03-09,73.88999938964844,2716400,0.0023033431800183637
2026-03-10,74.76000213623047,1732200,0.011705518621589762
2026-03-11,74.69000244140625,1046200,-0.0009367641057078591
2026-03-12,72.16999816894531,2661200,-0.03432182534339395
2026-03-13,71.52999877929688,2415000,-0.00890749665808939
2026-03-16,73.16000366210938,1642300,0.022531948524151607
2026-03-17,73.37999725341797,1369900,0.003002507918729406
2026-03-18,72.37999725341797,1062500,-0.013721401308665521
2026-03-19,72.18000030517578,2293900,-0.002766976746272218
2026-03-20,69.87000274658203,2868400,-0.03252659156837622
2026-03-23,71.0999984741211,2619300,0.017450903473920854
2026-03-24,72.45999908447266,1574100,0.018947357483827088
2026-03-25,75.16000366210938,2352400,0.03658455043744673
2026-03-26,73.29000091552734,1752000,-0.025195036839839462
2026-03-27,72.11000061035156,3656200,-0.016231447036762266
2026-03-30,72.76000213623047,1981900,0.00897364361703627
2026-03-31,75.2300033569336,2106800,0.033383749184524074
2026-04-01,76.37000274658203,1639800,0.015039852670038696
2026-04-02,76.11000061035156,1009600,-0.003410314565805934
2026-04-06,76.19999694824219,1535400,0.0011817523446498467
2026-04-07,75.94000244140625,1918400,-0.0034178356904815094
2026-04-08,79.11000061035156,2065800,0.04089570979572827
2026-04-09,79.43000030517578,1553800,0.004036837738581362
2026-04-10,79.51000213623047,2385500,0.0010066922937229479
2026-04-13,79.30000305175781,1364500,-0.0026446596563291114
2026-04-14,78.75,1391900,-0.006959889418764235
2026-04-15,79.43000030517578,2322800,0.00859785678137029
2026-04-16,79.01000213623047,2116700,-0.005301680715001588
2026-04-17,79.45999908447266,1528200,0.005679285092477246
2026-04-20,79.87999725341797,1257200,0.005271735299174228
2026-04-21,78.0,2225200,-0.023816647474170942
2026-04-22,78.33000183105469,1592000,0.004221868065716164
2026-04-23,77.61000061035156,1151800,-0.009234402024918717
2026-04-24,78.47000122070312,1127100,0.011020108965295912
