Date,price,volume,log_return
2018-01-03,17.739694595336914,218145,-0.008120724465955024
2018-01-04,17.527896881103516,274343,-0.012011041957362396
2018-01-05,18.561073303222656,459891,0.05727283534301728
2018-01-08,18.659225463867188,702988,0.005274132202924203
2018-01-09,18.519742965698242,750865,-0.0075033363466562916
2018-01-10,18.654054641723633,1428275,0.007226179143535999
2018-01-11,18.36993408203125,233280,-0.015348218651537442
2018-01-12,18.02381706237793,413028,-0.019021257461625626
2018-01-15,18.02381706237793,186282,0.0
2018-01-16,17.966995239257812,300051,-0.003157576431158215
2018-01-17,17.95665740966797,517749,-0.0005755444735111271
2018-01-18,17.558883666992188,965573,-0.022400918814026862
2018-01-19,17.186941146850586,1063488,-0.021410153885570323
2018-01-22,17.264429092407227,879158,0.0044984031512581455
2018-01-23,17.124948501586914,977559,-0.008111886019927749
2018-01-24,17.429738998413086,1186068,0.017641508209161116
2018-01-25,17.40390968322754,2114093,-0.0014830097274917801
2018-01-26,17.755189895629883,871406,0.019982986251599232
2018-01-29,17.41940689086914,478148,-0.01909293842219831
2018-01-30,17.54339027404785,536007,0.007092333162175643
2018-01-31,17.471065521240234,991125,-0.004131142639504918
2018-02-01,17.966995239257812,492537,0.02799036320803719
2018-02-02,17.78618812561035,825439,-0.010114268883791933
2018-02-06,17.817182540893555,1314525,0.0017410948757218682
2018-02-07,17.930835723876953,772171,0.00635859392675316
2018-02-08,17.930835723876953,4678799,0.0
2018-02-09,18.860692977905273,491670,0.05055812289381862
2018-02-12,18.406091690063477,371243,-0.024398339855974793
2018-02-13,18.871021270751953,3688777,0.02494579937698013
2018-02-14,18.380266189575195,381464,-0.026349879923120007
2018-02-15,18.865859985351562,911196,0.026076339277429254
2018-02-16,18.71088218688965,585802,-0.008248648937013225
2018-02-19,18.855527877807617,130640,0.007700837290219328
2018-02-20,18.762542724609375,515551,-0.004943652935228546
2018-02-21,18.623065948486328,261305,-0.0074615569030436315
2018-02-22,18.447418212890625,2237105,-0.009476490747538898
2018-02-23,18.483583450317383,551810,0.001958530630547914
2018-02-26,18.230453491210938,311468,-0.013789492588584442
2018-02-27,18.15813446044922,582791,-0.003974824528678189
2018-02-28,18.271774291992188,376170,0.006238840778685632
2018-03-01,18.3131046295166,180538,0.0022594228175891653
2018-03-02,18.075481414794922,245605,-0.013060501563396002
2018-03-05,17.997989654541016,383421,-0.004296336180315129
2018-03-06,17.997989654541016,351712,0.0
2018-03-07,18.018648147583008,388915,0.0011471640090901683
2018-03-08,18.168460845947266,132656,0.008279940477569872
2018-03-09,18.3131046295166,353837,0.007929733257051088
2018-03-12,18.189125061035156,271975,-0.006793012168591783
2018-03-13,17.91016960144043,478985,-0.015455205696839523
2018-03-14,18.090551376342773,222965,0.010021092885365799
2018-03-15,18.2217960357666,454582,0.007228683369719974
2018-03-16,18.032798767089844,855844,-0.010426208418179242
2018-03-20,18.21654510498047,154655,0.010137999314356598
2018-03-21,19.01449966430664,1390139,0.04287157552011973
2018-03-22,18.862258911132812,269159,-0.008038785721989225
2018-03-23,18.158794403076172,616735,-0.03800805915408132
2018-03-26,18.46852684020996,225573,0.016913047957777184
2018-03-27,18.295289993286133,57139,-0.009424382127306067
2018-03-28,18.248037338256836,197078,-0.002586118167954337
2018-04-02,18.2637939453125,1123261,0.0008630960146274627
2018-04-03,18.68901824951172,95491,0.023015464821069913
2018-04-04,18.857011795043945,1410385,0.00894873127227451
2018-04-05,19.098493576049805,850372,0.012724638334185554
2018-04-06,18.988250732421875,243794,-0.005789056193260111
2018-04-09,19.402982711791992,377772,0.02160639689677148
2018-04-10,18.752017974853516,214170,-0.0341254303310296
2018-04-11,18.489521026611328,116333,-0.014097231343093855
2018-04-12,18.46852684020996,351331,-0.0011361091762853667
2018-04-13,18.44753074645996,192698,-0.0011375047817410698
2018-04-16,18.42652702331543,101187,-0.0011392142165224345
2018-04-17,18.762514114379883,429333,0.01806963679160623
2018-04-18,18.410783767700195,245462,-0.018924381952730194
2018-04-19,18.431777954101562,283173,0.0011396704079509358
2018-04-20,18.767763137817383,145787,0.018064433617518038
2018-04-23,19.140493392944336,711549,0.019665492500870168
2018-04-24,18.63652229309082,731752,-0.026682944206723347
2018-04-25,18.410783767700195,182273,-0.01218665231961597
2018-04-26,18.536781311035156,282992,0.006820369975111828
2018-04-27,18.685544967651367,301950,0.007993291315411242
2018-04-30,18.530855178833008,1096949,-0.008313038286829782
2018-05-02,19.261629104614258,498392,0.038677797388141276
2018-05-03,19.266965866088867,216633,0.0002770286075990628
2018-05-04,18.957584381103516,168629,-0.01618793362132448
2018-05-07,19.048263549804688,157974,0.0047718625267751434
2018-05-08,18.97892189025879,121915,-0.0036469560183733604
2018-05-09,18.9149112701416,715430,-0.0033784220630087374
2018-05-10,19.325641632080078,278592,0.02148222900431381
2018-05-11,19.795045852661133,187291,0.023998900831520942
2018-05-14,19.133609771728516,778881,-0.0339852343785329
2018-05-15,18.605527877807617,502287,-0.0279877282565377
2018-05-16,18.466848373413086,291275,-0.007481589544021393
2018-05-17,18.370832443237305,152836,-0.0052129311878706085
2018-05-18,18.253480911254883,92878,-0.006408416860157857
2018-05-21,17.842744827270508,356560,-0.02275882335641187
2018-05-22,18.24281120300293,1564020,0.022174122394323776
2018-05-23,18.893579483032227,229905,0.03505105871653315
2018-05-24,18.749555587768555,141263,-0.007652104308798954
2018-05-25,19.34164810180664,178076,0.031090653504426663
2018-05-28,19.005590438842773,87789,-0.01752753414275206
2018-05-29,18.456174850463867,299008,-0.029334174775980024
2018-05-30,18.749555587768555,253436,0.01577105541430542
2018-05-31,18.578859329223633,1324444,-0.009145711047902912
2018-06-01,19.165620803833008,2217950,0.031093751787893434
2018-06-04,19.357650756835938,1306459,0.009969638390914033
2018-06-05,19.144287109375,750066,-0.011083381431569398
2018-06-06,19.000259399414062,571166,-0.0075517161751966775
2018-06-07,18.429500579833984,478382,-0.030499958577865215
2018-06-08,18.344160079956055,348676,-0.004641401021895119
2018-06-11,18.2961483001709,263296,-0.0026207097804020643
2018-06-12,18.525522232055664,259637,0.012458799155252316
2018-06-13,18.68021011352539,217263,0.008315319335760886
2018-06-14,18.61619758605957,116704,-0.003432641064872311
2018-06-15,18.952253341674805,829743,0.017890794590169415
2018-06-18,18.68021011352539,384545,-0.014458153525297108
2018-06-19,18.42417335510254,390737,-0.013801109110623341
2018-06-20,19.010929107666016,340623,0.03135045831175607
2018-06-21,19.539005279541016,137016,0.027398708451652015
2018-06-22,19.213626861572266,390376,-0.016792978771244475
2018-06-25,19.458995819091797,254484,0.012689713452319765
2018-06-26,19.320308685302734,348700,-0.007152666961820944
2018-06-27,19.309640884399414,370464,-0.0005523072793688808
2018-06-28,19.63502311706543,301419,0.016710366491495435
2018-06-29,19.539005279541016,1398512,-0.004902126931381077
2018-07-02,19.464332580566406,379134,-0.0038290461435625976
2018-07-03,19.656360626220703,495343,0.009817289633843504
2018-07-04,19.949739456176758,795555,0.014815101481926635
2018-07-05,20.520492553710938,303923,0.02820794019681012
2018-07-06,20.4298152923584,480360,-0.004428655818545408
2018-07-09,20.056427001953125,146237,-0.0184457166744394
2018-07-10,19.736371994018555,165951,-0.016086423563085685
2018-07-11,19.480331420898438,312329,-0.0130579160877611
2018-07-12,19.37898826599121,166484,-0.0052159114201308044
2018-07-13,19.394987106323242,185439,0.0008252360551819074
2018-07-16,19.544343948364258,86255,0.007671296370566597
2018-07-17,19.939071655273438,555180,0.019995274074412414
2018-07-18,19.880395889282227,1322861,-0.0029470915648904727
2018-07-19,19.70436668395996,155276,-0.008893844712486398
2018-07-20,20.056427001953125,170823,0.01770938084819366
2018-07-23,20.221778869628906,46322,0.008210534357247827
2018-07-24,19.98174285888672,264261,-0.011941185880313645
2018-07-25,19.60537338256836,497020,-0.019015318755100544
2018-07-26,19.610795974731445,724462,0.0002765487953827794
2018-07-27,19.827552795410156,548180,0.010992296077533959
2018-07-30,20.065982818603516,201222,0.011953458550432582
2018-07-31,20.065982818603516,828938,0.0
2018-08-01,19.87089729309082,202889,-0.009769770531981909
2018-08-02,19.594541549682617,86931,-0.014005178639713886
2018-08-03,19.93592643737793,109020,0.017272417572186435
2018-08-06,19.589120864868164,595309,-0.0175490984394155
2018-08-07,19.849220275878906,653882,0.01319037132963096
2018-08-08,19.59995460510254,460636,-0.012637475381949823
2018-08-09,19.4915828704834,272707,-0.005544525452080709
2018-08-10,18.814228057861328,270499,-0.03536932952872045
2018-08-13,19.301918029785156,287477,0.025591075567819407
2018-08-14,20.03888702392578,849513,0.037470266191522085
2018-08-15,19.757104873657227,193042,-0.014161569851738698
2018-08-16,19.52951431274414,1812721,-0.01158629129414166
2018-08-17,20.011789321899414,165436,0.024394690181814373
2018-08-20,20.022628784179688,324384,0.0005415071859630276
2018-08-21,20.16893196105957,3301322,0.007280325539848004
2018-08-22,20.396528244018555,384955,0.011221303542595264
2018-08-23,20.38027000427246,375882,-0.0007974260513849785
2018-08-24,20.61870002746582,115854,0.01163115614754335
2018-08-27,20.456134796142578,365195,-0.0079156048144112
2018-08-28,20.396528244018555,202295,-0.0029181252817470846
2018-08-29,20.607864379882812,5142573,0.010308066704687877
2018-08-30,20.374858856201172,260358,-0.0113710371552385
2018-08-31,20.396528244018555,182778,0.001062970450550567
2018-09-03,20.342334747314453,247605,-0.002660532213808123
2018-09-04,20.477811813354492,498505,0.006637779375252705
2018-09-05,20.233966827392578,412371,-0.011979231078382896
2018-09-06,20.212291717529297,100479,-0.0010717981201722035
2018-09-07,20.35859489440918,1293528,0.007212256042713798
2018-09-10,20.098485946655273,224489,-0.012858690065245924
2018-09-11,20.098485946655273,468464,0.0
2018-09-12,20.42361831665039,535514,0.01604750559147307
2018-09-13,20.32608413696289,358974,-0.004786997698985376
2018-09-14,20.304407119750977,98823,-0.0010670321031396803
2018-09-17,20.266477584838867,777929,-0.0018697914151394263
2018-09-18,20.277315139770508,134411,0.0005346098360050716
2018-09-19,20.391109466552734,354554,0.005596214993045163
2018-09-20,20.47239112854004,109323,0.0039782088172341445
2018-09-21,20.754173278808594,311424,0.013670144113385433
2018-09-24,20.331504821777344,207388,-0.020575703660999912
2018-09-25,20.304407119750977,928692,-0.0013336826835305747
2018-09-26,20.28815269470215,906900,-0.0008008573980989597
2018-09-27,20.58077049255371,1782988,0.014320064022603154
2018-09-28,20.483230590820312,447391,-0.004750637181205594
2018-10-01,20.63495635986328,1328343,0.007380016918801739
2018-10-02,21.128070831298828,1923433,0.02361597913173155
2018-10-03,20.504911422729492,297426,-0.02993808842817483
2018-10-04,20.67289161682129,575312,0.008158819242891293
2018-10-05,20.73249626159668,714311,0.0028790787383895762
2018-10-08,20.651216506958008,316736,-0.0039281086066726405
2018-10-09,20.624120712280273,710706,-0.0013129292403395512
2018-10-10,20.342334747314453,510883,-0.013757129143438929
2018-10-11,20.6674747467041,351304,0.015857026222878965
2018-10-12,20.152679443359375,215854,-0.02522394185068005
2018-10-15,20.06056022644043,687065,-0.004581544725637832
2018-10-16,20.34775733947754,474099,0.014214991684143221
2018-10-17,19.93592643737793,354477,-0.02044724870804261
2018-10-18,19.6162166595459,304823,-0.016166847924418557
2018-10-19,19.280248641967773,2287982,-0.01727541926804297
2018-10-22,19.38862419128418,554943,0.0056053267207496265
2018-10-23,19.59995460510254,609997,0.010840737979977628
2018-10-24,19.836273193359375,2093774,0.011984990967769464
2018-10-25,19.957456588745117,404449,0.0060905962150768714
2018-10-26,20.1117000579834,1061167,0.00769890080148873
2018-10-29,19.814239501953125,1309114,-0.014900892162629154
2018-10-30,19.560848236083984,465398,-0.012870816469934154
2018-10-31,19.726102828979492,544339,0.008412745864078749
2018-11-01,20.64603042602539,472569,0.04558029435960505
2018-11-05,20.298982620239258,1698100,-0.01695230218081011
2018-11-06,20.106191635131836,1076987,-0.009542958383417363
2018-11-07,20.02356719970703,960259,-0.0041178693606903375
2018-11-08,19.968473434448242,2627839,-0.00275523825431807
2018-11-09,20.106191635131836,1014161,0.0068731076150084
2018-11-12,20.271453857421875,94230,0.008185873302142804
2018-11-13,19.764659881591797,916412,-0.0253181939961466
2018-11-14,19.665512084960938,460974,-0.005029042514921704
2018-11-15,19.538818359375,949160,-0.0064632740919558455
2018-11-16,19.52228546142578,521448,-0.0008465146818347943
2018-11-20,19.32948875427246,201669,-0.00992481263020814
2018-11-21,18.784143447875977,645054,-0.02861876424387736
2018-11-22,19.0595703125,210942,0.014556273709729473
2018-11-23,18.32693099975586,315053,-0.03919773665339615
2018-11-26,17.86972427368164,470750,-0.025263717890594492
2018-11-27,18.266338348388672,722810,0.021952032008217107
2018-11-28,19.615928649902344,686261,0.07128199090936428
2018-11-29,18.872282028198242,699102,-0.03864763614508473
2018-11-30,18.266338348388672,1879696,-0.03263435476427952
2018-12-03,18.79515838623047,839489,0.028539372525386082
2018-12-04,18.040483474731445,862540,-0.0409809895945908
2018-12-05,18.17820167541504,464782,0.007604851685932299
2018-12-06,17.803621292114258,575702,-0.020821286129255344
2018-12-07,17.913789749145508,895274,0.006168913322412706
2018-12-10,17.395986557006836,549153,-0.02933127133422765
2018-12-11,17.181156158447266,1024538,-0.012426310913419126
2018-12-13,17.06547737121582,914435,-0.006755655389315988
2018-12-14,17.44556427001953,549426,0.022027864105631647
2018-12-17,17.054458618164062,807210,-0.02267374769921409
2018-12-18,17.36293601989746,656701,0.01792614842690233
2018-12-19,17.36293601989746,443513,0.0
2018-12-20,17.1370906829834,192290,-0.013092660188827867
2018-12-21,16.39893913269043,1182290,-0.04402851460660448
2018-12-24,16.668859481811523,159857,0.01632563130751294
2018-12-26,16.668859481811523,245072,0.0
2018-12-27,16.354873657226562,967858,-0.019016341078150756
2018-12-28,16.415468215942383,292090,0.0036981382744841946
2018-12-31,16.690898895263672,674501,0.016639520326985936
2019-01-02,17.73200798034668,359860,0.06050777239847671
2019-01-03,17.632850646972656,241431,-0.005607690632230279
2019-01-04,18.062519073486328,86145,0.024075345539791196
2019-01-07,17.743024826049805,246156,-0.017846550700699907
2019-01-08,18.172693252563477,165475,0.023927625518245326
2019-01-09,18.453628540039062,450748,0.015340923325360968
2019-01-10,18.921855926513672,1482625,0.02505663219386142
2019-01-11,18.696008682250977,308435,-0.012007590553142686
2019-01-14,18.37099838256836,217556,-0.017536815343140204
2019-01-15,18.50320816040039,754724,0.0071708848413534025
2019-01-16,18.5362548828125,303914,0.00178440660126443
2019-01-17,18.41506576538086,323569,-0.006559416542005713
2019-01-18,18.75659942626953,189844,0.01837653870601038
2019-01-21,18.88880729675293,91231,0.007023880230282156
2019-01-22,18.299386978149414,352519,-0.03170197929653587
2019-01-23,18.288373947143555,1826367,-0.0006020063026513957
2019-01-24,18.58583641052246,228887,0.016134252816374293
2019-01-25,18.569307327270508,578922,-0.0008897333009396383
2019-01-28,18.376508712768555,1414514,-0.01043692549163549
2019-01-29,18.38201904296875,1592933,0.000299812347115137
2019-01-30,18.249813079833984,710927,-0.007218123117600274
2019-01-31,18.315914154052734,804094,0.003615470071193248
2019-02-01,18.58583641052246,250601,0.014629499491867036
2019-02-05,19.637964248657227,1055480,0.05506483688868583
2019-02-06,19.61042022705078,254626,-0.0014035750258896253
2019-02-07,19.6710147857666,387339,0.003085152401304138
2019-02-08,19.428638458251953,372046,-0.012398034870458815
2019-02-11,19.307453155517578,465997,-0.0062569915059530745
2019-02-12,19.357030868530273,182165,0.0025645106322067963
2019-02-13,18.86125946044922,452044,-0.025945651431285684
2019-02-14,18.90532684326172,455924,0.0023336714871420423
2019-02-15,18.850242614746094,57427,-0.0029179412939802467
2019-02-18,18.712528228759766,95580,-0.007332526324437949
2019-02-19,19.142194747924805,216464,0.02270178928099912
2019-02-20,18.77863311767578,170420,-0.01917536038165337
2019-02-21,18.69049835205078,278280,-0.004704401981754742
2019-02-22,18.943889617919922,108611,0.013466146714702708
2019-02-25,19.301944732666016,448351,0.018724422257266546
2019-02-26,19.301944732666016,191429,0.0
2019-02-27,19.27991485595703,219257,-0.001141981197278337
2019-02-28,19.494741439819336,768747,0.011080886461573633
2019-03-01,19.368045806884766,1277626,-0.006520174735668619
2019-03-04,19.61042022705078,846477,0.012436484487276037
2019-03-05,19.660001754760742,185430,0.002525134773367359
2019-03-06,19.660001754760742,482179,0.0
2019-03-07,19.792205810546875,912996,0.006702010295219806
2019-03-08,19.836273193359375,692979,0.002224026865747031
2019-03-11,19.841094970703125,189144,0.00024304925405071063
2019-03-12,20.238143920898438,221260,0.0198138463119048
2019-03-13,20.17197036743164,269397,-0.0032751014829780593
2019-03-14,20.39255142211914,166983,0.010875672590260297
2019-03-15,20.955020904541016,412550,0.027208571159968855
2019-03-19,20.464231491088867,760208,-0.023699722082650934
2019-03-20,20.826845169067383,550026,0.017564230798582565
2019-03-21,21.235538482666016,208793,0.01943333401992141
2019-03-22,20.877229690551758,1395206,-0.017017045148009523
2019-03-25,21.106779098510742,143153,0.010935196614471995
2019-03-26,21.134763717651367,82619,0.0013249811142791938
2019-03-27,20.73726463317871,85744,-0.018986948649588293
2019-03-28,20.955610275268555,543634,0.010474098451178896
2019-03-29,20.938817977905273,3517043,-0.0008016482841625334
2019-04-01,21.644241333007812,374536,0.033134674026981684
2019-04-02,21.554662704467773,464472,-0.004147269887087317
2019-04-03,21.30832290649414,206395,-0.011494416764987287
2019-04-04,21.577058792114258,128701,0.012532914134542291
2019-04-05,21.795406341552734,134899,0.010068572001389742
2019-04-08,21.80660057067871,185160,0.0005134731249623432
2019-04-09,21.565860748291016,864881,-0.011101159001537254
2019-04-10,21.409095764160156,133780,-0.007295676002721022
2019-04-11,20.86043357849121,157363,-0.025961632914946565
2019-04-12,20.350961685180664,135592,-0.0247260664901378
2019-04-15,21.0955753326416,156188,0.03593515058807205
2019-04-16,21.325115203857422,188007,0.010822177037114822
2019-04-17,20.748456954956055,132450,-0.027413615359216333
2019-04-22,20.849233627319336,58420,0.004845310790768472
2019-04-23,21.0507869720459,6298801,0.00962075418917874
2019-04-24,21.375505447387695,134072,0.01530771592969078
2019-04-25,21.41469383239746,248364,0.0018316528843342424
2019-04-26,21.775957107543945,323649,0.01672916210583114
2019-04-29,21.883983612060547,334541,0.004948551151629025
2019-04-30,23.04953384399414,800403,0.0518905182038133
2019-05-02,23.16324806213379,779613,0.004921341800197075
2019-05-03,23.333820343017578,3395878,0.007336937656582599
2019-05-06,23.566926956176758,125241,0.009940503982930598
2019-05-07,22.776626586914062,185923,-0.034109468551680656
2019-05-08,22.560571670532227,288421,-0.009531094123629139
2019-05-09,22.446861267089844,241274,-0.005052971829905488
2019-05-10,22.19100570678711,281106,-0.011463736044214813
2019-05-13,22.1739501953125,457773,-0.0007688731778507644
2019-05-14,22.77094078063965,258472,0.02656701063224213
2019-05-15,22.11709213256836,180630,-0.029134486626911014
2019-05-16,22.179637908935547,358799,0.0028239474053180307
2019-05-17,22.162578582763672,134039,-0.0007694395257267063
2019-05-20,21.99201202392578,121303,-0.007725919543927122
2019-05-21,21.79301643371582,319594,-0.00908972620798943
2019-05-22,21.7304744720459,135593,-0.0028739424809779705
2019-05-23,21.62812614440918,206708,-0.00472102495362455
2019-05-24,21.30973243713379,234153,-0.014830713671593911
2019-05-27,21.457557678222656,39667,0.006913032338681551
2019-05-28,22.225122451782227,1507890,0.035146368398098524
2019-05-29,21.87261199951172,1036151,-0.01598803047822699
2019-05-30,22.71977424621582,1114913,0.03800039690939191
2019-05-31,21.804384231567383,776152,-0.04112459634283331
2019-06-03,22.39000129699707,181020,0.026503427423560388
2019-06-04,21.662240982055664,163329,-0.03304379054170989
2019-06-05,21.810068130493164,93250,0.00680100603122679
2019-06-06,21.88966941833496,244733,0.003643105443976588
2019-06-07,21.89535140991211,137071,0.00025954043193592095
2019-06-10,22.401371002197266,211942,0.022847812539645095
2019-06-11,22.19100570678711,165604,-0.00943510400270539
2019-06-12,22.310405731201172,99389,0.005366135907609946
2019-06-13,22.25354766845703,788581,-0.0025517526726837746
2019-06-14,22.19100570678711,264704,-0.002814383234926226
2019-06-17,22.060239791870117,231966,-0.0059101746892218
2019-06-18,22.179637908935547,374737,0.005397772922019988
2019-06-19,22.19100570678711,573104,0.0005124017672015683
2019-06-20,22.480974197387695,1603366,0.01298230182868525
2019-06-21,23.288331985473633,276106,0.03528310171803231
2019-06-24,22.492341995239258,520441,-0.03477756647820377
2019-06-25,22.640174865722656,902847,0.006551081547094606
2019-06-26,22.95856475830078,308051,0.013965081914376913
2019-06-27,22.42980194091797,497003,-0.023300540574682154
2019-06-28,22.640174865722656,226116,0.009335458660305357
2019-07-01,22.51508331298828,183167,-0.005540522976875317
2019-07-02,22.685659408569336,193094,0.007547526657792261
2019-07-03,22.463916778564453,245581,-0.009822657558454786
2019-07-04,22.566253662109375,84648,0.004545266372685344
2019-07-05,22.463916778564453,155068,-0.004545266372685258
2019-07-08,23.271272659301758,314200,0.03530934362855851
2019-07-09,22.486656188964844,282261,-0.03429759179364559
2019-07-10,22.566253662109375,217451,0.0035335145377724734
2019-07-11,22.33883285522461,907511,-0.010129041893460177
2019-07-12,22.28765869140625,601867,-0.0022934442962312465
2019-07-15,22.26491928100586,3134337,-0.001020789970404539
2019-07-16,22.310405731201172,627123,0.0020408809569502514
2019-07-17,22.25354766845703,292506,-0.0025517526726837746
2019-07-18,22.25354766845703,2521057,0.0
2019-07-19,22.037492752075195,518787,-0.009756222842056727
2019-07-22,22.13983917236328,8283047,0.00463344429979137
2019-07-23,22.168262481689453,2900188,0.0012829849243800244
2019-07-24,22.1739501953125,713068,0.00025653720510843337
2019-07-25,22.1739501953125,441079,0.0
2019-07-26,22.450767517089844,524217,0.012406616184822304
2019-07-29,22.08708381652832,593022,-0.016331806468039015
2019-07-30,22.017805099487305,98334,-0.003141546242218312
2019-07-31,22.21408462524414,242302,0.008875081545929706
2019-08-01,21.942760467529297,647845,-0.012289264411296784
2019-08-02,22.1390380859375,373681,0.008905213578462369
2019-08-05,21.61370277404785,587324,-0.024014978211642717
2019-08-06,22.046669006347656,560443,0.019834023770842653
2019-08-07,22.11016845703125,421555,0.0028760888733457644
2019-08-08,23.409074783325195,740771,0.05708614455461997
2019-08-09,23.068477630615234,114254,-0.0146566775659856
2019-08-12,22.450767517089844,1168986,-0.027142279424018038
2019-08-13,22.4565486907959,1505524,0.0002574713532746999
2019-08-14,22.473861694335938,562703,0.0007706586362558098
2019-08-15,22.67591094970703,317174,0.008950237944932033
2019-08-16,23.02806282043457,278985,0.015410425430057773
2019-08-19,22.583545684814453,151016,-0.019492020746931595
2019-08-20,22.46232032775879,275657,-0.005382320751635886
2019-08-21,22.5142765045166,436376,0.0023103659915620473
2019-08-22,22.802915573120117,2398583,0.012738784493961906
2019-08-23,22.416133880615234,285059,-0.01710744167510411
2019-08-26,22.450767517089844,217966,0.001543839323627262
2019-08-27,22.54313850402832,2917559,0.004105938998342768
2019-08-28,22.283357620239258,214230,-0.011590635653107648
2019-08-29,22.537363052368164,428550,0.011334407284196078
2019-08-30,22.600866317749023,221085,0.002813726110376187
2019-09-02,22.641281127929688,26124,0.0017866004693668043
2019-09-03,22.895286560058594,270983,0.011156223646526011
2019-09-04,23.068477630615234,208246,0.007536018568317719
2019-09-05,23.1088809967041,252347,0.0017499215026697671
2019-09-06,23.426387786865234,85560,0.013646067831729699
2019-09-09,23.17815399169922,191724,-0.010652873442339273
2019-09-10,23.230112075805664,851825,0.0022391746220496943
2019-09-11,23.34556770324707,45949,0.004957774721747706
2019-09-12,23.114654541015625,93932,-0.009940334008579386
2019-09-13,23.339794158935547,295421,0.009692995480584134
2019-09-17,23.328250885009766,441976,-0.0004946971380662104
2019-09-18,23.339794158935547,219501,0.0004946971380661961
2019-09-19,23.328250885009766,654919,-0.0004946971380662104
2019-09-20,23.824716567993164,1382241,0.02105844261655156
2019-09-23,23.622671127319336,234323,-0.008516661158475198
2019-09-24,23.680395126342773,399135,0.002440604055850091
2019-09-25,23.686168670654297,251262,0.0002437814304984825
2019-09-26,23.668855667114258,1026306,-0.0007312003131040103
2019-09-27,23.686168670654297,80068,0.0007312003131038857
2019-09-30,23.691946029663086,529129,0.0002438830280170699
2019-10-01,23.668855667114258,390779,-0.0009750833411210162
2019-10-02,23.34556770324707,351612,-0.013752930965259728
2019-10-03,23.512983322143555,135940,0.007145604274186044
2019-10-04,23.282066345214844,929569,-0.0098693709240415
2019-10-07,23.553394317626953,253117,0.01158656300212525
2019-10-08,23.368663787841797,601165,-0.007873971930272058
2019-10-09,23.409074783325195,133236,0.001727787908130703
2019-10-10,23.80739974975586,707754,0.016872687771499095
2019-10-11,23.674625396728516,461738,-0.005592629997919386
2019-10-14,23.518754959106445,1890328,-0.00660562999394428
2019-10-15,23.888219833374023,567532,0.01558725720704302
2019-10-16,23.778532028198242,761606,-0.0046022854295865185
2019-10-17,23.824716567993164,229010,0.0019403950632699751
2019-10-18,23.564939498901367,832030,-0.010963560098963997
2019-10-21,23.772768020629883,347172,0.008780731807131573
2019-10-22,23.599578857421875,1061619,-0.007311857918207711
2019-10-23,23.541851043701172,624504,-0.0024491341351889047
2019-10-24,23.518754959106445,2191171,-0.00098154649549751
2019-10-25,23.663076400756836,43953,0.0061176892717595575
2019-10-28,23.866313934326172,310624,0.008552130412349663
2019-10-29,23.7667179107666,157268,-0.004181811018212719
2019-10-30,23.813587188720703,351815,0.0019701131808951976
2019-10-31,24.05377197265625,273584,0.010035514969791819
2019-11-01,24.510717391967773,310413,0.018818643436071952
2019-11-04,24.446271896362305,98817,-0.0026327408513746892
2019-11-05,23.94247055053711,260203,-0.020823833213404235
2019-11-06,24.20022964477539,470723,0.010708230166111369
2019-11-07,24.510717391967773,632938,0.012748343898667584
2019-11-08,24.616161346435547,286720,0.0042927260635283
2019-11-11,24.41112518310547,117731,-0.008364214020585216
2019-11-12,24.3935489654541,145090,-0.0007202678316312346
2019-11-13,24.586870193481445,366885,0.007893857799283182
2019-11-14,24.71575355529785,116725,0.005228267609294515
2019-11-15,24.82705307006836,131907,0.004493072136673564
2019-11-19,24.493139266967773,80588,-0.013540859811076188
2019-11-20,24.592729568481445,150508,0.0040578048440035345
2019-11-21,24.616161346435547,329412,0.0009523392740376247
2019-11-22,24.3935489654541,477549,-0.009084481852216402
2019-11-25,24.452133178710938,429173,0.0023987480070405604
2019-11-26,24.873926162719727,916027,0.017102654086768775
2019-11-27,24.586870193481445,1724166,-0.011607544294526009
2019-11-28,24.311534881591797,309104,-0.011261644276634513
2019-11-29,24.299814224243164,23130,-0.00048221897936779966
2019-12-02,23.73743438720703,504380,-0.023415393188524175
2019-12-03,23.7491512298584,156334,0.0004934801159902116
2019-12-04,24.135791778564453,324609,0.016149082660899965
2019-12-05,24.311534881591797,501296,0.007255049391001673
2019-12-06,23.59683609008789,334076,-0.029838285138913716
2019-12-09,23.339073181152344,142204,-0.010983722457086927
2019-12-10,23.7667179107666,403139,0.018157278275280988
2019-12-11,23.696426391601562,549207,-0.0029619432756844946
2019-12-13,24.141647338867188,370293,0.018614202780396303
2019-12-16,24.487279891967773,324308,0.01421534025516735
2019-12-17,24.63959312438965,763263,0.006200831077187133
2019-12-18,24.34668731689453,1552384,-0.011958829927127847
2019-12-19,24.469711303710938,181035,0.005040283623497436
2019-12-20,24.557584762573242,595088,0.003584678740623754
2019-12-23,24.434555053710938,107132,-0.005022436984420242
2019-12-24,24.575157165527344,37733,0.005737740181993625
2019-12-26,24.657167434692383,520191,0.0033315650108281898
2019-12-27,24.364261627197266,46349,-0.011950255179465245
2019-12-30,24.05963134765625,1244828,-0.012581982965703523
2019-12-31,24.05963134765625,0,0.0
2020-01-02,24.838777542114258,205496,0.03187065435349478
2020-01-03,24.586870193481445,325895,-0.010193474093433002
2020-01-06,24.56637191772461,290803,-0.0008340559468593999
2020-01-07,24.534151077270508,235721,-0.0013124440683633352
2020-01-08,24.581012725830078,337464,0.001908236037549006
2020-01-09,24.144575119018555,603089,-0.017914582390722494
2020-01-10,24.229520797729492,312043,0.003512035291362739
2020-01-13,24.780187606811523,373787,0.022472689665312184
2020-01-14,24.60443878173828,286662,-0.0071175821253539094
2020-01-15,24.3701171875,147314,-0.009569188639075696
2020-01-16,24.67474365234375,216282,0.01242251999855711
2020-01-17,25.34843635559082,315925,0.02693684960673773
2020-01-20,25.055522918701172,41645,-0.01162276688344017
2020-01-21,24.879783630371094,113643,-0.007038707721440529
2020-01-22,24.68645668029785,386690,-0.007800790587579678
2020-01-23,24.68645668029785,606489,0.0
2020-01-24,24.67474365234375,501730,-0.00047458441427729894
2020-01-27,24.00105094909668,1245095,-0.027682577367907236
2020-01-28,24.534151077270508,1793483,0.021968449530278142
2020-01-29,24.73780059814453,106771,0.008266393906377225
2020-01-30,24.35758399963379,1092364,-0.015489203445398276
2020-01-31,24.818004608154297,830001,0.018726123104154106
2020-02-04,25.005136489868164,117478,0.007511881328677667
2020-02-05,25.824981689453125,799666,0.032261042622375224
2020-02-06,24.880382537841797,533126,-0.03726266291340607
2020-02-07,24.506103515625,187166,-0.015157433456551964
2020-02-10,24.348669052124023,313445,-0.0064450206270222085
2020-02-11,24.82691764831543,448421,0.019451264622708096
2020-02-12,25.397233963012695,595602,0.02271181539346721
2020-02-13,25.60517120361328,1693351,0.008154062226813495
2020-02-14,25.159608840942383,510923,-0.017554446378378552
2020-02-17,25.183929443359375,19870,0.0009661857365533794
2020-02-18,25.877172470092773,178125,0.027155137672341102
2020-02-19,25.73972511291504,146327,-0.005325685520869724
2020-02-20,25.72178840637207,211391,-0.0006970921001998316
2020-02-21,25.69788360595703,5145389,-0.0009297920893573688
2020-02-24,24.897064208984375,441306,-0.031658745281581004
2020-02-25,24.938899993896484,2231717,0.0016789399145227574
2020-02-26,25.100255966186523,259220,0.00644921076136711
2020-02-27,24.74765968322754,361097,-0.014147117651424191
2020-02-28,24.849258422851562,3423572,0.004096983668229061
2020-03-02,24.938899993896484,617973,0.0036009232218280666
2020-03-03,25.028549194335938,493130,0.003588307912015386
2020-03-04,25.052452087402344,3664591,0.0009545693684104669
2020-03-05,25.267589569091797,950565,0.008550819333510264
2020-03-06,24.31139373779297,605540,-0.03857741123835471
2020-03-09,23.95281982421875,498949,-0.0148590636664328
2020-03-10,25.297523498535156,842049,0.0546204506194311
2020-03-11,23.880956649780273,1713517,-0.05762515707593062
2020-03-12,22.93252944946289,763661,-0.04052494585199039
2020-03-13,24.26397705078125,292759,0.0564364219912644
2020-03-17,23.169633865356445,879204,-0.04615028835232269
2020-03-18,20.877599716186523,698994,-0.1041657359348691
2020-03-19,20.379060745239258,2211658,-0.024168860636056628
2020-03-20,19.97172737121582,2852943,-0.020190297653870627
2020-03-23,18.774036407470703,1122189,-0.061842768832763136
2020-03-24,19.46710968017578,1694623,0.036251485287947985
2020-03-25,21.291013717651367,1034724,0.08955873405377644
2020-03-26,21.37004852294922,1352781,0.0037052474349353664
2020-03-27,21.327497482299805,742287,-0.0019931381878810837
2020-03-30,21.59499740600586,1196540,0.012464484541300357
2020-03-31,21.73482894897461,794358,0.0064543082748195835
2020-04-01,21.05391502380371,1059365,-0.0318294648533388
2020-04-02,21.278860092163086,1236511,0.010627566227064898
2020-04-03,20.94447898864746,1053238,-0.015839017065247183
2020-04-06,22.123933792114258,721683,0.05478492067005375
2020-04-07,21.528121948242188,858581,-0.027299921503255248
2020-04-08,22.80485725402832,293583,0.05761347268589334
2020-04-13,23.576976776123047,697057,0.03329712480057921
2020-04-14,23.59521484375,485343,0.0007732550856517168
2020-04-15,22.312402725219727,881453,-0.05590123073841506
2020-04-16,22.70150375366211,755956,0.01728846707165852
2020-04-17,23.291229248046875,2005420,0.025645695634733984
2020-04-20,23.139238357543945,283666,-0.006547055898913762
2020-04-21,23.212196350097656,1410436,0.0031480385997074583
2020-04-22,23.096683502197266,828964,-0.004988809396577277
2020-04-23,22.750137329101562,623918,-0.015117854064180767
2020-04-24,22.440080642700195,1563446,-0.013722507471509389
2020-04-27,22.476558685302734,1456790,0.0016242555617696174
2020-04-28,22.829174041748047,1173855,0.015566351338563699
2020-04-29,27.151824951171875,1339899,0.17340498022376735
2020-04-30,23.887035369873047,4987863,-0.128108402862213
2020-05-04,23.60736846923828,271182,-0.011776972040313171
2020-05-05,24.105905532836914,331455,0.020897966761985704
2020-05-06,23.880956649780273,260571,-0.009375504901756634
2020-05-07,24.118064880371094,1988630,0.009879791367083942
2020-05-08,24.531476974487305,2121294,0.016995927602911808
2020-05-11,23.248674392700195,631363,-0.05370895236286093
2020-05-12,23.42498016357422,306118,0.007554866278137042
2020-05-13,23.26082992553711,951326,-0.0070321544887139474
2020-05-14,23.783681869506836,418014,0.02222888295713095
2020-05-15,23.83840560913086,1102886,0.0022982513622885827
2020-05-18,24.13630485534668,1622613,0.012419171359920192
2020-05-19,24.22749900817871,492618,0.0037711781797798386
2020-05-20,24.908424377441406,423534,0.027717763973075578
2020-05-21,24.726030349731445,363369,-0.007349525635807844
2020-05-22,24.60443878173828,431484,-0.004929684082672127
2020-05-25,24.73210906982422,185134,0.005175496812173252
2020-05-26,24.507158279418945,349387,-0.009137112209369878
2020-05-27,24.592275619506836,435856,0.0034671448770694194
2020-05-28,24.598360061645508,651927,0.0002473821322065204
2020-05-29,25.637985229492188,334606,0.041395273216578925
2020-06-01,24.957056045532227,607308,-0.026918460120786223
2020-06-02,25.188085556030273,923101,0.00921449766756491
2020-06-03,25.309682846069336,355368,0.0048159563841437564
2020-06-04,25.115129470825195,817658,-0.007716611394734041
2020-06-05,25.254962921142578,822144,0.00555225543188702
2020-06-08,25.04217529296875,605198,-0.008461272558990216
2020-06-09,24.616594314575195,1020690,-0.01714063402675103
2020-06-10,24.616594314575195,739629,0.0
2020-06-11,24.09982681274414,555977,-0.021216126876725246
2020-06-12,23.893117904663086,1051888,-0.008614190586571677
2020-06-15,24.829387664794922,576332,0.038437474421249326
2020-06-16,24.750349044799805,1118165,-0.0031883463768272603
2020-06-17,24.677392959594727,1091206,-0.002952032005826119
2020-06-18,24.361251831054688,587571,-0.012893729412937665
2020-06-19,25.26104164123535,2953241,0.03626952254227732
2020-06-22,25.467750549316406,628253,0.008149614576746992
2020-06-23,25.954126358032227,5020779,0.01891764140536096
2020-06-24,25.63190269470215,744320,-0.012492834205221667
2020-06-25,26.002763748168945,1271821,0.014365055742897846
2020-06-26,25.40695571899414,1216898,-0.02317984663906415
2020-06-29,24.9327392578125,1256782,-0.01884121426954031
2020-06-30,24.99353790283203,1713411,0.0024355380986215624
2020-07-01,25.838611602783203,444667,0.033252639359653856
2020-07-02,25.88117027282715,669310,0.0016457408792642607
2020-07-03,26.063560485839844,185626,0.007022501027684654
2020-07-06,25.996685028076172,192736,-0.0025691578627105483
2020-07-07,25.47991180419922,519437,-0.020078661648341597
2020-07-08,25.248882293701172,542053,-0.009108480178689779
2020-07-09,25.364397048950195,501854,0.004564610604891256
2020-07-10,25.115129470825195,885410,-0.009876067442337754
2020-07-13,25.072574615478516,561701,-0.0016958283436074731
2020-07-14,24.93882179260254,679179,-0.005348906504524654
2020-07-15,25.22456169128418,1165887,0.01139249266371402
2020-07-16,25.273197174072266,849582,0.0019262438143409638
2020-07-17,26.4283390045166,2463803,0.0446924476225426
2020-07-20,25.850770950317383,1492346,-0.02209645705412867
2020-07-21,26.478683471679688,2727669,0.02399958748944953
2020-07-22,26.11613655090332,929472,-0.013786630055161422
2020-07-23,26.417236328125,393864,0.011463306387575662
2020-07-24,26.66918182373047,462549,0.009491971619585612
2020-07-27,26.577009201049805,172275,-0.0034621336465428844
2020-07-28,26.50326919555664,277873,-0.002778435048126629
2020-07-29,26.36808204650879,359488,-0.005113825937143466
2020-07-30,26.361934661865234,1236972,-0.00023316452582993133
2020-07-31,26.779796600341797,1569609,0.015726644236310157
2020-08-03,26.208314895629883,356886,-0.02157102217976286
2020-08-04,26.74292755126953,876521,0.020193324931041458
2020-08-05,26.736774444580078,908350,-0.00023010998517091486
2020-08-06,26.74906349182129,387513,0.0004595252848828016
2020-08-07,27.062461853027344,384419,0.011648133096188172
2020-08-10,27.068605422973633,639276,0.00022698868807979148
2020-08-11,26.988723754882812,769587,-0.0029554448009402406
2020-08-12,27.013309478759766,545710,0.0009105481443354454
2020-08-13,26.976436614990234,1154498,-0.0013659212043130213
2020-08-14,27.615510940551758,829341,0.02341383846425599
2020-08-17,27.65237808227539,408783,0.0013341253969984782
2020-08-18,27.19765281677246,409899,-0.016581054784786515
2020-08-19,27.308259963989258,222469,0.004058543134074166
2020-08-20,27.461885452270508,424240,0.005609840543613288
2020-08-21,27.351272583007812,374999,-0.004036002426356214
2020-08-24,27.179214477539062,492907,-0.006310549776202852
2020-08-25,27.295969009399414,526347,0.004286528402868251
2020-08-26,27.154640197753906,394677,-0.005191094501027697
2020-08-27,26.80437660217285,839304,-0.012982761219354481
2020-08-28,27.142343521118164,651786,0.012529819784904367
2020-08-31,26.693769454956055,653308,-0.016664815591941884
2020-09-01,26.63846778869629,276508,-0.0020738558492339296
2020-09-02,26.626161575317383,665434,-0.00046207825886745605
2020-09-03,26.755210876464844,452309,0.004835003171395519
2020-09-04,26.810516357421875,340204,0.0020649584525446216
2020-09-07,27.36971092224121,174400,0.020642749205720946
2020-09-08,26.63846778869629,533839,-0.027080632570793618
2020-09-09,26.30048942565918,304266,-0.012768780227563153
2020-09-10,26.183738708496094,611269,-0.004448990254374221
2020-09-11,26.847389221191406,295160,0.025030022420511985
2020-09-14,26.785934448242188,354496,-0.002291664794943557
2020-09-15,26.650745391845703,355347,-0.00505979582644445
2020-09-17,26.45410919189453,685533,-0.007405616686868663
2020-09-18,26.294340133666992,991277,-0.006057791228175783
2020-09-21,25.931787490844727,689983,-0.013884179563519072
2020-09-22,25.452484130859375,281248,-0.0186561858990131
2020-09-23,25.667551040649414,399587,0.008414242202779667
2020-09-24,26.005529403686523,290936,0.013081596061942096
2020-09-25,26.429521560668945,773146,0.01617244153790691
2020-09-28,26.570865631103516,763351,0.005333712186229148
2020-09-29,26.60773468017578,228122,0.0013866124630500956
2020-09-30,26.361934661865234,686800,-0.009280850179979431
2020-10-01,26.349641799926758,1226886,-0.000466419826022201
2020-10-02,27.437301635742188,974294,0.04044878016813389
2020-10-05,27.474172592163086,988424,0.0013429237688681445
2020-10-06,27.480321884155273,235966,0.00022379578145345473
2020-10-07,27.77528190612793,98422,0.01067630442700023
2020-10-08,27.799854278564453,240648,0.00088429379484056
2020-10-09,27.799854278564453,111198,0.0
2020-10-12,27.799854278564453,262757,0.0
2020-10-13,27.252958297729492,222777,-0.019868702303135206
2020-10-14,27.246816635131836,115643,-0.0002253830453876818
2020-10-15,26.976436614990234,484685,-0.009972926555100438
2020-10-16,26.220605850219727,741521,-0.02841818251666544
2020-10-19,26.220605850219727,757242,0.0
2020-10-20,25.520078659057617,845811,-0.02708004376099441
2020-10-21,25.335723876953125,1855620,-0.007250129993113512
2020-10-22,25.0223331451416,3204116,-0.012446658834357372
2020-10-23,25.581523895263672,1168877,0.022101616181103012
2020-10-26,25.458629608154297,223863,-0.00481560168483678
2020-10-27,25.99938201904297,1382208,0.021018002848551143
2020-10-28,26.16597557067871,425020,0.0063871552191670814
2020-10-29,26.786758422851562,458151,0.02344775225537312
2020-10-30,26.38325309753418,635028,-0.01517822021564992
2020-11-03,25.805923461914062,739333,-0.02212539937702725
2020-11-04,25.961118698120117,182350,0.005995926932807912
2020-11-05,27.078533172607422,290344,0.042141296074399925
2020-11-06,26.824005126953125,192580,-0.00944407983276429
2020-11-09,26.588109970092773,606187,-0.00883307804626971
2020-11-10,26.159770965576172,583875,-0.016241350838550682
2020-11-11,26.395668029785156,704090,0.008977135495058247
2020-11-12,26.569488525390625,688657,0.00656360259984354
2020-11-13,27.289602279663086,535860,0.02674225125808402
2020-11-17,27.401338577270508,763143,0.004086104620669854
2020-11-18,27.078533172607422,805199,-0.011850585256071062
2020-11-19,27.165437698364258,953804,0.0032042123286819915
2020-11-20,26.985410690307617,738003,-0.006649117296368307
2020-11-23,26.681228637695312,5925966,-0.011336104286800767
2020-11-24,26.619142532348633,1233293,-0.002329669833964748
2020-11-25,26.420499801635742,370102,-0.007490384577368605
2020-11-26,26.47637176513672,45167,0.00211248728417938
2020-11-27,26.718473434448242,150832,0.009102511343961448
2020-11-30,27.097148895263672,975736,0.01407330044214031
2020-12-01,26.47637176513672,443907,-0.023175811786101654
2020-12-02,26.526037216186523,320986,0.0018740833309485545
2020-12-03,26.71226692199707,632719,0.006996108099881214
2020-12-04,27.028865814208984,464550,0.01178250397044161
2020-12-07,27.11577606201172,404495,0.0032103018667332135
2020-12-08,27.165437698364258,394474,0.0018297914423185669
2020-12-09,26.792966842651367,380390,-0.01380607062705826
2020-12-10,27.587566375732422,432563,0.029225755756124724
2020-12-11,27.177854537963867,388182,-0.01496270730145555
2020-12-14,27.23372459411621,342459,0.0020536097896314115
2020-12-15,27.121984481811523,304321,-0.004111445572459903
2020-12-16,27.513072967529297,408984,0.014316637849181685
2020-12-17,27.37029266357422,678427,-0.005203056497102507
2020-12-18,27.52549934387207,2259347,0.0056546080556570425
2020-12-21,26.643980026245117,689808,-0.032549589013292295
2020-12-22,26.588109970092773,564295,-0.0020991126469422066
2020-12-23,26.842634201049805,193827,0.009527329636389541
2020-12-24,27.30821990966797,130440,0.017196300575880282
2020-12-28,27.283388137817383,108117,-0.0009097285993687903
2020-12-29,26.836429595947266,574266,-0.01651774609510785
2020-12-30,27.215105056762695,776292,0.01401187436238876
2020-12-31,27.71172332763672,204479,0.01808339635247988
2021-01-04,28.50632667541504,529911,0.028270502766474734
2021-01-05,27.46341323852539,582229,-0.03727136007196554
2021-01-06,27.599987030029297,437727,0.004960611618651761
2021-01-07,27.804841995239258,432299,0.007394875224425818
2021-01-08,27.52549934387207,957409,-0.010097354110013843
2021-01-11,27.488248825073242,207472,-0.0013542260155527304
2021-01-12,26.830217361450195,4956637,-0.024229832057557476
2021-01-13,26.513620376586914,767487,-0.011870188411332926
2021-01-14,26.898494720458984,396042,0.014411749268329088
2021-01-15,26.81779670715332,273628,-0.0030046033287237117
2021-01-18,27.14061164855957,33113,0.011965467579589703
2021-01-19,26.228055953979492,785301,-0.03420151517844891
2021-01-20,26.792966842651367,2327740,0.021309746064120005
2021-01-21,26.439125061035156,768219,-0.013294498884240833
2021-01-22,26.519826889038086,713955,0.003047714786577297
2021-01-25,26.699844360351562,417355,0.006765098455207301
2021-01-26,26.3646297454834,1392210,-0.012634406715527817
2021-01-27,25.774883270263672,2755737,-0.022622828377355332
2021-01-28,25.371379852294922,977933,-0.015778739831225626
2021-01-29,25.389999389648438,879789,0.0007336104127443237
2021-02-02,25.5141544342041,446253,0.0048780023403721985
2021-02-03,25.377582550048828,2886493,-0.005367166463333618
2021-02-04,25.49553108215332,808366,0.004636977571176236
2021-02-05,25.88663101196289,4347329,0.015223473170170542
2021-02-08,26.7060604095459,849812,0.031163862984784328
2021-02-09,26.174299240112305,537981,-0.020112536988984245
2021-02-10,26.036312103271484,1404510,-0.005285801279348614
2021-02-11,26.042583465576172,1466412,0.0002408408345261664
2021-02-12,26.155485153198242,212877,0.004325901960525971
2021-02-15,26.048858642578125,53973,-0.004084972672399238
2021-02-16,26.09276008605957,242973,0.0016839313748169833
2021-02-17,26.268386840820312,716272,0.006708310405298864
2021-02-18,26.218210220336914,802846,-0.0019119790033508676
2021-02-19,26.130393981933594,224617,-0.003355058730455825
2021-02-22,25.860687255859375,1019650,-0.010375208171446448
2021-02-23,26.011219024658203,523842,0.005803996890226525
2021-02-24,26.619632720947266,695826,0.02312106986225305
2021-02-25,26.538089752197266,906818,-0.0030679656281686137
2021-02-26,26.826622009277344,1553594,0.010813702883621858
2021-03-01,26.97715187072754,1062444,0.005595527724219949
2021-03-02,26.770164489746094,649754,-0.007702278673328887
2021-03-03,26.588275909423828,407341,-0.006817638727036243
2021-03-04,26.738807678222656,859673,0.005645617892309653
2021-03-05,27.008512496948242,1139769,0.01003611274553608
2021-03-08,27.66084098815918,551321,0.023865636283648378
2021-03-09,27.629474639892578,481922,-0.001134605627593531
2021-03-10,27.69219398498535,202735,0.0022674432468632755
2021-03-11,27.309585571289062,531733,-0.013912807492226583
2021-03-12,27.560474395751953,159785,0.00914489880564833
2021-03-16,27.8991756439209,254404,0.012214482382073845
2021-03-17,27.698471069335938,319969,-0.00721992596085287
2021-03-18,27.6357479095459,346470,-0.0022670668462227094
2021-03-19,27.911727905273438,405068,0.00993680675976026
2021-03-22,27.554203033447266,261110,-0.012891871370095018
2021-03-23,27.761194229125977,455907,0.007484070333951697
2021-03-24,27.67337989807129,204455,-0.0031682178817492588
2021-03-25,27.598115921020508,306359,-0.0027234299508366033
2021-03-26,27.90545654296875,147950,0.01107473805993177
2021-03-29,27.78000831604004,97764,-0.004505608042174562
2021-03-30,27.798826217651367,359912,0.0006771607389137963
2021-03-31,27.54166030883789,460849,-0.009294018758855887
2021-04-05,27.911727905273438,369256,0.013347176870913892
2021-04-06,27.384857177734375,1067215,-0.019056752655096192
2021-04-07,27.554203033447266,328123,0.006164881285001001
2021-04-08,27.416217803955078,235289,-0.005020355209388231
2021-04-09,27.322128295898438,213146,-0.0034377947974849393
2021-04-12,27.340944290161133,145270,0.0006884353226290723
2021-04-13,27.46639060974121,163690,0.004577728104311798
2021-04-14,27.43503189086914,166970,-0.0011423646548311109
2021-04-15,27.45384979248047,335550,0.0006856726452235775
2021-04-16,27.529117584228516,83041,0.002737860190370199
2021-04-19,26.9457950592041,306503,-0.021417008067690292
2021-04-20,27.171594619750977,601783,0.00834485448063779
2021-04-21,27.09006118774414,465056,-0.003005197396047825
2021-04-22,26.970884323120117,621753,-0.004408989023635558
2021-04-23,27.42875862121582,484386,0.016834121926389375
2021-04-26,27.397396087646484,393747,-0.0011440721005056412
2021-04-27,27.177860260009766,332052,-0.0080452947537489
2021-04-28,27.42875862121582,293960,0.009189366854254626
2021-04-29,27.98699188232422,430071,0.020147778914225832
2021-04-30,27.570138931274414,425070,-0.01500656235298524
2021-05-03,28.103389739990234,176769,0.01915693613845901
2021-05-04,28.2113037109375,288289,0.0038325380615308324
2021-05-05,28.217653274536133,154996,0.0002250462870354429
2021-05-06,27.944686889648438,333891,-0.009720696591819539
2021-05-07,27.893898010253906,229960,-0.001819132540397958
2021-05-10,28.59219741821289,131591,0.024725907462271487
2021-05-11,28.509672164916992,115013,-0.0028904591515086973
2021-05-12,27.792329788208008,242191,-0.025483328179530192
2021-05-13,27.58283805847168,944431,-0.007566305884537019
2021-05-14,27.487611770629883,536364,-0.0034583477363086187
2021-05-17,27.893898010253906,452798,0.014672533489612965
2021-05-18,28.706470489501953,214896,0.028714594353789768
2021-05-19,28.31287384033203,242776,-0.013805942721227631
2021-05-20,28.623937606811523,368834,0.010926739783515375
2021-05-21,28.414443969726562,286435,-0.00734574065094773
2021-05-24,28.598543167114258,378987,0.006458171953439094
2021-05-25,28.73820686340332,275238,0.004871708718783261
2021-05-26,27.785974502563477,331694,-0.03369610794425267
2021-05-27,27.627273559570312,2061902,-0.00572792183983699
2021-05-28,28.433490753173828,374107,0.028764245017825072
2021-05-31,29.658689498901367,163818,0.04218744934214409
2021-06-01,29.093704223632812,210103,-0.019233350543152637
2021-06-02,28.90961265563965,363445,-0.006347643411596193
2021-06-03,28.268436431884766,203770,-0.022428295867125508
2021-06-04,28.433490753173828,131140,0.005821840479730191
2021-06-07,29.772960662841797,308448,0.046032919035350124
2021-06-08,29.56981658935547,306182,-0.006846490050312092
2021-06-09,29.303194046020508,223793,-0.009057609361940708
2021-06-10,29.43650245666504,140318,0.004538962488806367
2021-06-11,29.157188415527344,70564,-0.009534001108819204
2021-06-14,29.233356475830078,576215,0.002608919086038637
2021-06-15,28.90326499938965,1519186,-0.011355837862731989
2021-06-16,29.157188415527344,380709,0.008746918776693431
2021-06-17,29.201616287231445,297689,0.0015225767735738034
2021-06-18,28.693769454956055,448440,-0.017544053008949585
2021-06-21,28.858823776245117,217909,0.005735789285454647
2021-06-22,28.433490753173828,179005,-0.014848094053163357
2021-06-23,28.141477584838867,367262,-0.01032314361503875
2021-06-24,27.716150283813477,744654,-0.015229272626241373
2021-06-25,27.798675537109375,688503,0.002973090984764382
2021-06-28,27.919288635253906,282631,0.004329421877940361
2021-06-29,28.604888916015625,235152,0.024259845446899096
2021-06-30,28.179563522338867,354431,-0.014980626902179217
2021-07-01,28.2874813079834,92808,0.0038223327379972457
2021-07-02,28.147830963134766,95202,-0.004949051374674497
2021-07-05,28.058950424194336,48578,-0.0031626295201473225
2021-07-06,28.058950424194336,211645,0.0
2021-07-07,28.008163452148438,213749,-0.0018116497327992109
2021-07-08,27.938329696655273,94882,-0.0024964492975788465
2021-07-09,28.0906925201416,150741,0.00543872418359925
2021-07-12,28.623937606811523,233971,0.018805052582449164
2021-07-13,28.42714500427246,311614,-0.006898848331906871
2021-07-14,29.207971572875977,188464,0.027097172406639697
2021-07-15,29.061960220336914,591116,-0.005011560976447954
2021-07-16,29.10004997253418,363715,0.0013097813337705976
2021-07-19,28.24304962158203,389331,-0.02989249521779442
2021-07-20,28.59219741821289,60482,0.012286466831933048
2021-07-21,28.67472267150879,107815,0.0028821284711103173
2021-07-22,28.566801071166992,82250,-0.0037707496642123786
2021-07-23,28.560457229614258,90463,-0.00022209508271554338
2021-07-26,28.420799255371094,327138,-0.004901901520163982
2021-07-27,28.579498291015625,314501,0.00556837253620466
2021-07-28,28.56591796875,192150,-0.00047529000259764834
2021-07-29,28.379589080810547,464018,-0.006544135352031102
2021-07-30,28.006927490234375,924802,-0.013218302505100902
2021-08-02,27.91698455810547,237509,-0.0032166208115703594
2021-08-03,28.88716697692871,399454,0.03416217812985578
2021-08-04,28.578765869140625,140792,-0.010733457314327807
2021-08-05,28.861469268798828,174044,0.009843472320855752
2021-08-06,28.739389419555664,73543,-0.004238826809659586
2021-08-09,28.52094078063965,108813,-0.007630053754482937
2021-08-10,28.418140411376953,58296,-0.0036108935658209582
2021-08-11,29.073497772216797,305291,0.022799341599633517
2021-08-12,29.43330192565918,147490,0.012299722128534698
2021-08-13,29.04137420654297,124418,-0.013405241863905818
2021-08-16,28.70726776123047,103054,-0.011571187192570363
2021-08-17,28.797218322753906,171863,0.003128473655319164
2021-08-18,31.560001373291016,315681,0.09161174302964828
2021-08-19,28.989965438842773,173500,-0.08494078873361323
2021-08-20,29.48470687866211,203680,0.0169219672738621
2021-08-23,29.324073791503906,102669,-0.005462908253273886
2021-08-24,28.925716400146484,223780,-0.013677769498048817
2021-08-25,29.028522491455078,134945,0.003547840541478414
2021-08-26,28.70726776123047,286411,-0.011128558015371947
2021-08-27,28.668718338012695,171034,-0.0013437478512938934
2021-08-30,28.9706974029541,164371,0.010478309817556064
2021-08-31,29.91518211364746,598662,0.03208122975424923
2021-09-01,29.613204956054688,186192,-0.010145739295622052
2021-09-02,29.478281021118164,253711,-0.004566619612985904
2021-09-03,29.38832664489746,140192,-0.0030562130146459276
2021-09-06,29.324073791503906,60878,-0.002188732825315197
2021-09-07,28.7586612701416,177747,-0.019469826334957148
2021-09-08,28.52094078063965,133857,-0.00830040174285633
2021-09-09,29.195575714111328,306928,0.023378599453916415
2021-09-10,28.700843811035156,233671,-0.017090657739670893
2021-09-13,28.9706974029541,354659,0.009358361357887795
2021-09-14,28.912866592407227,166919,-0.001998177921226081
2021-09-15,28.713693618774414,190311,-0.0069125683019228895
2021-09-17,29.189146041870117,775886,0.016422790728282708
2021-09-20,28.687990188598633,278279,-0.017318354418712243
2021-09-21,28.56591796875,2073463,-0.004264247062093668
2021-09-22,29.079923629760742,275472,0.01783369865311403
2021-09-23,28.720117568969727,8692147,-0.012450188651342032
2021-09-24,28.713693618774414,261632,-0.0002236992492489133
2021-09-27,28.67514419555664,133537,-0.0013434469309339702
2021-09-28,28.585187911987305,495489,-0.0031420131272118794
2021-09-29,28.867895126342773,458044,0.009841403843273918
2021-09-30,28.797218322753906,19469991,-0.0024512858729220906
2021-10-01,28.450265884399414,170237,-0.012121290259921789
2021-10-04,28.54021453857422,453784,0.003156622937605845
2021-10-05,28.63016128540039,303448,0.0031466233952512084
2021-10-06,29.086341857910156,423902,0.015807959500870924
2021-10-07,30.6219425201416,445689,0.05144811576844174
2021-10-08,29.728853225708008,453582,-0.02959876450430993
2021-10-11,29.870203018188477,151294,0.004743365630727495
2021-10-12,29.060646057128906,579540,-0.027476539200202602
2021-10-13,30.075809478759766,489903,0.034336287105370164
2021-10-14,29.626049041748047,270239,-0.015067167315245766
2021-10-15,30.332815170288086,840718,0.023576125884372513
2021-10-18,30.17861557006836,483330,-0.00509655554691972
2021-10-19,30.19146728515625,594964,0.00042576437447839705
2021-10-20,30.197885513305664,433453,0.00021256158167489963
2021-10-21,30.782569885253906,895370,0.019176711160126182
2021-10-22,31.15522575378418,633039,0.012033375145318874
2021-10-25,30.853240966796875,274879,-0.009740191636063862
2021-10-26,31.058839797973633,382028,0.006641662965045616
2021-10-27,31.239704132080078,218529,0.0058063906742403144
2021-10-28,30.869277954101562,367213,-0.01192840577183194
2021-10-29,30.79779815673828,520566,-0.0023182493441882895
2021-11-01,30.765302658081055,146739,-0.0010556811221348497
2021-11-03,30.440353393554688,298169,-0.01061837544598273
2021-11-04,30.15441131591797,160486,-0.009437917665390564
2021-11-05,30.13491439819336,286123,-0.0006467784528468444
2021-11-08,30.882280349731445,303036,0.02449812163235355
2021-11-09,31.86359405517578,188744,0.0312815379252505
2021-11-10,31.57765007019043,118842,-0.00901451178255342
2021-11-11,31.818111419677734,228570,0.007586075063009629
2021-11-12,31.935081481933594,430466,0.0036694693452156446
2021-11-16,31.935081481933594,0,0.0
2021-11-17,31.935081481933594,0,0.0
2021-11-18,30.947256088256836,195658,-0.03142079957906862
2021-11-19,30.830284118652344,157370,-0.003786881413496895
2021-11-22,30.440353393554688,166680,-0.012728315072472875
2021-11-23,30.264888763427734,418972,-0.005780888521044353
2021-11-24,30.609331130981445,261014,0.011316647477514449
2021-11-25,30.271385192871094,11504,-0.011102018163758243
2021-11-26,30.173904418945312,184619,-0.0032254244809629337
2021-11-29,30.745805740356445,405495,0.0187761275116316
2021-11-30,31.343690872192383,759797,0.01925941246809303
2021-12-01,30.700302124023438,500928,-0.020740503011748315
2021-12-02,31.71411895751953,425969,0.0324894789887819
2021-12-03,33.696250915527344,859988,0.06062460766539017
2021-12-06,32.864402770996094,2149488,-0.02499649301125605
2021-12-07,32.50047302246094,467147,-0.011135445594010179
2021-12-08,31.681625366210938,796574,-0.02551777238529729
2021-12-09,32.5849609375,128304,0.02811398961410139
2021-12-10,32.79941940307617,183789,0.006559953111865387
2021-12-13,32.57197189331055,173732,-0.006958653412729627
2021-12-14,32.61745834350586,469711,0.0013955163409778474
2021-12-15,33.19584274291992,446831,0.017576972459238862
2021-12-16,32.55896759033203,2367870,-0.019371816777194163
2021-12-17,33.26734161376953,1660612,0.02152335071656029
2021-12-20,34.38512420654297,547271,0.03304785156113675
2021-12-21,33.39731216430664,351070,-0.029148612373811583
2021-12-22,34.235652923583984,351223,0.024792161584204137
2021-12-23,34.07968521118164,263939,-0.004566119048733569
2021-12-24,34.74905776977539,45797,0.019450991947004035
2021-12-27,36.328269958496094,317775,0.044443767804842424
2021-12-28,35.62639236450195,272938,-0.019509503168297526
2021-12-29,35.53540802001953,411916,-0.002557113326767128
2021-12-30,36.042327880859375,203602,0.014164413828827849
2021-12-31,36.93265914916992,97653,0.024402209151655804
2022-01-03,36.77668762207031,339739,-0.004232075489072694
2022-01-04,35.457427978515625,298829,-0.036531390926916825
2022-01-05,33.80023956298828,587147,-0.04786487485239864
2022-01-06,34.28764724731445,500890,0.01431726061793619
2022-01-07,34.12517166137695,258210,-0.004749866881675037
2022-01-10,33.29983139038086,460470,-0.024482950240838932
2022-01-11,33.29332733154297,623995,-0.00019533714824168349
2022-01-12,34.1706657409668,524195,0.02601055266466104
2022-01-13,35.41193771362305,677121,0.03568143770324876
2022-01-14,34.29414367675781,790459,-0.032074385533811915
2022-01-17,34.1706657409668,17559,-0.0036070521694368564
2022-01-18,33.585777282714844,172782,-0.017264866940895237
2022-01-19,33.917213439941406,424173,0.009819974406827709
2022-01-20,33.50779342651367,777035,-0.012144605231956115
2022-01-21,33.819740295410156,895021,0.009266613044955931
2022-01-24,33.02037811279297,450122,-0.023919774967176045
2022-01-25,31.987079620361328,376548,-0.031792830047579344
2022-01-26,32.7474365234375,3293374,0.023492625521923532
2022-01-27,33.36481475830078,4881759,0.018677209439386028
2022-01-28,32.62394714355469,311321,-0.022455300703361394
2022-01-31,33.713558197021484,505466,0.032853483175366516
2022-02-01,34.01581573486328,978508,0.008925508295639826
2022-02-02,34.6794319152832,181988,0.01932118588812489
2022-02-03,34.05522918701172,396053,-0.018163176440845853
2022-02-04,33.713558197021484,376604,-0.01008351774291882
2022-02-08,33.59529495239258,382855,-0.0035140508504784207
2022-02-09,33.98952865600586,471887,0.011666470489568669
2022-02-10,35.14594650268555,553041,0.0334567951516631
2022-02-11,34.35090637207031,321770,-0.02288088692848043
2022-02-14,33.94353103637695,361736,-0.011930112696429374
2022-02-15,33.42445373535156,759209,-0.01541051214316236
2022-02-16,33.74641036987305,741419,0.009586272392561468
2022-02-17,33.52958297729492,502103,-0.0064459291510892795
2022-02-18,32.88566207885742,283506,-0.019391363392392252
2022-02-21,32.780548095703125,83816,-0.0032014661011906323
2022-02-22,32.79368209838867,700003,0.0004005842789859476
2022-02-23,31.30873680114746,610976,-0.046338688261754656
2022-02-24,30.901357650756836,1094778,-0.013097069767167123
2022-02-25,32.31403732299805,656065,0.044701608007925
2022-02-28,32.373165130615234,474651,0.0018281150472290958
2022-03-01,32.39944839477539,606027,0.0008115548893952306
2022-03-02,32.89881896972656,385942,0.015295361749544753
2022-03-03,32.13663101196289,530612,-0.023440227013855466
2022-03-04,31.032773971557617,666756,-0.03495266163098514
2022-03-07,30.901357650756836,2140282,-0.004243751049253383
2022-03-08,31.847518920898438,753170,0.03015936025480844
2022-03-09,33.77269744873047,373524,0.05869322816873316
2022-03-10,33.877830505371094,456594,0.003108124783531662
2022-03-11,33.825260162353516,518115,-0.0015529676138699257
2022-03-14,33.66099548339844,279172,-0.004868102453878617
2022-03-15,33.6150016784668,853841,-0.0013673171424467086
2022-03-16,33.77269744873047,753598,0.004680262426663531
2022-03-17,33.83183288574219,858326,0.0017494523459170783
2022-03-18,31.564987182617188,8490308,-0.06935365486928428
2022-03-22,32.28117370605469,452177,0.022435697147144995
2022-03-23,31.788387298583984,342835,-0.015383159101392927
2022-03-24,31.407285690307617,389533,-0.012061149448586942
2022-03-25,31.959226608276367,450480,0.017421027511953353
2022-03-28,33.398170471191406,500696,0.04404020030525189
2022-03-29,34.692569732666016,793637,0.038024413111624675
2022-03-30,34.186641693115234,553916,-0.014690561283984181
2022-03-31,34.12093734741211,359969,-0.0019237796710102162
2022-04-01,34.88969039916992,235494,0.022280187205395464
2022-04-04,35.47447967529297,346329,0.01662217404264049
2022-04-05,35.54018020629883,196926,0.0018503376587477025
2022-04-06,36.269508361816406,686832,0.020313505014728738
2022-04-07,36.46662521362305,647682,0.0054200663322967295
2022-04-08,36.604610443115234,342392,0.0037767362839126015
2022-04-11,36.565189361572266,734324,-0.0010775233897693196
2022-04-12,35.921268463134766,1469117,-0.01776712110317829
2022-04-13,36.91999435424805,173178,0.02742370034396639
2022-04-18,36.801719665527344,332620,-0.0032086825915396172
2022-04-19,37.1302490234375,573419,0.00888740084067107
2022-04-20,36.867435455322266,532668,-0.007103321544040228
2022-04-21,36.519187927246094,225269,-0.009490834325950034
2022-04-22,36.83457946777344,56093,0.008599244326419248
2022-04-25,36.86086654663086,318135,0.0007133976763545402
2022-04-26,35.99354553222656,900136,-0.02381082948791541
2022-04-27,36.20404052734375,458168,0.0058310977703741945
2022-04-28,35.659332275390625,1155202,-0.015159841871487549
2022-04-29,36.38340377807617,745614,0.02010184299863129
2022-05-02,35.732398986816406,163293,-0.018054918637901953
2022-05-03,35.53311538696289,225084,-0.005592722400058963
2022-05-04,36.09776306152344,214170,0.015765808894498592
2022-05-05,35.99811935424805,312433,-0.0027642014324006925
2022-05-06,35.592899322509766,89826,-0.011320536200895136
2022-05-09,34.77581787109375,249166,-0.023223904259219833
2022-05-10,34.85552978515625,442016,0.0022895420400837925
2022-05-11,33.87902069091797,578940,-0.02841583437239049
2022-05-12,32.90250778198242,470576,-0.029247084896585736
2022-05-13,33.48044204711914,2299321,0.017412569610320918
2022-05-16,34.184593200683594,314335,0.020813602505745887
2022-05-17,34.7027473449707,474113,0.015043806666521694
2022-05-18,34.21116638183594,727060,-0.01426676485423378
2022-05-19,34.56988525390625,786846,0.010430841517864354
2022-05-20,34.523380279541016,516447,-0.0013461509172828998
2022-05-23,34.53667068481445,403027,0.00038489416824706644
2022-05-24,34.40381622314453,348243,-0.003854182994296979
2022-05-25,34.297515869140625,225257,-0.003094567036686842
2022-05-26,33.99195098876953,223706,-0.00894916694352621
2022-05-27,34.47024154663086,502319,0.013972626983836972
2022-05-30,34.41045379638672,109960,-0.0017359803051126836
2022-05-31,34.177947998046875,598032,-0.006779766924289414
2022-06-01,33.872371673583984,512374,-0.00898095350187483
2022-06-02,34.01852035522461,664662,0.004305405424215697
2022-06-03,33.48044204711914,158939,-0.015943643789127823
2022-06-06,33.440582275390625,127301,-0.0011912482465922622
2022-06-07,33.48044204711914,160400,0.0011912482465923498
2022-06-08,34.72931671142578,401378,0.03662274340546525
2022-06-09,34.17131042480469,260533,-0.016197776711451513
2022-06-10,33.69966125488281,407878,-0.013898630023192304
2022-06-13,32.935726165771484,486805,-0.022929815222163325
2022-06-14,31.547348022460938,683504,-0.04306844118783274
2022-06-15,32.42420959472656,656134,0.02741582437596406
2022-06-16,32.82943344116211,454154,0.012420120523580814
2022-06-17,35.85862731933594,1822455,0.088258714550119
2022-06-20,35.06146240234375,170726,-0.02248159852156241
2022-06-21,34.0384521484375,1227656,-0.029611758920712734
2022-06-22,33.958740234375,606390,-0.00234456593820409
2022-06-23,33.85244369506836,452947,-0.0031350765525739225
2022-06-24,34.57653045654297,1750101,0.02116395277196692
2022-06-27,35.433467864990234,354422,0.024481652024292297
2022-06-28,35.06146240234375,388673,-0.010554203384768595
2022-06-29,34.66288375854492,383650,-0.011433107872688595
2022-06-30,35.034889221191406,521302,0.010674917701307667
2022-07-01,34.676170349121094,324312,-0.010291682281967893
2022-07-04,34.828956604003906,56038,0.0043964095218128425
2022-07-05,34.86882400512695,2273957,0.001144007890141575
2022-07-06,37.03441619873047,384202,0.06025451283912253
2022-07-07,36.934776306152344,3687501,-0.0026940932966983736
2022-07-08,36.3701286315918,225145,-0.015405758800552359
2022-07-11,36.8617057800293,541227,0.013425432694553983
2022-07-12,37.86479187011719,389922,0.026848477483959396
2022-07-13,38.196929931640625,1109943,0.008733438180167077
2022-07-14,38.177005767822266,258344,-0.0005217529799368703
2022-07-15,38.196929931640625,568455,0.0005217529799368878
2022-07-18,38.27001190185547,43124,0.0019114663334026784
2022-07-19,37.94449996948242,347462,-0.008542045436441808
2022-07-20,37.738563537597656,107025,-0.005442087848937471
2022-07-21,37.55257034301758,213047,-0.004940650069538232
2022-07-22,37.20049285888672,121985,-0.009419816993512973
2022-07-25,36.95470428466797,305144,-0.006629055919785845
2022-07-26,37.43963623046875,596255,0.013036981329296744
2022-07-27,37.77290344238281,187589,0.008862069928538547
2022-07-28,37.77290344238281,1305793,0.0
2022-07-29,38.11543273925781,472505,0.009027253467478966
2022-08-01,37.013954162597656,465323,-0.02932427781701353
2022-08-02,36.993804931640625,327827,-0.0005445167290966009
2022-08-03,36.17441177368164,361037,-0.022398452535704733
2022-08-04,36.94007873535156,812568,0.020945094397831775
2022-08-05,37.598270416259766,695961,0.01766094356259235
2022-08-08,37.33633804321289,208352,-0.00699098708155376
2022-08-09,37.1885871887207,643161,-0.003965144483275133
2022-08-10,37.43708801269531,676856,0.006659952940427932
2022-08-11,37.5579833984375,1024860,0.0032240916153724293
2022-08-12,37.584842681884766,409475,0.0007148861971854732
2022-08-15,36.75872802734375,525243,-0.02222515415493037
2022-08-16,36.93336486816406,178066,0.004739644672362746
2022-08-17,37.41022491455078,1231500,0.01282872101663116
2022-08-18,36.5572395324707,311417,-0.023064821886560866
2022-08-19,37.645294189453125,942520,0.02932871950033595
2022-08-22,37.68558883666992,642285,0.001069804293834286
2022-08-23,37.000518798828125,948415,-0.018345828264234365
2022-08-24,36.691566467285156,277045,-0.00838500201435581
2022-08-25,36.76544189453125,395874,0.0020113928895309774
2022-08-26,36.83932876586914,118806,0.0020076659567872506
2022-08-29,35.68411636352539,485397,-0.031860320977623
2022-08-30,35.892311096191406,546848,0.005817426971599615
2022-08-31,35.00576400756836,1348470,-0.025010363101112237
2022-09-01,34.73710632324219,380510,-0.007704271760441975
2022-09-02,34.716949462890625,537197,-0.0005804372599793773
2022-09-05,35.34828567504883,19506,0.018021870571009728
2022-09-06,34.878143310546875,542145,-0.013389528562922148
2022-09-07,33.94456481933594,683432,-0.0271316193467399
2022-09-08,34.69680404663086,415092,0.021918832806932617
2022-09-09,34.9318733215332,583362,0.006752107805951197
2022-09-12,35.34828567504883,629343,0.011850207296778293
2022-09-13,34.55663299560547,217619,-0.022650381117220987
2022-09-14,34.38825988769531,435846,-0.004884290499221659
2022-09-15,36.22688293457031,3559215,0.05208624193117261
2022-09-19,35.654422760009766,619710,-0.015928265971256673
2022-09-20,36.125858306884766,1508307,0.01313570575571837
2022-09-21,36.327903747558594,955177,0.005577238742974397
2022-09-22,36.42893600463867,1345568,0.002777259770053383
2022-09-23,35.459110260009766,559735,-0.02698319506252166
2022-09-26,34.644187927246094,593961,-0.02325023398184197
2022-09-27,35.007869720458984,726153,0.010442910391458587
2022-09-28,34.462345123291016,442791,-0.015705603095608613
2022-09-29,34.098670959472656,844896,-0.010608873540582363
2022-09-30,34.334381103515625,418488,0.006888807939588514
2022-10-03,34.536434173583984,501873,0.005867613123503957
2022-10-04,34.5970458984375,974969,0.0017534699633345334
2022-10-05,34.50948715209961,394119,-0.002534023610389827
2022-10-06,34.42866897583008,1255797,-0.002344658396254735
2022-10-07,33.55314254760742,751431,-0.025759091134142213
2022-10-10,32.495765686035156,622519,-0.032020732355927
2022-10-11,32.32740020751953,999440,-0.005194620003313175
2022-10-12,32.77190399169922,1319570,0.01365638843126171
2022-10-13,32.75168991088867,665313,-0.0006170016095843166
2022-10-14,32.199424743652344,607596,-0.017005973795672865
2022-10-17,32.50923156738281,630213,0.009575509941979914
2022-10-18,32.34759521484375,1330236,-0.00498441552585205
2022-10-19,31.579818725585938,1437519,-0.02402141305702841
2022-10-20,33.12210464477539,1107349,0.04768260489008465
2022-10-21,33.452117919921875,1970752,0.009914227025550653
2022-10-24,33.3780403137207,1098639,-0.0022168924478899485
2022-10-25,33.91008758544922,2077325,0.015814330900210057
2022-10-26,34.148441314697266,1386538,0.007004403639098091
2022-10-27,34.79597091674805,1963452,0.01878465917027462
2022-10-28,34.162078857421875,562770,-0.01838537827264917
2022-10-31,34.68010330200195,1247470,0.015049907077090662
2022-11-01,35.38215637207031,1756872,0.02004150514631591
2022-11-03,36.02967834472656,1475219,0.01813536151696964
2022-11-04,36.77262878417969,1002177,0.02041078810148229
2022-11-07,36.81352233886719,1809232,0.0011114471479509965
2022-11-08,36.81352233886719,1148426,0.0
2022-11-09,36.26142501831055,730008,-0.01511072797735873
2022-11-10,38.013145446777344,890946,0.047177528152312624
2022-11-11,39.60130310058594,1032442,0.04092999158412126
2022-11-14,38.851531982421875,2138609,-0.01911451499632027
2022-11-15,39.2604866027832,397978,0.010471073833686385
2022-11-16,39.15142822265625,320961,-0.0027816805823937946
2022-11-17,39.05601119995117,388840,-0.00244010213741938
2022-11-18,39.60130310058594,929863,0.013865223882447129
2022-11-22,39.6353759765625,1748370,0.0008600279182207814
2022-11-23,39.778507232666016,1452772,0.003604694930018498
2022-11-24,39.41044235229492,111294,-0.009295931637014828
2022-11-25,40.26244354248047,492732,0.02138829690981573
2022-11-28,39.96253967285156,1406347,-0.007476605283057197
2022-11-29,40.01025390625,1119030,0.0011932617812789395
2022-11-30,40.20111083984375,2056893,0.0047588591563897525
2022-12-01,40.214744567871094,526025,0.0003390805976967097
2022-12-02,40.40558624267578,447870,0.0047343400689606316
2022-12-05,39.45815658569336,476948,-0.0237272652625351
2022-12-06,38.619781494140625,727611,-0.021476164336923825
2022-12-07,39.40361785888672,1236841,0.02009301677562228
2022-12-08,40.20111083984375,521353,0.020036992157179207
2022-12-09,39.53313064575195,538521,-0.016755557197345554
2022-12-13,39.12416458129883,1082607,-0.01039877480009851
2022-12-14,38.169918060302734,1333108,-0.024692576026997887
2022-12-15,37.67916488647461,1469482,-0.012940433898257157
2022-12-16,36.97029495239258,5886471,-0.01899253508065519
2022-12-19,37.576927185058594,756102,0.01627547227554112
2022-12-20,38.41529846191406,906488,0.0220655543528525
2022-12-21,37.7882194519043,1137969,-0.01645837836057588
2022-12-22,37.91090774536133,770422,0.0032414746490467498
2022-12-23,38.163108825683594,1244166,0.006630437451385079
2022-12-26,37.69961166381836,61431,-0.012219517733585854
2022-12-27,37.82231140136719,715712,0.0032493835042644464
2022-12-28,36.67039108276367,1318812,-0.030929530260322885
2022-12-29,38.05404281616211,780980,0.03703768180941701
2022-12-30,37.84956359863281,392835,-0.00538787870151856
2023-01-02,37.897274017333984,17530,0.0012597337793158016
2023-01-03,38.66067123413086,269123,0.01994365228878164
2023-01-04,40.6373291015625,900794,0.04986424405801554
2023-01-05,41.01903533935547,448070,0.009349155346541675
2023-01-06,41.50979232788086,330454,0.011893123579577685
2023-01-09,40.84181213378906,452171,-0.016222995256097175
2023-01-10,41.14853286743164,1303236,0.0074819093507293094
2023-01-11,40.930423736572266,651405,-0.005314630040708314
2023-01-12,41.3121223449707,605816,0.009282332982889512
2023-01-13,41.10764694213867,380160,-0.004961814965248234
2023-01-16,41.16898727416992,39991,0.0014910756615260424
2023-01-17,41.100830078125,318655,-0.0016569189973080483
2023-01-18,40.930423736572266,321620,-0.00415467468185945
2023-01-19,41.40073776245117,493331,0.01142505785711476
2023-01-20,41.755165100097656,442026,0.008524457595646955
2023-01-23,42.36861038208008,524348,0.0145846082703095
2023-01-24,41.35983657836914,281549,-0.02409748789511155
2023-01-25,41.036468505859375,436814,-0.007849131884558729
2023-01-26,42.07527160644531,748001,0.024999048241015707
2023-01-27,42.1027946472168,426385,0.0006539243053961175
2023-01-30,41.848243713378906,633362,-0.006064289826876165
2023-01-31,42.247257232666016,984933,0.009489604298538783
2023-02-01,43.203521728515625,569279,0.02238257929487453
2023-02-02,43.29294967651367,557479,0.0020677833074466503
2023-02-03,43.251678466796875,222524,-0.0009537556225207659
2023-02-07,42.343570709228516,506272,-0.021219444773801784
2023-02-08,42.0821533203125,364443,-0.006192857151042062
2023-02-09,43.58189392089844,1132542,0.035018047879116346
2023-02-10,43.84331512451172,1308028,0.005980471436877444
2023-02-13,45.52192306518555,964791,0.03757177702783151
2023-02-14,46.546974182128906,2455151,0.022267964627671576
2023-02-15,46.43002700805664,1977205,-0.00251561642661205
2023-02-16,44.441837310791016,3910073,-0.04376507618178648
2023-02-17,45.164188385009766,530823,0.016123172897702175
2023-02-20,45.680152893066406,113834,0.011359431946597805
2023-02-21,45.116031646728516,394165,-0.012426260158396131
2023-02-22,44.77204895019531,5260545,-0.007653614881831838
2023-02-23,44.68262481689453,1877049,-0.001999317851660254
2023-02-24,44.9302864074707,1684639,0.005527378091763902
2023-02-27,45.68703079223633,395436,0.01670236993174797
2023-02-28,46.017250061035156,1475021,0.0072018600006326355
2023-03-01,46.06541061401367,308068,0.0010460287966659538
2023-03-02,45.41873550415039,327412,-0.014137660094459879
2023-03-03,46.36811065673828,871571,0.020687256402048167
2023-03-06,45.90717697143555,502812,-0.009990486747935
2023-03-07,45.08163070678711,346112,-0.018146603739570697
2023-03-08,45.137393951416016,233864,0.0012361750072401641
2023-03-09,46.14802932739258,406284,0.022143221427667236
2023-03-10,45.50679397583008,447929,-0.013992625612007089
2023-03-13,45.31861114501953,493703,-0.004143842790259375
2023-03-14,45.56952667236328,261992,0.005521428226464978
2023-03-15,45.30466842651367,174029,-0.00582913544434085
2023-03-16,45.834388732910156,336549,0.011624572121223642
2023-03-17,44.68434143066406,2542677,-0.025411518388924786
2023-03-21,45.200111389160156,606570,0.011476414512764783
2023-03-22,46.099246978759766,358976,0.01969706415495213
2023-03-23,46.36410140991211,463928,0.005728867927514342
2023-03-24,46.5941047668457,231243,0.004948542700096215
2023-03-27,47.723243713378906,384480,0.02394454281627338
2023-03-28,46.454715728759766,711832,-0.026940586003273148
2023-03-29,45.8204460144043,566510,-0.013747571759596707
2023-03-30,46.168941497802734,2083969,0.007576899032915503
2023-03-31,45.23497009277344,1145921,-0.020436847740844682
2023-04-03,45.458003997802734,196685,0.004918448355803888
2023-04-04,44.140682220458984,1413514,-0.029407054139008126
2023-04-05,42.80245590209961,389424,-0.03078637471022329
2023-04-10,43.6737060546875,314743,0.020150747068078963
2023-04-11,44.34979248046875,387537,0.015361800712243771
2023-04-12,46.34318923950195,468698,0.043966309628735205
2023-04-13,47.437477111816406,1275552,0.02333823342361176
2023-04-14,44.96314239501953,321618,-0.05356947639369512
2023-04-17,43.79218673706055,405444,-0.026387679799396886
2023-04-18,44.2522087097168,439557,0.010449868080854999
2023-04-19,44.23129653930664,286279,-0.0004726795291543741
2023-04-20,44.88646697998047,432014,0.014703740730128818
2023-04-21,45.30466842651367,609830,0.009273737198919578
2023-04-24,45.49285125732422,529440,0.004145115437335814
2023-04-25,44.88646697998047,376878,-0.013418852636255434
2023-04-26,45.158302307128906,311090,0.0060377999769181505
2023-04-27,44.733131408691406,256388,-0.009459723834429858
2023-04-28,43.14398956298828,694932,-0.036171305771789584
2023-05-02,42.57942199707031,2164077,-0.013172031267517887
2023-05-03,43.00458526611328,499554,0.009935659247912383
2023-05-04,41.610599517822266,862649,-0.032951813190508564
2023-05-05,40.98329544067383,59000688,-0.015190375507091866
2023-05-08,40.913604736328125,1717826,-0.001701913528271024
2023-05-09,41.01118469238281,2884045,0.0023821849987224674
2023-05-10,41.29695129394531,1577133,0.00694385181666417
2023-05-11,40.913604736328125,5602719,-0.009326036815386718
2023-05-12,41.12270736694336,818277,0.0050978177369547005
2023-05-15,41.22724151611328,1171602,0.0025387800899653455
2023-05-16,40.920570373535156,418764,-0.007466359971781922
2023-05-17,40.94845199584961,770271,0.0006811275519228229
2023-05-18,41.018150329589844,1180151,0.0017006524257788102
2023-05-19,41.387550354003906,1086491,0.008965459809080076
2023-05-22,41.72211456298828,620592,0.00805119396327698
2023-05-23,40.46055603027344,528886,-0.030703739122758752
2023-05-24,41.46422576904297,922506,0.02450345145303144
2023-05-25,41.812721252441406,708014,0.008369603598850018
2023-05-26,41.99393844604492,539781,0.004324655741970114
2023-05-29,42.307586669921875,24792,0.0074411387144796256
2023-05-30,41.38058853149414,598289,-0.022154529045452037
2023-05-31,41.35271072387695,1174668,-0.0006739199070555207
2023-06-01,41.86848449707031,467410,0.012395409022799954
2023-06-02,42.27970504760742,382122,0.009773800870078361
2023-06-05,42.80245590209961,367498,0.012288297022230782
2023-06-06,42.36335372924805,412285,-0.010311792153880742
2023-06-07,43.07428741455078,585551,0.016642549698593773
2023-06-08,42.6142692565918,469974,-0.010737083112438959
2023-06-09,42.203033447265625,182076,-0.009697055168823248
2023-06-12,42.335472106933594,376402,0.0031332176301480637
2023-06-13,42.516693115234375,1224671,0.004271459269498907
2023-06-14,43.13701248168945,698090,0.01448460886883063
2023-06-15,44.245243072509766,723906,0.02536647762541486
2023-06-16,44.635555267333984,2887034,0.00878288024264765
2023-06-19,44.08492660522461,269975,-0.012412821040990627
2023-06-20,44.09189987182617,1568127,0.00015816551569612587
2023-06-21,43.45762634277344,409908,-0.014489732925061423
2023-06-22,43.56218338012695,567611,0.00240306403799462
2023-06-23,42.872154235839844,1846331,-0.015966890544161675
2023-06-26,44.01523208618164,675102,0.02631322801216198
2023-06-27,44.01523208618164,1375339,0.0
2023-06-28,43.93855667114258,516897,-0.0017435390912972056
2023-06-29,44.80980682373047,2001335,0.019634799084694305
2023-06-30,44.161590576171875,808488,-0.0145715979783929
2023-07-03,46.00166702270508,954608,0.04082221565413618
2023-07-04,45.92499542236328,394811,-0.0016681040316522187
2023-07-05,45.862266540527344,3471221,-0.0013668321782448608
2023-07-06,45.8204460144043,1550994,-0.0009122882135165713
2023-07-07,45.56952667236328,2333960,-0.005491192636688838
2023-07-10,45.34648895263672,807929,-0.004906465942946352
2023-07-11,45.43012619018555,965009,0.0018427049980552315
2023-07-12,44.55888748168945,861919,-0.019363828892572762
2023-07-13,44.02219772338867,1202885,-0.012117628141442136
2023-07-14,42.71882247924805,710733,-0.030054369833430596
2023-07-17,41.8196907043457,1445502,-0.021272332489771117
2023-07-18,42.25880813598633,614951,0.010445510572081552
2023-07-19,42.44001770019531,2536292,0.004278922143324879
2023-07-20,43.47157669067383,1716910,0.024015584310202145
2023-07-21,43.694610595703125,996128,0.005117452046778401
2023-07-24,43.26945114135742,997527,-0.009777897517882278
2023-07-25,43.35307312011719,962587,0.001930721955959908
2023-07-26,43.5896110534668,798495,0.005441251767190366
2023-07-27,43.800331115722656,941336,0.0048225337015972555
2023-07-28,43.54747009277344,403736,-0.005789767476803055
2023-07-31,43.67388916015625,1402471,0.0028988118734154483
2023-08-01,43.86354064941406,2100690,0.004333044422258589
2023-08-02,42.73271179199219,1121504,-0.026118754828875494
2023-08-03,42.1427116394043,1316475,-0.013902956409275365
2023-08-04,43.39997100830078,650896,0.029397018440392043
2023-08-07,43.259490966796875,833478,-0.0032421194721247567
2023-08-08,42.7537841796875,844675,-0.01175894333419977
2023-08-09,42.50794982910156,874512,-0.005766597048116149
2023-08-10,42.07247543334961,564974,-0.01029737654757534
2023-08-11,42.269142150878906,375066,0.004663583165806146
2023-08-14,42.64139175415039,306194,0.008768099104177625
2023-08-15,43.37889862060547,403553,0.01714769700836586
2023-08-16,42.901275634765625,536029,-0.01107155540295249
2023-08-17,42.564144134521484,707196,-0.00788934869312847
2023-08-18,43.9408073425293,668782,0.03183122866174289
2023-08-21,44.692352294921875,222283,0.016958956846336228
2023-08-22,44.249855041503906,1499734,-0.009950301832608999
2023-08-23,44.39031982421875,968696,0.0031693281405217816
2023-08-24,42.47283172607422,538926,-0.04415680567428149
2023-08-25,42.36747360229492,962293,-0.0024836821963695093
2023-08-28,42.69057083129883,974662,0.007597136406247719
2023-08-29,42.68354415893555,2213452,-0.0001646089656085979
2023-08-30,42.69758605957031,2060956,0.00032892281293141987
2023-08-31,41.97414016723633,1888656,-0.017088667721756063
2023-09-01,42.11460876464844,1292881,0.003340963680777872
2023-09-04,42.25509262084961,507318,0.0033301999112800287
2023-09-05,42.1427116394043,1193605,-0.002663127289857778
2023-09-06,42.13568878173828,523200,-0.00016665854233533035
2023-09-07,42.1427116394043,1097007,0.0001666585423353324
2023-09-08,42.009254455566406,932880,-0.003171816462933998
2023-09-11,41.946048736572266,662760,-0.001505699545644966
2023-09-12,42.68354415893555,2584542,0.017429224615203305
2023-09-13,42.205936431884766,1083907,-0.011252578371177432
2023-09-14,42.009254455566406,1237971,-0.0046709466983809985
2023-09-15,41.66509246826172,3686025,-0.008226271032545715
2023-09-18,41.889854431152344,647037,0.005379992767940507
2023-09-19,42.25509262084961,1593298,0.00868122201739689
2023-09-20,42.711631774902344,1278184,0.010746408100833073
2023-09-21,42.276161193847656,721681,-0.010247928012498138
2023-09-22,43.062828063964844,778636,0.01843680503381349
2023-09-25,42.585208892822266,827436,-0.011153183170634042
2023-09-26,43.32270812988281,2600578,0.017169950823454683
2023-09-27,42.73271179199219,1355407,-0.013712223655551801
2023-09-28,42.50092697143555,1432743,-0.00543882427840292
2023-09-29,42.18486022949219,2117120,-0.007464492448058601
2023-10-02,42.304256439208984,946945,0.0028263116932188905
2023-10-03,41.580814361572266,1965917,-0.017248838376800447
2023-10-04,42.17782974243164,1693438,0.014255853784005804
2023-10-05,43.54747009277344,2553387,0.031956888159238805
2023-10-06,45.24020004272461,1779832,0.03813446345231422
2023-10-09,44.83281707763672,1776178,-0.009045677738496835
2023-10-10,45.0856819152832,1738343,0.005624326630271854
2023-10-11,44.76960754394531,2226217,-0.0070352157762699884
2023-10-12,43.9408073425293,3517399,-0.018686065627908567
2023-10-13,42.978546142578125,2093113,-0.022142376265302792
2023-10-16,42.91532897949219,1165812,-0.0014719832912570992
2023-10-17,43.062828063964844,2191939,0.0034310860861788673
2023-10-18,45.19103240966797,5090453,0.04823850207225235
2023-10-19,45.66865158081055,3303263,0.010513432350151116
2023-10-20,45.6616325378418,2873927,-0.00015370680273919893
2023-10-23,46.04091262817383,1016461,0.008272011477254104
2023-10-24,46.70817565917969,1372819,0.014388810837520211
2023-10-25,46.57472229003906,1871659,-0.002861263170874018
2023-10-26,46.146270751953125,1852697,-0.00924180325429628
2023-10-27,45.61246109008789,1182212,-0.011635201867018824
2023-10-30,45.95207977294922,1291707,0.007418160721787608
2023-10-31,45.82464599609375,1259725,-0.002777040860514463
2023-11-01,45.77509307861328,1274813,-0.0010819446171993529
2023-11-03,48.56435775756836,2883163,0.059149758425694504
2023-11-06,48.281185150146484,2458516,-0.005847939015535483
2023-11-07,49.024513244628906,1339038,0.015278499952978359
2023-11-08,49.44219970703125,1460440,0.008483861300100556
2023-11-09,48.69886779785156,917945,-0.015148523301590259
2023-11-10,49.010353088378906,1202541,0.006375781996280703
2023-11-13,48.8829345703125,948367,-0.0026032140317386386
2023-11-14,49.26520919799805,1379931,0.007789786868434207
2023-11-15,50.32712173461914,3535070,0.02132599513809473
2023-11-16,50.022705078125,3532550,-0.0060671273675556745
2023-11-17,50.843910217285156,2378404,0.01628335166632653
2023-11-21,50.886383056640625,5770268,0.0008350087364618798
2023-11-22,50.553653717041016,4200809,-0.006560142197199672
2023-11-23,51.64387893676758,2068621,0.021336455998646774
2023-11-24,51.75006103515625,2178904,0.0020539334461225174
2023-11-27,50.78020095825195,2383271,-0.01891907787024592
2023-11-28,49.56254196166992,4696138,-0.02427118766162616
2023-11-29,49.89527893066406,6904254,0.00669104163745258
2023-11-30,52.04739761352539,105723572,0.04222840831845627
2023-12-01,53.30752944946289,3841699,0.02392279067099039
2023-12-04,54.26324462890625,2923753,0.017769516584977264
2023-12-05,53.810157775878906,2111997,-0.008384847658910717
2023-12-06,54.503929138183594,2905835,0.012810537759943393
2023-12-07,55.47380065917969,2967720,0.017638055752808492
2023-12-08,56.202980041503906,2529782,0.013058932041433699
2023-12-11,56.0684700012207,2291684,-0.002396158677746023
2023-12-13,56.627742767333984,2732656,0.009925397556732074
2023-12-14,56.50031661987305,4557197,-0.0022527779941053203
2023-12-15,56.592342376708984,6088693,0.0016274403301464277
2023-12-18,56.35872268676758,1670640,-0.004136659055860829
2023-12-19,56.28084945678711,1705227,-0.0013826977660758213
2023-12-20,53.75352096557617,2306503,-0.045945154337834866
2023-12-21,55.03489303588867,1429882,0.023558231709629732
2023-12-22,55.8985710144043,730292,0.015571413677470267
2023-12-26,55.8843994140625,523015,-0.0002535556241420062
2023-12-27,56.42243194580078,1202002,0.009581548004477759
2023-12-28,56.71977233886719,739302,0.005256059478019553
2023-12-29,56.98878860473633,829593,0.004731688899251455
2024-01-02,56.13218688964844,784881,-0.015145167992865706
2024-01-03,54.34111022949219,1421070,-0.032428354396235384
2024-01-04,54.19244384765625,1119883,-0.0027395486323105577
2024-01-05,54.348182678222656,1033834,0.002869689303047193
2024-01-08,54.39774703979492,1072421,0.0009115626696631044
2024-01-09,53.66149139404297,1638711,-0.013627100279675444
2024-01-10,54.00130081176758,725184,0.006312497365986875
2024-01-11,53.788917541503906,623261,-0.00394068308515506
2024-01-12,53.350006103515625,812249,-0.008193360142866292
2024-01-15,54.21367645263672,108058,0.016059117536520787
2024-01-16,53.60485076904297,713198,-0.011293646285068962
2024-01-17,51.74298858642578,2432074,-0.035350626690628974
2024-01-18,51.89873123168945,1342369,0.0030054067563789143
2024-01-19,53.07390213012695,2093252,0.022390978650932692
2024-01-22,52.344730377197266,803778,-0.01383405124279669
2024-01-23,53.86679458618164,887941,0.02866296128127668
2024-01-24,52.55003356933594,1632912,-0.024748496029246034
2024-01-25,52.64206314086914,1486203,0.001749743524298486
2024-01-26,51.67927169799805,1915932,-0.018458712810540914
2024-01-29,50.553653717041016,1996049,-0.022021544720725487
2024-01-30,50.17408752441406,1934019,-0.0075365134674902174
2024-01-31,51.54273986816406,5533847,0.02691265518966891
2024-02-01,50.960330963134766,3487252,-0.011363858035674418
2024-02-02,51.63737869262695,1392238,0.013198297699489452
2024-02-06,52.853145599365234,3125133,0.023271426418223964
2024-02-07,53.260826110839844,2289182,0.007683861243695343
2024-02-08,52.678428649902344,2752130,-0.010995042950927696
2024-02-09,52.78034591674805,1310017,0.001932836769506048
2024-02-12,53.28995132446289,607808,0.009608897909994522
2024-02-13,51.76842498779297,2496063,-0.028967375709506814
2024-02-14,52.43817901611328,3749221,0.012854526009080415
2024-02-15,52.21977996826172,921105,-0.0041735834902884164
2024-02-16,52.474578857421875,606676,0.004867490380297616
2024-02-19,53.72676086425781,428251,0.023582377411762206
2024-02-20,52.51826095581055,1344460,-0.022750280651892055
2024-02-21,52.57651138305664,848006,0.0011085315076056611
2024-02-22,54.236351013183594,1166399,0.031081898181534024
2024-02-23,54.2581901550293,1644977,0.0004025850868719701
2024-02-26,54.71683883666992,866706,0.008417550222583932
2024-02-27,53.98883056640625,1158762,-0.013394318041054952
2024-02-28,52.96234893798828,1374567,-0.019195920102926204
2024-02-29,55.18275833129883,7298713,0.04106929171736909
2024-03-01,55.13908004760742,869258,-0.0007918339037024503
2024-03-04,68.49491882324219,1093434,0.21690084323644293
2024-03-05,65.13713836669922,2810896,-0.05026469637901943
2024-03-06,66.2288818359375,3144017,0.01662178093452027
2024-03-07,66.96280670166016,3743216,0.01102069208736702
2024-03-08,66.12796020507812,10289842,-0.012545685413918917
2024-03-11,66.69676208496094,3272285,0.008564751306964385
2024-03-12,65.6417236328125,2363099,-0.015944882533843893
2024-03-13,66.79766845703125,3829133,0.01745665183955413
2024-03-14,65.13713836669922,2766287,-0.025173308220642794
2024-03-15,64.84356689453125,9873137,-0.004517162309061651
2024-03-19,64.26559448242188,1503424,-0.008953296061542718
2024-03-20,63.55916976928711,2277321,-0.01105313057837709
2024-03-21,63.825218200683594,1886260,0.004177102429500241
2024-03-22,64.83438873291016,1258454,0.01568777105912231
2024-03-25,64.74264526367188,632065,-0.001416045447851795
2024-03-26,64.40319061279297,2450823,-0.005256931906785566
2024-03-27,66.53162384033203,1856048,0.0325142055366084
2024-04-01,66.0637435913086,2258173,-0.0070572931769446665
2024-04-02,66.32061767578125,743066,0.00388073643130357
2024-04-03,64.17383575439453,620111,-0.03290523948958515
2024-04-04,63.9261474609375,1285940,-0.00386711373276655
2024-04-05,63.49495315551758,1602706,-0.006768046254337286
2024-04-08,66.3664779663086,1696118,0.04423165422352844
2024-04-09,66.23804473876953,1841576,-0.0019370872890177903
2024-04-10,64.78852081298828,3952901,-0.022126552090792576
2024-04-11,63.77934265136719,1501932,-0.01569908469015197
2024-04-12,63.293113708496094,1648424,-0.0076528199709637815
2024-04-15,61.476627349853516,1460796,-0.029119475570869028
2024-04-16,60.641754150390625,2271171,-0.013673391288083737
2024-04-17,61.05459976196289,2132517,0.006784873696882352
2024-04-18,62.08211135864258,2353379,0.016689343689259218
2024-04-19,61.89862060546875,2169793,-0.0029599903830018794
2024-04-22,64.10962677001953,1421003,0.035096641068805785
2024-04-23,66.0637435913086,1713847,0.030025551649790514
2024-04-24,65.95365142822266,825360,-0.0016678436745392656
2024-04-25,66.01786041259766,1339082,0.0009730734845096247
2024-04-26,65.36649322509766,816229,-0.009915526563069026
2024-04-29,65.22698974609375,1753255,-0.0021364547279529933
2024-04-30,62.23900604248047,1999167,-0.046891426450454826
2024-05-02,61.59145736694336,3932320,-0.010458728173551927
2024-05-03,61.517459869384766,2892140,-0.001202146978972193
2024-05-06,60.592376708984375,3022727,-0.015151946554871431
2024-05-07,58.4647102355957,1789986,-0.03574575990366164
2024-05-08,59.91707229614258,2002373,0.024538149426956438
2024-05-09,61.387943267822266,6018356,0.024251974350941924
2024-05-10,61.48969650268555,1587910,0.0016561720799914215
2024-05-13,61.508201599121094,936452,0.00030090102124915403
2024-05-14,61.09191131591797,687108,-0.006791052197102797
2024-05-15,61.47119140625,1994508,0.006189159585926927
2024-05-16,63.26585006713867,2703275,0.02877705751603463
2024-05-17,63.82088851928711,2995510,0.008734852862362044
2024-05-20,63.6358757019043,958835,-0.0029031483492951747
2024-05-21,62.525779724121094,1296049,-0.017598447390510544
2024-05-22,62.368507385253906,2883244,-0.0025184886456522614
2024-05-23,61.979984283447266,2156811,-0.0062489598529859285
2024-05-24,60.018836975097656,1149811,-0.032153036249782795
2024-05-27,60.305606842041016,461233,0.004766619330411101
2024-05-28,59.97258758544922,622503,-0.005537497617891153
2024-05-29,60.814395904541016,1622145,0.013938951443422406
2024-05-30,60.5831184387207,1677333,-0.003810255043185063
2024-05-31,63.70988464355469,11961781,0.05032344482983595
2024-06-03,59.491539001464844,1851219,-0.06850562469387951
2024-06-04,62.67378616333008,2031465,0.05210917591421981
2024-06-05,63.201087951660156,1794938,0.008378238731510963
2024-06-06,63.57112121582031,6467874,0.005837782862270495
2024-06-07,60.805152893066406,2714872,-0.044484761380307554
2024-06-10,58.75148010253906,2717654,-0.03435819096997917
2024-06-11,58.37220001220703,2483908,-0.006476596632597058
2024-06-12,59.18626022338867,3163871,0.013849674822545486
2024-06-13,58.29819107055664,1096726,-0.015118359205795904
2024-06-14,57.96516799926758,1081223,-0.005728786519556326
2024-06-17,57.15110397338867,1486334,-0.014143571232319577
2024-06-18,57.6968879699707,1680061,0.009504530223066453
2024-06-19,58.9734992980957,1156388,0.021884941165125776
2024-06-20,57.780147552490234,1053972,-0.020442929832390908
2024-06-21,57.391624450683594,4051725,-0.006746871544207469
2024-06-24,57.58588409423828,1271748,0.003379092673957672
2024-06-25,57.31761169433594,1222393,-0.004669533951499366
2024-06-26,56.61455154418945,2074368,-0.01234188932162222
2024-06-27,56.44804763793945,1470846,-0.0029453422762869192
2024-06-28,55.17143249511719,2956392,-0.022875412252827267
2024-07-01,56.346282958984375,1176069,0.021070982792084334
2024-07-02,55.74497985839844,1181391,-0.01072891594657717
2024-07-03,57.45637512207031,950717,0.030238607417770732
2024-07-04,57.07709884643555,104841,-0.006623001099639996
2024-07-05,58.917991638183594,779535,0.03174353954318797
2024-07-08,58.7607307434082,725563,-0.002672717466807093
2024-07-09,60.6201286315918,4048495,0.03115320626338276
2024-07-10,61.8504753112793,1973271,0.02009279015180706
2024-07-11,61.36943054199219,3061754,-0.007807946448625534
2024-07-12,62.201995849609375,2970154,0.013475249580828581
2024-07-15,60.25009536743164,1267362,-0.03188293161318836
2024-07-16,60.148338317871094,934638,-0.0016903388304079635
2024-07-17,58.53871154785156,1839883,-0.027125545153150805
2024-07-18,56.66081237792969,1600994,-0.03260543918039477
2024-07-19,56.11501693725586,2901269,-0.009679373768154835
2024-07-22,57.271358489990234,1573410,0.02039718862115103
2024-07-23,57.289859771728516,2308222,0.00032299380505644863
2024-07-24,55.680233001708984,2329674,-0.028498440051008267
2024-07-25,54.85691452026367,2331947,-0.014896959541814383
2024-07-26,55.051177978515625,1677722,0.00353502014518233
2024-07-29,55.430458068847656,1080732,0.006865966035368273
2024-07-30,54.58864212036133,1635338,-0.015303385975131466
2024-07-31,57.57664108276367,1720875,0.05329110735385809
2024-08-01,57.77090072631836,1246537,0.0033682525724651508
2024-08-02,56.993839263916016,3424234,-0.013542022360506997
2024-08-05,57.25285339355469,2095322,0.004534303223824543
2024-08-06,58.270442962646484,2853289,0.017617500897163137
2024-08-07,62.201995849609375,11237269,0.06529210381968889
2024-08-08,63.867130279541016,34870544,0.026417749071900625
2024-08-09,62.7940559387207,5210342,-0.0169444175793533
2024-08-12,63.02531433105469,3047098,0.0036760421270556503
2024-08-13,65.04197692871094,4275999,0.03149639989626633
2024-08-14,65.20850372314453,2359010,0.002557025269078104
2024-08-15,64.96797943115234,2736827,-0.0036953612491982903
2024-08-16,64.37591552734375,2978992,-0.009154943713632898
2024-08-19,64.22905731201172,2281799,-0.002283866259983519
2024-08-20,63.51903533935547,6434803,-0.011116084306201104
2024-08-21,62.033592224121094,2491844,-0.02366358171508481
2024-08-22,60.6976318359375,2319843,-0.021771365316072357
2024-08-23,61.314231872558594,2256904,0.010107300504477293
2024-08-26,58.9786262512207,1985840,-0.038836872231146694
2024-08-27,56.43749237060547,5487420,-0.044041415348616435
2024-08-28,57.14750671386719,3687654,0.012502066241064874
2024-08-29,57.026065826416016,3744015,-0.0021273037279431837
2024-08-30,58.47413635253906,4532648,0.025076084337706354
2024-09-02,60.4360466003418,777090,0.033001182101604465
2024-09-03,58.59558868408203,1483245,-0.030926309625787646
2024-09-04,59.3990364074707,1759457,0.013618588819797165
2024-09-05,59.38035202026367,1728427,-0.0003146065594118255
2024-09-06,59.78207778930664,2792893,0.006742515935699691
2024-09-09,60.24919509887695,1197162,0.00778329940993343
2024-09-10,59.85681915283203,1798814,-0.0065338500225001995
2024-09-11,59.97826385498047,2369103,0.00202686459885728
2024-09-12,62.173736572265625,3637439,0.035950441469454794
2024-09-13,59.791419982910156,2713838,-0.039070496856698084
2024-09-17,60.58552551269531,4028922,0.013193839503643816
2024-09-18,61.174095153808594,1531184,0.009667806489192727
2024-09-19,61.4356803894043,2125327,0.004266962097044715
2024-09-20,60.16511154174805,8506557,-0.020898138386551506
2024-09-23,60.417354583740234,1955931,0.004183749396251827
2024-09-24,60.54814910888672,1768739,0.002162510337658064
2024-09-25,60.342613220214844,2161623,-0.003400360503209765
2024-09-26,61.00593566894531,2236167,0.010932624437736783
2024-09-27,60.73500061035156,1673002,-0.004451017286013884
2024-09-30,60.14642333984375,1572713,-0.009738169895659588
2024-10-02,61.024620056152344,2289248,0.014495411917634458
2024-10-03,60.93119812011719,1732893,-0.0015320622780550539
2024-10-04,60.903167724609375,4606999,-0.0004601394000459281
2024-10-07,60.99659729003906,1464866,0.0015328919413946374
2024-10-08,61.622528076171875,1633127,0.010209438717200137
2024-10-09,61.80004119873047,2391203,0.002876511905423736
2024-10-10,62.790321350097656,3339625,0.015896911858091566
2024-10-11,63.612464904785156,1493097,0.013008497244038445
2024-10-14,63.62180709838867,1976420,0.00014685027034336444
2024-10-15,63.60313034057617,2834021,-0.00029360215571925993
2024-10-16,64.12629699707031,2286270,0.00819184103525877
2024-10-17,63.89274215698242,1223008,-0.003648755696792162
2024-10-18,63.66852569580078,1129265,-0.0035154353020585053
2024-10-21,63.35087203979492,1144007,-0.005001666263390941
2024-10-22,62.45400619506836,8612077,-0.014258287143836208
2024-10-23,62.61282730102539,1546494,0.0025397811216639078
2024-10-24,62.3792610168457,1658278,-0.0037373014433608534
2024-10-25,62.080299377441406,945213,-0.004804166324550781
2024-10-28,61.97753143310547,1512990,-0.0016567751857634772
2024-10-29,62.117679595947266,1309010,0.002258720884776299
2024-10-30,62.12702560424805,1844392,0.00015044517677181634
2024-10-31,63.264892578125,3674312,0.018149466487881148
2024-11-01,63.198787689208984,1097780,-0.0010454368368370925
2024-11-04,62.97217559814453,2843754,-0.003592147176094494
2024-11-05,64.27523803710938,3267060,0.02048148490184241
2024-11-06,62.71722412109375,9064243,-0.024538339772462416
2024-11-07,63.38764953613281,3580478,0.010632923408206846
2024-11-08,62.79277420043945,1121719,-0.009429033845926126
2024-11-11,61.52747344970703,2687850,-0.020356208530598607
2024-11-12,61.16865539550781,3357812,-0.005848906245003402
2024-11-13,61.39527130126953,1281205,0.0036979259739863563
2024-11-14,60.5643310546875,2008338,-0.013626694222943495
2024-11-15,60.4321403503418,2738510,-0.0021850349089474366
2024-11-19,60.47935104370117,1620796,0.0007809132980537374
2024-11-20,60.93259048461914,8082797,0.007466177389992529
2024-11-21,59.47843933105469,2245170,-0.024154296408305066
2024-11-22,59.195167541503906,5365687,-0.004773973506249767
2024-11-25,60.2149543762207,8541122,0.01708082383924532
2024-11-26,58.486976623535156,4033803,-0.029116625396875907
2024-11-27,57.58993911743164,2010360,-0.015456223288531993
2024-11-28,57.76934814453125,2155839,0.0031104417512293867
2024-11-29,57.40108871459961,6164169,-0.00639505579773085
2024-12-02,56.55126190185547,2583394,-0.014915753187286641
2024-12-03,55.72031784057617,6158582,-0.014802663970523953
2024-12-04,56.9572868347168,1409760,0.021956780010630263
2024-12-05,56.692901611328125,1549311,-0.004652622295309252
2024-12-06,57.99596405029297,1467789,0.022724411929010407
2024-12-09,58.071502685546875,1665527,0.0013016334041463745
2024-12-10,56.52293014526367,3158501,-0.027028657090327417
2024-12-11,57.08004379272461,1651533,0.009808160725670367
2024-12-13,57.457740783691406,1247082,0.0065951748830962885
2024-12-16,58.005409240722656,3828021,0.009486534260741152
2024-12-17,56.919517517089844,1346184,-0.01889797229238598
2024-12-18,56.664573669433594,1616955,-0.004489084221672223
2024-12-19,56.787322998046875,1079092,0.0021639017084139687
2024-12-20,56.20188522338867,16442772,-0.010362812925971566
2024-12-23,55.644775390625,320541,-0.009962111289973503
2024-12-24,55.67310333251953,127995,0.0005089558448463904
2024-12-26,54.97435760498047,150223,-0.01263029464041303
2024-12-27,55.98470687866211,382796,0.018211710834783675
2024-12-30,54.28506088256836,773996,-0.030829494767486153
2024-12-31,54.54944610595703,810548,0.004858491130624619
2025-01-02,54.91770935058594,476606,0.006728312841801994
2025-01-03,52.623172760009766,806922,-0.042679301691691825
2025-01-06,53.54853820800781,1497086,0.01743192931855894
2025-01-07,53.84125518798828,941580,0.0054514995449334415
2025-01-08,54.48335266113281,1236164,0.01185520088588815
2025-01-09,52.8875617980957,476917,-0.02972701472147746
2025-01-10,52.55707550048828,841200,-0.0062684530619532336
2025-01-13,54.03955078125,1265179,0.02781646888364405
2025-01-14,53.765716552734375,1075357,-0.0050801751012268595
2025-01-15,55.049896240234375,525213,0.023603953091157825
2025-01-16,54.115089416503906,1056305,-0.017126914251148317
2025-01-17,53.812931060791016,489975,-0.005599271510981039
2025-01-20,54.502235412597656,252539,0.012727924995875958
2025-01-21,55.49369812011719,3166524,0.018027749347174726
2025-01-22,57.656036376953125,1508292,0.03822548163274036
2025-01-23,56.815650939941406,3449098,-0.01468311606395046
2025-01-24,57.71268844604492,1993927,0.015665220594138607
2025-01-27,59.837257385253906,1575712,0.03615144706715648
2025-01-28,61.366939544677734,808367,0.025242746092162458
2025-01-29,61.348060607910156,660105,-0.00030768751812000877
2025-01-30,61.41415786743164,1604887,0.0010768340085316546
2025-01-31,60.95147705078125,1870362,-0.007562303288120059
2025-02-04,61.18754196166992,3324107,0.0038655166341068554
2025-02-05,61.2347526550293,5998545,0.000771276111880372
2025-02-06,59.46940231323242,1126202,-0.029252948745745303
2025-02-07,63.403465270996094,3989152,0.0640565837758562
2025-02-10,63.069271087646484,1116588,-0.005284853808011292
2025-02-11,62.90692901611328,1015984,-0.002577346534750065
2025-02-12,63.97639465332031,3529850,0.016857864903984866
2025-02-13,64.1578140258789,1224316,0.002831710526889874
2025-02-14,64.35834503173828,787372,0.00312071524818575
2025-02-17,62.8782844543457,165625,-0.023265742659025725
2025-02-18,64.71163940429688,1876605,0.02874021848624746
2025-02-19,62.07619857788086,1320325,-0.04157844363226148
2025-02-20,62.37221145629883,2976545,0.004757207208876107
2025-02-21,62.03800582885742,2510824,-0.005372652482227825
2025-02-24,61.30274963378906,3317549,-0.011922497178865125
2025-02-25,62.28627395629883,1527297,0.015916382490458795
2025-02-26,61.780181884765625,2304396,-0.008158448232198306
2025-02-27,61.818382263183594,3246416,0.0006181363011398089
2025-02-28,62.047550201416016,11993723,0.0037002619711808222
2025-03-03,61.87567901611328,2266816,-0.002773835003950736
2025-03-04,62.08574295043945,2739326,0.0033891856364659623
2025-03-05,61.58921432495117,787010,-0.008029617381254867
2025-03-06,61.33140182495117,1185254,-0.004194786621140809
2025-03-07,62.20988464355469,3676813,0.014221927757598073
2025-03-10,58.19941711425781,1892485,-0.06663856474979764
2025-03-11,61.083133697509766,1577792,0.048360444371417004
2025-03-12,60.51020812988281,2443829,-0.009423703616579668
2025-03-13,62.066646575927734,3275103,0.025396672255549826
2025-03-14,62.70641326904297,970618,0.010254974922143997
2025-03-18,62.610923767089844,625460,-0.0015239634465980924
2025-03-19,61.99980163574219,1020279,-0.00980857833777427
2025-03-20,62.99287414550781,557365,0.015890425576326257
2025-03-21,61.96161651611328,3884604,-0.016506506311864545
2025-03-24,62.066646575927734,975750,0.0016936475977668147
2025-03-25,62.782806396484375,927221,0.011472500014449409
2025-03-26,63.317527770996094,688107,0.008480938342994796
2025-03-27,63.03107452392578,506074,-0.004534339639104711
2025-03-28,62.4485969543457,737435,-0.009284081581653263
2025-03-31,62.74460983276367,1057060,0.004728905627517898
2025-04-01,62.37221145629883,594868,-0.005952828281999488
2025-04-02,61.87567901611328,786628,-0.007992652134462198
2025-04-03,65.35140228271484,3412394,0.05465170305053215
2025-04-04,64.26284790039062,1463855,-0.016797226771178765
2025-04-07,61.60831069946289,2428650,-0.04218489571405929
2025-04-08,58.41904067993164,1788395,-0.05315489965679608
2025-04-09,64.48247528076172,1333062,0.09875161007591231
2025-04-10,62.54408264160156,771909,-0.030521855425710318
2025-04-11,61.48417282104492,776029,-0.017091841196831437
2025-04-14,61.11178207397461,1071095,-0.006075108965963519
2025-04-15,61.68470001220703,876697,0.009331246068175933
2025-04-16,61.27410125732422,706051,-0.006678664347032265
2025-04-21,61.92341995239258,779223,0.010541197602058796
2025-04-22,61.159523010253906,881920,-0.012412877562605847
2025-04-23,62.41994857788086,1461650,0.020399331050980494
2025-04-24,63.86180114746094,9310280,0.02283647848167784
2025-04-25,64.95991516113281,1275901,0.017048998319934568
2025-04-28,67.72903442382812,1098069,0.04174456703435932
2025-04-29,63.98594284057617,1203210,-0.05685154075129227
2025-04-30,66.44950103759766,3328251,0.03777886017270577
2025-05-02,66.27763366699219,1270011,-0.002589786437376705
2025-05-05,66.258544921875,660791,-0.00028805335195895994
2025-05-06,66.45906066894531,555353,0.0030216925440625935
2025-05-07,69.9920883178711,2388509,0.051796082585223654
2025-05-08,67.89136505126953,1336607,-0.030473356710736456
2025-05-09,67.55715942382812,575733,-0.0049348091012491845
2025-05-12,67.42617797851562,508318,-0.001940706000358119
2025-05-13,66.38410186767578,708464,-0.015575741708062592
2025-05-14,65.41921997070312,684675,-0.014641499478856259
2025-05-15,63.769256591796875,1093799,-0.025544896020602774
2025-05-16,65.94989013671875,798882,0.03362401069336905
2025-05-19,65.12010192871094,1126238,-0.01266192636736011
2025-05-20,65.97883605957031,461959,0.013100737900687243
2025-05-21,67.26214599609375,628723,0.019263586943259345
2025-05-22,65.94989013671875,632165,-0.01970239847658634
2025-05-23,65.71833038330078,781130,-0.0035173254599074493
2025-05-26,66.9630355834961,233571,0.01876287159040971
2025-05-27,68.85420227050781,1275782,0.027850499033089834
2025-05-28,69.45243835449219,1075373,0.008650919611612217
2025-05-29,70.22433471679688,1512093,0.011052721270557847
2025-05-30,71.40149688720703,6270908,0.01662393458208699
2025-06-02,69.38489532470703,934024,-0.02864963672635927
2025-06-03,68.9699935913086,1703710,-0.0059976626830322175
2025-06-04,67.38758087158203,3155698,-0.02321079364846862
2025-06-05,66.14288330078125,1802383,-0.01864344036772435
2025-06-06,67.72529602050781,2037783,0.02364245837386303
2025-06-09,66.69286346435547,3150985,-0.01536180622102511
2025-06-10,66.37445068359375,823759,-0.004785749085387719
2025-06-11,69.36559295654297,1565922,0.044078762275220014
2025-06-12,67.82178497314453,878389,-0.02250751022480812
2025-06-13,67.1174087524414,1055438,-0.010440000402444605
2025-06-16,67.06916809082031,933194,-0.0007190087836536312
2025-06-17,65.52536010742188,2502809,-0.02328720151878267
2025-06-18,67.27178955078125,2945031,0.026303729272687978
2025-06-19,67.30074310302734,646118,0.00043030404677504137
2025-06-20,65.1104507446289,10160246,-0.03308620819743755
2025-06-23,66.46128845214844,930166,0.02053457957806079
2025-06-24,66.7507553100586,1077895,0.004345963102750281
2025-06-25,66.74110412597656,1293306,-0.00014459584486450065
2025-06-26,67.69635009765625,2231705,0.014211248701475037
2025-06-27,69.44278717041016,1113294,0.025470941789875315
2025-06-30,68.265625,2568286,-0.017096861777556708
2025-07-01,68.20773315429688,734418,-0.0008483978112433152
2025-07-02,70.05066680908203,973736,0.026660844001900913
2025-07-03,69.70330047607422,862870,-0.0049711225391338345
2025-07-04,68.74807739257812,1886808,-0.01379889828650416
2025-07-07,69.73223876953125,963099,0.014213976021048399
2025-07-08,69.47172546386719,1070548,-0.0037429050420161353
2025-07-09,68.98928833007812,1585212,-0.006968590982850592
2025-07-10,66.60601806640625,2300739,-0.035156316131512204
2025-07-11,65.57359313964844,2165831,-0.015621863516755565
2025-07-14,67.156005859375,441342,0.02384528711965872
2025-07-15,66.62532043457031,1185143,-0.007933666425405906
2025-07-16,65.93061065673828,650679,-0.010481856718269858
2025-07-17,66.65426635742188,871809,0.010916220659566253
2025-07-18,66.27796173095703,397885,-0.005661616254311441
2025-07-21,66.36479949951172,574769,0.001309348209511094
2025-07-22,66.40339660644531,852510,0.0005814209901609464
2025-07-23,66.9630355834961,1095324,0.008392550549647363
2025-07-24,65.36131286621094,1732884,-0.024210222392908414
2025-07-25,65.16834259033203,272606,-0.0029567291170235826
2025-07-28,64.28065490722656,756143,-0.013715078756534174
2025-07-29,65.6218490600586,639849,0.020649976267357987
2025-07-30,65.86306762695312,971435,0.0036691484254239163
2025-07-31,68.98928833007812,3495034,0.046373397091394854
2025-08-01,68.44895935058594,1376302,-0.007862902393447824
2025-08-04,68.72877502441406,1372008,0.004079613403584003
2025-08-05,68.40071105957031,1623192,-0.004784741780877492
2025-08-06,69.39453887939453,1598681,0.01442495373563731
2025-08-07,68.44895935058594,420735,-0.013719825358343669
2025-08-08,68.6515884399414,225010,0.002955921623360353
2025-08-11,68.57926177978516,279149,-0.001054087571960595
2025-08-12,67.99462127685547,1495121,-0.008561579433063772
2025-08-13,69.46598815917969,1574878,0.02140865060329729
2025-08-14,69.18340301513672,586895,-0.004076260745660208
2025-08-15,69.15418243408203,521973,-0.00042245325295183595
2025-08-18,68.39413452148438,550251,-0.011051471440876839
2025-08-19,68.45260620117188,555228,0.0008545571920392652
2025-08-20,68.08232879638672,587537,-0.005423935091183283
2025-08-21,69.10545349121094,450333,0.014915958942145315
2025-08-22,70.65477752685547,814884,0.022172079920376925
2025-08-25,70.64503479003906,902800,-0.0001379016245257735
2025-08-26,68.72543334960938,4092935,-0.02754848808910863
2025-08-27,67.63409423828125,662968,-0.016007131048234074
2025-08-28,68.20899200439453,868592,0.008464195186884719
2025-08-29,66.96174621582031,1305712,-0.01845489939693454
2025-09-01,67.32227325439453,269595,0.005369632309951024
2025-09-02,68.16027069091797,303944,0.012370717274414085
2025-09-03,68.13104248046875,325700,-0.00042890790641273926
2025-09-04,68.78388977050781,198363,0.009536611196030692
2025-09-05,69.56343078613281,715090,0.011269452312477252
2025-09-08,69.58291625976562,567580,0.0002800716536777636
2025-09-09,69.4757308959961,586316,-0.0015415853266069546
2025-09-10,69.15418243408203,651693,-0.0046389560641143576
2025-09-11,70.35270690917969,348266,0.017182720780036135
2025-09-12,69.96294403076172,2726524,-0.005555529668625171
2025-09-15,69.84601593017578,649049,-0.0016726843241105735
2025-09-17,69.95319366455078,5741388,0.0015333098904344766
2025-09-18,68.8228759765625,507993,-0.01629016712739843
2025-09-19,70.32347106933594,4767181,0.021569423880095046
2025-09-22,69.53419494628906,839706,-0.011286968025565577
2025-09-23,70.07012939453125,639912,0.007677943839989735
2025-09-24,69.74857330322266,1071614,-0.004599622969197929
2025-09-25,69.64138793945312,753108,-0.0015379211521433676
2025-09-26,70.2162857055664,678360,0.008221229327951971
2025-09-29,71.33686828613281,357369,0.015833006304984614
2025-09-30,73.08106231689453,2064561,0.024155987221137848
2025-10-01,71.96048736572266,568036,-0.01545208596973145
2025-10-02,71.77535247802734,664967,-0.002576044920685899
2025-10-03,73.11029052734375,440605,0.018427993266269378
2025-10-06,73.66571044921875,424740,0.00756830230207118
2025-10-07,73.47083282470703,354311,-0.002648937294951381
2025-10-08,72.8764419555664,1185227,-0.008123063970887794
2025-10-09,72.30152893066406,875179,-0.007920155195623646
2025-10-10,69.92395782470703,957275,-0.033436941186875964
2025-10-13,71.60970306396484,924497,0.02382224764834071
2025-10-14,70.0408935546875,463238,-0.022151317324975047
2025-10-15,69.37828826904297,1646148,-0.009505295697059518
2025-10-16,70.01165771484375,878686,0.009087797550779472
2025-10-17,70.29424285888672,1490288,0.004028134597140104
2025-10-20,69.38803100585938,668454,-0.01297551281730223
2025-10-21,69.40753173828125,448008,0.00028099936575268957
2025-10-22,70.15782165527344,838742,0.010751911226565962
2025-10-23,71.77535247802734,1071221,0.02279383753075613
2025-10-24,70.50861358642578,1138062,-0.017806255983813815
2025-10-27,71.35635375976562,402971,0.01195150966455091
2025-10-28,70.7522201538086,1063869,-0.008502474253604524
2025-10-29,72.07743072509766,815822,0.0185570515996046
2025-10-30,71.78509521484375,7736609,-0.00406410092853883
2025-10-31,72.56462860107422,1540003,0.010800726786206957
2025-11-03,71.29788208007812,1335451,-0.017610971121778188
2025-11-04,72.11640167236328,985108,0.011414880841347317
2025-11-05,73.32467651367188,769215,0.016615699701570272
2025-11-06,75.17606353759766,1775562,0.02493567308975452
2025-11-07,75.18580627441406,343717,0.00012959052507431873
2025-11-10,75.15656280517578,450258,-0.00038902499390056593
2025-11-11,75.1370849609375,1085558,-0.0002591971734912121
2025-11-12,74.747314453125,1965843,-0.005200960045782379
2025-11-13,75.22477722167969,1290311,0.006367376441689954
2025-11-14,75.88737487792969,1258662,0.008769670652930049
2025-11-18,76.43305206298828,4068277,0.007164889573989973
2025-11-19,75.23452758789062,1046426,-0.01580495220783578
2025-11-20,73.95803833007812,1352569,-0.01711238626047636
2025-11-21,75.27349853515625,1508729,0.01763024499718838
2025-11-24,75.93609619140625,9056322,0.008764019221284537
2025-11-25,75.1468276977539,429605,-0.010448244625093868
2025-11-26,74.5816650390625,378336,-0.0075492023252433675
2025-11-27,74.69860076904297,169318,0.0015666605798825403
2025-11-28,75.81916809082031,1007446,0.014889777242657252
2025-12-01,74.13343811035156,1688382,-0.022484450801504602
2025-12-02,73.86060333251953,1392498,-0.003687109079066532
2025-12-03,71.05428314208984,2876793,-0.038735441769414035
2025-12-04,72.42821502685547,1161427,0.019151797572114854
2025-12-05,73.21748352050781,426488,0.010838304566687466
2025-12-08,72.78874206542969,526903,-0.005872937070743232
2025-12-09,73.56827545166016,748446,0.010652591465439015
2025-12-10,70.83573913574219,800473,-0.0378502293625048
2025-12-11,71.99617767333984,1000988,0.016249366347673985
2025-12-15,71.89783477783203,698515,-0.0013668798186143828
2025-12-16,71.6519775390625,458957,-0.0034253960377263015
2025-12-17,70.9537582397461,1237720,-0.009792381419878279
2025-12-18,72.6353988647461,2074057,0.023424018206842537
2025-12-19,74.43505859375,2974463,0.024474657841612773
2025-12-22,73.54998016357422,590919,-0.011961871161265297
2025-12-23,74.55307006835938,495800,0.013546044348072458
2025-12-24,75.22179412841797,235560,0.008929782809248592
2025-12-26,76.09703826904297,233090,0.011568340670375623
2025-12-29,77.07062530517578,467065,0.012712868052311976
2025-12-30,77.27713775634766,1835577,0.0026759386764781115
2025-12-31,73.97285461425781,506901,-0.04369995553532231
2026-01-02,74.66123962402344,491015,0.009262880569819885
2026-01-05,78.74243927001953,511293,0.05322118688844446
2026-01-06,75.55615997314453,1597142,-0.04130604338046828
2026-01-07,74.86775970458984,1490561,-0.00915286712267346
2026-01-08,76.87393188476562,954890,0.026443478524423882
2026-01-09,78.47692108154297,844882,0.020637750752713346
2026-01-12,78.89978790283203,865228,0.005373957070221965
2026-01-13,78.22122192382812,1705630,-0.00863754883673087
2026-01-14,79.8438720703125,3966908,0.020532137867429415
2026-01-15,80.68961334228516,704952,0.010536731255681313
2026-01-16,83.17765808105469,1495709,0.03036891912861422
2026-01-19,82.61711883544922,432038,-0.00676187020868093
2026-01-20,80.36508178710938,1314270,-0.027637133161277597
2026-01-21,79.15547180175781,1239885,-0.015165859728702345
2026-01-22,78.93911743164062,3434374,-0.0027370260580215112
2026-01-23,79.42100524902344,1134609,0.006085993072297151
2026-01-26,79.53900146484375,689061,0.0014846028247233831
2026-01-27,79.66685485839844,1291181,0.0016061396734078006
2026-01-28,78.9194564819336,1500755,-0.009425831318872781
2026-01-29,79.371826171875,943335,0.005715676996155225
2026-01-30,78.77193450927734,2059102,-0.007586698803561335
2026-02-03,81.9483871459961,1463958,0.03953285167067555
2026-02-04,81.8205337524414,1951385,-0.0015613880683601829
2026-02-05,81.1714859008789,2288040,-0.007964209335206392
2026-02-06,84.87898254394531,1199771,0.04466248059908426
2026-02-09,84.81014251708984,893959,-0.0008113664397438328
2026-02-10,86.0099105834961,1250230,0.014047388156850093
2026-02-11,84.03323364257812,1076015,-0.02325016975582315
2026-02-12,84.99698638916016,1673326,0.011403442415505822
2026-02-13,83.2493667602539,791317,-0.020775279268438022
2026-02-16,82.73413848876953,171219,-0.006208206357977438
2026-02-17,82.98184204101562,1214206,0.0029894972824386296
2026-02-18,82.22881317138672,861099,-0.009116047430767781
2026-02-19,81.95137786865234,534660,-0.003379647264988239
2026-02-20,82.4269790649414,1913923,0.005786680586332925
2026-02-23,81.7333984375,1516107,-0.008450087225958152
2026-02-24,81.38999938964844,914682,-0.004210304097414955
2026-02-25,80.38999938964844,2613101,-0.01236262509236458
2026-02-26,82.05999755859375,1762898,0.020560874515074327
2026-02-27,84.91000366210938,6062782,0.03414125787801506
2026-03-02,83.12000274658203,1027845,-0.021306535306029818
2026-03-03,80.98999786376953,1106743,-0.02595971595012114
2026-03-04,79.1500015258789,1594725,-0.02298085827908677
2026-03-05,78.33999633789062,2368198,-0.010286524114009328
2026-03-06,78.73999786376953,1396987,0.00509297689407974
2026-03-09,77.31999969482422,2423399,-0.01819860799219876
2026-03-10,75.04000091552734,2471909,-0.029931333494717584
2026-03-11,75.5,1372149,0.006111339356485525
2026-03-12,74.80000305175781,2252138,-0.009314730475647074
2026-03-13,74.01000213623047,773003,-0.010617677705878657
2026-03-17,74.19999694824219,1573375,0.0025638609710689664
2026-03-18,75.25,1039639,0.014051794584462728
2026-03-19,74.94999694824219,942487,-0.003994719797628223
2026-03-20,76.52999877929688,6296228,0.020861621039824318
2026-03-23,74.8499984741211,464720,-0.02219671439136776
2026-03-24,75.73999786376953,830074,0.01182030378904923
2026-03-25,77.55000305175781,1626908,0.023616534705816
2026-03-26,76.98999786376953,3999747,-0.007247413431577321
2026-03-27,77.01000213623047,2204918,0.0002597957477072172
2026-03-30,77.58999633789062,1350899,0.00750319441683481
2026-03-31,78.23999786376953,2096780,0.008342492715358937
2026-04-01,78.5,2651066,0.003317626365360366
2026-04-06,78.36000061035156,520947,-0.0017850239229523157
2026-04-07,77.44000244140625,856643,-0.011810126370665695
2026-04-08,79.19999694824219,1375841,0.022472785793338973
2026-04-09,78.5999984741211,1035178,-0.007604580266140799
2026-04-10,80.06999969482422,1825074,0.018529568251237184
2026-04-13,82.27999877929688,3652493,0.027226801675611995
2026-04-14,84.01000213623047,5142185,0.02080781485625116
2026-04-15,82.41000366210938,1757831,-0.019229031592070202
2026-04-16,82.83999633789062,899389,0.0052041591073912555
2026-04-17,83.29000091552734,1457345,0.005417512618928701
2026-04-20,83.29000091552734,1533351,0.0
2026-04-21,83.62999725341797,1324451,0.0040737696120741575
2026-04-23,82.76000213623047,1729227,-0.010457395861670642
2026-04-24,84.11000061035156,495378,0.016180594541236774
2026-04-27,81.79000091552734,1308400,-0.027970475290416363
2026-04-28,80.44000244140625,786611,-0.01664340268541651
2026-04-29,79.8499984741211,1687975,-0.007361739703395465
2026-04-30,80.0,1310462,0.0018767791221765845
