Date,price,volume,log_return
2018-01-03,14.276637077331543,11672373,-0.008196699586574398
2018-01-04,14.38924789428711,7553202,0.00785682328329979
2018-01-05,14.340283393859863,7223450,-0.00340865622524508
2018-01-08,14.335390090942383,7371345,-0.0003412860010119928
2018-01-09,14.134654998779297,7057172,-0.014101728185773387
2018-01-10,13.865374565124512,5191139,-0.019234889404337572
2018-01-11,13.90454387664795,4772731,0.002820990459968603
2018-01-12,14.022049903869629,4836637,0.008415399430054163
2018-01-15,14.017148971557617,1372713,-0.0003495772032357946
2018-01-16,14.036737442016602,3231158,0.0013964891247959796
2018-01-17,14.183614730834961,4830813,0.010409410496875686
2018-01-18,14.168927192687988,3751762,-0.0010360650907723769
2018-01-19,14.193404197692871,6417772,0.0017260225010919175
2018-01-22,14.48227310180664,4245516,0.020147993229477686
2018-01-23,14.271742820739746,5532636,-0.014643800978102825
2018-01-24,14.286433219909668,4341774,0.0010288052321516148
2018-01-25,14.443100929260254,4964303,0.010906495143574568
2018-01-26,14.384350776672363,3337069,-0.00407599218448819
2018-01-29,14.384350776672363,4313682,0.0
2018-01-30,13.929020881652832,5172551,-0.03216636716503007
2018-01-31,14.340283393859863,4256422,0.02909810059476214
2018-02-01,14.413721084594727,11147948,0.00510800855347422
2018-02-02,14.359870910644531,2651277,-0.003743031932228779
2018-02-06,14.115072250366211,4785655,-0.017194393683857907
2018-02-07,13.88496208190918,7008631,-0.016436790498528392
2018-02-08,13.895652770996094,6739486,0.0007696510441722799
2018-02-09,13.64841079711914,6611024,-0.017952951198462956
2018-02-12,13.835103034973145,3546161,0.013585970891628687
2018-02-13,14.107568740844727,7094264,0.019502382869478627
2018-02-14,13.956194877624512,8515150,-0.010787956551345158
2018-02-15,13.971331596374512,5507298,0.0010840000632566604
2018-02-16,14.102522850036621,3032696,0.009346219906790259
2018-02-19,14.248844146728516,1715348,0.010322084001211972
2018-02-20,13.870424270629883,3405631,-0.026916967969169543
2018-02-21,13.784646987915039,4648778,-0.006203387218661075
2018-02-22,13.623184204101562,4916554,-0.011782373482341292
2018-02-23,13.789692878723145,4653392,0.012148358009175506
2018-02-26,14.0823392868042,5388669,0.02100005920487622
2018-02-27,14.057106971740723,4787555,-0.0017933772821488963
2018-02-28,13.411269187927246,19774119,-0.04703276447482454
2018-03-01,13.764461517333984,22069096,0.02599468042821224
2018-03-02,13.789692878723145,6125724,0.0018314021238848373
2018-03-05,13.64841079711914,5979717,-0.01029833052002436
2018-03-06,13.567687034606934,4696635,-0.00593207738526871
2018-03-07,13.512185096740723,4925103,-0.004099134243552995
2018-03-08,13.57273006439209,5419633,0.004470759323948841
2018-03-09,13.860333442687988,5874446,0.020968413957677737
2018-03-12,14.163066864013672,3892168,0.021606599869393527
2018-03-13,14.238749504089355,3498073,0.005329435147981279
2018-03-14,14.072243690490723,6534720,-0.011762761715733733
2018-03-15,13.850238800048828,2972395,-0.015901850322517647
2018-03-16,13.739234924316406,14330315,-0.008046871485769526
2018-03-20,13.941059112548828,5733872,0.014582776076547647
2018-03-21,14.031881332397461,11465196,0.006493599710594297
2018-03-22,14.057106971740723,3652373,0.0017961235094509805
2018-03-23,13.855284690856934,8249332,-0.014461376193953575
2018-03-26,13.774555206298828,5279194,-0.005843661388572492
2018-03-27,13.759419441223145,5415631,-0.001099424750261343
2018-03-28,13.804827690124512,8057525,0.0032947237601884823
2018-04-02,13.658506393432617,6091159,-0.01065585706209672
2018-04-03,14.147930145263672,6691192,0.03520582736107496
2018-04-04,14.364895820617676,6023465,0.015219106195800174
2018-04-05,14.80385971069336,8313527,0.03010049793451102
2018-04-06,14.808908462524414,4169863,0.0003409847975333012
2018-04-09,14.72817611694336,3382750,-0.005466521003890928
2018-04-10,15.08641529083252,5013565,0.024032287452897972
2018-04-11,15.10660171508789,6337302,0.0013371586720981267
2018-04-12,15.08641529083252,6249057,-0.0013371586720981553
2018-04-13,15.041004180908203,2575442,-0.003014605639070777
2018-04-16,15.368968963623047,8469963,0.021570390568455035
2018-04-17,15.939126968383789,6056163,0.036426427790217306
2018-04-18,15.550618171691895,5592890,-0.02467651035751161
2018-04-19,15.257969856262207,6662007,-0.018998411577710518
2018-04-20,15.560708045959473,2712192,0.01964704189007593
2018-04-23,15.429522514343262,5226389,-0.00846630133685985
2018-04-24,15.646479606628418,3727153,0.013963225801682095
2018-04-25,15.621255874633789,4217011,-0.0016134035342176421
2018-04-26,15.34878921508789,5210215,-0.017595950458373064
2018-04-27,15.651525497436523,4428814,0.01953179568400489
2018-04-30,15.626299858093262,3493175,-0.0016130050299747198
2018-05-02,15.515296936035156,5387387,-0.007128946720767683
2018-05-03,14.793767929077148,5610872,-0.047620430144142294
2018-05-04,14.72817611694336,7200698,-0.004443604388705183
2018-05-07,14.445390701293945,5210790,-0.019387020763394634
2018-05-08,14.471087455749512,4097029,0.0017773091923788404
2018-05-09,14.44024658203125,5706776,-0.0021334806187954594
2018-05-10,14.712607383728027,5193327,0.01868556173196559
2018-05-11,14.743441581726074,2653188,0.00209357400896057
2018-05-14,15.067192077636719,4771924,0.02172132459380302
2018-05-15,15.005522727966309,8255750,-0.004101354767244158
2018-05-16,14.948997497558594,2556780,-0.0037740746355390885
2018-05-17,14.7023286819458,7133616,-0.01663834559241195
2018-05-18,14.183306694030762,7980967,-0.03594020683855654
2018-05-21,14.178165435791016,4475378,-0.00036255228730917914
2018-05-22,14.188441276550293,12619173,0.0007245026740749804
2018-05-23,14.368304252624512,11228873,0.012597048522680114
2018-05-24,14.388862609863281,5116561,0.0014297904128987744
2018-05-25,14.38371753692627,5148369,-0.0003576372341724855
2018-05-28,14.291223526000977,717446,-0.00645123081576062
2018-05-29,13.926359176635742,4014823,-0.025862221420393773
2018-05-30,14.01372241973877,4580066,0.006253634408181242
2018-05-31,14.147333145141602,15541448,0.00948911362046056
2018-06-01,14.388862609863281,5409641,0.016928341441684994
2018-06-04,14.45052719116211,6415745,0.004276420250212655
2018-06-05,14.368304252624512,8516442,-0.005706210663111441
2018-06-06,14.358025550842285,23378794,-0.0007156293401359482
2018-06-07,14.219278335571289,6362533,-0.009710384579675387
2018-06-08,14.358025550842285,3207334,0.009710384579675433
2018-06-11,14.363165855407715,17177658,0.0003579450829601014
2018-06-12,14.393999099731445,7133829,0.0021443877508179657
2018-06-13,14.224413871765137,6305976,-0.011851615471257303
2018-06-14,14.219278335571289,2904971,-0.00036110194219632233
2018-06-15,14.20386028289795,24273717,-0.0010848945566884016
2018-06-18,14.20386028289795,8141101,0.0
2018-06-19,14.265523910522461,6757864,0.00433193241099408
2018-06-20,14.306636810302734,9063151,0.002877831225746813
2018-06-21,13.859552383422852,11004424,-0.03174884453559218
2018-06-22,13.79274845123291,10578385,-0.004831718167222949
2018-06-25,14.095942497253418,7263581,0.021744010314574166
2018-06-26,14.358025550842285,7958171,0.018422067887863974
2018-06-27,14.157611846923828,3679781,-0.01405663854364277
2018-06-28,14.322052955627441,9510038,0.01154809491669774
2018-06-29,14.820524215698242,11439013,0.03421247734155124
2018-07-02,14.604692459106445,3186188,-0.014670113037113719
2018-07-03,14.23469066619873,4845171,-0.02566088840012215
2018-07-04,14.347744941711426,177207,0.007910792953202257
2018-07-05,14.53274917602539,7223031,0.01281188363119158
2018-07-06,14.476222038269043,5600188,-0.0038972226133003616
2018-07-09,14.558443069458008,7448534,0.005663661052596186
2018-07-10,14.332330703735352,3424518,-0.015653231331592646
2018-07-11,13.962333679199219,2781584,-0.026154621316464136
2018-07-12,13.844139099121094,2912881,-0.008501279026908193
2018-07-13,13.695108413696289,8499406,-0.010823254351861393
2018-07-16,13.808165550231934,6672082,0.008221404731060037
2018-07-17,13.926359176635742,8977788,0.008523264277414646
2018-07-18,14.095942497253418,9048002,0.012103601829428151
2018-07-19,14.224413871765137,3647140,0.009072785250384744
2018-07-20,14.666354179382324,7216259,0.03059626400232801
2018-07-23,14.712607383728027,4688277,0.003148732296829353
2018-07-24,14.29636001586914,6343723,-0.028699810849664747
2018-07-25,14.147333145141602,7369205,-0.010478824500663632
2018-07-26,13.78761100769043,9332450,-0.025755700142854793
2018-07-27,13.885248184204102,4763013,0.007056558990892768
2018-07-30,13.962333679199219,2301729,0.005536257493615022
2018-07-31,13.79274845123291,8340787,-0.012220272855441024
2018-08-01,13.674559593200684,2844816,-0.008605836965646643
2018-08-02,13.556361198425293,5802445,-0.008681244237333309
2018-08-03,13.530664443969727,14340848,-0.0018973483839602756
2018-08-06,13.571778297424316,1640096,0.0030339615793581525
2018-08-07,13.682000160217285,7791677,0.008088600551781714
2018-08-08,13.734466552734375,2475969,0.0038273682100351657
2018-08-09,13.498391151428223,2824718,-0.017337975884596818
2018-08-10,13.288542747497559,5981269,-0.01566828796236404
2018-08-13,13.230833053588867,3103743,-0.0043522732539133845
2018-08-14,13.120664596557617,6535632,-0.008361505699606394
2018-08-15,13.005249977111816,3411910,-0.008835317126884413
2018-08-16,13.220338821411133,5103322,0.01640334321976988
2018-08-17,13.178372383117676,8374805,-0.0031794335201310937
2018-08-20,13.309527397155762,2598342,0.00990309439424401
2018-08-21,13.435437202453613,30621022,0.009415659163419545
2018-08-22,13.891851425170898,23261714,0.033406656243762205
2018-08-23,13.781681060791016,4392964,-0.00796218888711355
2018-08-24,13.802666664123535,2766141,0.0015215590805712645
2018-08-27,13.965300559997559,16395767,0.011713911516657745
2018-08-28,13.876112937927246,3074434,-0.006406853384521609
2018-08-29,13.582328796386719,4068743,-0.021399273514397427
2018-08-30,13.068203926086426,4277718,-0.03858749603084784
2018-08-31,13.146894454956055,11928233,0.006003468998692493
2018-09-03,13.178372383117676,796580,0.0023914624195331222
2018-09-04,13.000003814697266,6314550,-0.013627379131448042
2018-09-05,12.727204322814941,19877792,-0.021207875739223444
2018-09-06,12.826876640319824,13919727,0.007800931922190611
2018-09-07,12.821633338928223,3134966,-0.00040885817296090494
2018-09-10,12.853113174438477,15028425,0.002452203473064505
2018-09-11,12.805892944335938,3383050,-0.0036806011262447654
2018-09-12,12.874094009399414,14637592,0.005311624615283689
2018-09-13,12.77441692352295,7236048,-0.007772582818003537
2018-09-14,12.947543144226074,6883929,0.013461558500266027
2018-09-17,12.93179988861084,6639480,-0.0012166659360161583
2018-09-18,12.937047958374023,19472136,0.00040574438152203996
2018-09-19,12.921305656433105,11915587,-0.0012175797516153094
2018-09-20,12.443909645080566,7384387,-0.03764623216146499
2018-09-21,12.485876083374023,26809357,0.003366774058305193
2018-09-24,12.748185157775879,11959395,0.020790828761609884
2018-09-25,12.853113174438477,14000993,0.00819713147635811
2018-09-26,12.884587287902832,6607440,0.002445760778013865
2018-09-27,12.926555633544922,20048807,0.003251958485932311
2018-09-28,12.91081714630127,84902582,-0.0012182731831390733
2018-10-01,13.309527397155762,24160259,0.030414625961814257
2018-10-02,13.083940505981445,10346640,-0.017094561841459098
2018-10-03,12.952786445617676,11639107,-0.010074628038311143
2018-10-04,12.952786445617676,6115494,0.0
2018-10-05,12.832124710083008,6500111,-0.00935916479019529
2018-10-08,12.742940902709961,11976992,-0.0069743061638032145
2018-10-09,12.884587287902832,9331155,0.011054349569161556
2018-10-10,12.732446670532227,11631102,-0.011878221845189321
2018-10-11,12.93179988861084,16086891,0.015535794302460451
2018-10-12,13.036726951599121,5020202,0.008081138730233119
2018-10-15,13.020991325378418,7592713,-0.0012077518043746424
2018-10-16,13.398711204528809,7991000,0.028595751020925365
2018-10-17,13.430187225341797,13152185,0.0023464277027090614
2018-10-18,13.178372383117676,6259790,-0.018927921236400826
2018-10-19,13.089189529418945,4604221,-0.006790367273046256
2018-10-22,12.653757095336914,10079056,-0.03383248809750505
2018-10-23,12.811141014099121,4844403,0.0123610094201991
2018-10-24,12.438661575317383,5912338,-0.02950569296664115
2018-10-25,12.585556030273438,6468350,0.011740318481465535
2018-10-26,12.443909645080566,9568368,-0.011318491509122725
2018-10-29,11.546812057495117,17333225,-0.0748219315552411
2018-10-30,11.415661811828613,32971435,-0.01142313084702006
2018-10-31,11.452383995056152,21822412,0.003211661818654792
2018-11-01,11.672719955444336,12451309,0.01905657408432388
2018-11-05,11.898307800292969,8612956,0.01914169676255634
2018-11-06,12.118644714355469,15882154,0.01834896379087952
2018-11-07,12.352461814880371,3812355,0.01911022830553995
2018-11-08,11.874059677124023,7750105,-0.03949921874512818
2018-11-09,11.895564079284668,11815958,0.0018094024750267305
2018-11-12,12.013819694519043,11924795,0.00989206419174042
2018-11-13,11.938560485839844,11040894,-0.006284089996611392
2018-11-14,12.008444786071777,10458962,0.005836596086010044
2018-11-15,12.158951759338379,10825594,0.012455534363190707
2018-11-16,11.771929740905762,9954502,-0.032347806789698716
2018-11-20,11.616046905517578,8058885,-0.013330365947044717
2018-11-21,11.599920272827148,3720358,-0.0013892710271637744
2018-11-22,11.48166275024414,1492456,-0.010247005781832614
2018-11-23,11.470915794372559,2671724,-0.0009364487424415483
2018-11-26,11.191396713256836,13541332,-0.024669438012147046
2018-11-27,11.083891868591309,9983432,-0.009652461197511229
2018-11-28,11.804182052612305,11168267,0.0629610085984972
2018-11-29,11.255900382995605,9738389,-0.04756141027296516
2018-11-30,11.073138236999512,15656135,-0.016370272859519346
2018-12-03,11.62142276763916,5296604,0.048327988416842445
2018-12-04,11.105389595031738,12791361,-0.04541964562605487
2018-12-05,11.255900382995605,2959792,0.013461930068731679
2018-12-06,11.395658493041992,5783908,0.012339979272945006
2018-12-07,11.594545364379883,12431144,0.01730231139110227
2018-12-10,11.755802154541016,6308633,0.013812158785143289
2018-12-11,11.685925483703613,13443016,-0.005961751529706617
2018-12-13,11.79343318939209,6565071,0.009157699621610059
2018-12-14,11.93319034576416,5632498,0.011780755278972514
2018-12-17,11.599920272827148,5209842,-0.028325397411666575
2018-12-18,11.895564079284668,7346369,0.02516733911957745
2018-12-19,11.986942291259766,6583727,0.0076523507600863745
2018-12-20,11.73430347442627,3949026,-0.021301441938775492
2018-12-21,11.77730655670166,13730643,0.0036580336413559716
2018-12-24,11.79343318939209,701633,0.0013683605504497412
2018-12-26,11.863310813903809,2074591,0.0059076454249906455
2018-12-27,11.63754653930664,3750275,-0.01921387093792347
2018-12-28,11.739681243896484,4156403,0.00873802106852882
2018-12-31,11.739681243896484,1518489,0.0
2019-01-02,12.185830116271973,1928502,0.037299148090793884
2019-01-03,12.529850959777832,2436398,0.02784006333102979
2019-01-04,12.266456604003906,4363680,-0.021245442480118643
2019-01-07,12.691110610961914,8307194,0.03403336480453501
2019-01-08,12.868494033813477,3749804,0.013880204580605912
2019-01-09,12.868494033813477,6191385,0.0
2019-01-10,12.975997924804688,20169033,0.008319336375695499
2019-01-11,12.734113693237305,4665221,-0.01881682757159325
2019-01-14,13.217884063720703,16207895,0.03728625604311641
2019-01-15,12.87386703491211,6579993,-0.026371320529479922
2019-01-16,12.943747520446777,6561221,0.005413409208562646
2019-01-17,12.863120079040527,6142416,-0.006248546316773786
2019-01-18,13.088881492614746,3367026,0.01739882051951957
2019-01-21,13.164133071899414,1840283,0.005732811003144817
2019-01-22,12.717979431152344,7473540,-0.03447924426204084
2019-01-23,13.239385604858398,16340141,0.040179449423409466
2019-01-24,13.34689712524414,6527907,0.00808778779076626
2019-01-25,13.470527648925781,5437065,0.009220229053890727
2019-01-28,13.54577922821045,11716157,0.0055708409177912515
2019-01-29,13.475903511047363,9429596,-0.005171837267846748
2019-01-30,13.642536163330078,9000266,0.012289405399567823
2019-01-31,14.104817390441895,9619114,0.033323827069178184
2019-02-01,14.008061408996582,4635765,-0.006883419102818538
2019-02-05,14.239194869995117,6376515,0.016365385531167148
2019-02-06,14.423542022705078,3777289,0.01286336997961116
2019-02-07,14.544427871704102,6406904,0.008346221787397757
2019-02-08,14.297167778015137,3058729,-0.017146495955528744
2019-02-11,14.516952514648438,5281493,0.015255645288665175
2019-02-12,14.445521354675293,4348289,-0.004932679793167667
2019-02-13,14.22024154663086,7438559,-0.015718015031492075
2019-02-14,14.121332168579102,4489254,-0.006979836801013191
2019-02-15,14.390572547912598,10524348,0.018886734178532788
2019-02-18,14.055403709411621,416445,-0.023566380519922714
2019-02-19,14.368595123291016,7415495,0.02203800326290318
2019-02-20,14.52794075012207,5701723,0.011028812774590458
2019-02-21,14.566401481628418,9180455,0.0026438648176631014
2019-02-22,14.7861909866333,5304315,0.014976095427068872
2019-02-25,14.7971830368042,5967546,0.0007431235306720519
2019-02-26,14.593878746032715,6898043,-0.013834650474713809
2019-02-27,14.494972229003906,5049436,-0.006800330358198436
2019-02-28,14.659820556640625,10841428,0.011308609575281216
2019-03-01,14.725749015808105,3127470,0.0044871391465911405
2019-03-04,14.626849174499512,3957111,-0.006738770784724155
2019-03-05,14.44002628326416,6244022,-0.012854870773493903
2019-03-06,14.7971830368042,7709125,0.024432873669258254
2019-03-07,15.066423416137695,6756708,0.0180318257902015
2019-03-08,15.121371269226074,3820766,0.0036404059550793873
2019-03-11,14.918062210083008,4275365,-0.01353635138832594
2019-03-12,15.220269203186035,6692626,0.020055332080179282
2019-03-13,15.099388122558594,4933140,-0.0079738184250726
2019-03-14,15.088397026062012,2857995,-0.0007281817415977519
2019-03-15,15.35763931274414,22632535,0.017686985757971892
2019-03-19,15.231266021728516,8218060,-0.008262735042073435
2019-03-20,15.187301635742188,8985469,-0.002890630294911557
2019-03-21,15.165326118469238,9105336,-0.0014480144052539921
2019-03-22,15.033454895019531,3475404,-0.00873360163809047
2019-03-25,15.165326118469238,2501911,0.008733601638090522
2019-03-26,15.104884147644043,3773003,-0.0039935005816892815
2019-03-27,15.022466659545898,4934344,-0.005471287151842665
2019-03-28,14.665308952331543,4805732,-0.024062088322383126
2019-03-29,14.736741065979004,10302480,0.004858998208954216
2019-04-01,14.918062210083008,13687926,0.012228939917719074
2019-04-02,14.918062210083008,10958760,0.0
2019-04-03,14.951033592224121,10376288,0.002207726390605815
2019-04-04,15.05543041229248,5087220,0.00695831679984531
2019-04-05,15.110380172729492,8833791,0.0036431854572728205
2019-04-08,15.187301635742188,4622337,0.005077723686771991
2019-04-09,15.264232635498047,10131706,0.005052695390617654
2019-04-10,15.247748374938965,16382342,-0.001080510777535563
2019-04-11,14.841136932373047,4616293,-0.027028997109229513
2019-04-12,14.714763641357422,2562496,-0.008551528370788873
2019-04-15,14.544427871704102,4027106,-0.011643363003486248
2019-04-16,14.769704818725586,8015609,0.015370155028397201
2019-04-17,15.082903861999512,5258475,0.020983796682498355
2019-04-22,14.994989395141602,1557507,-0.005845802860433396
2019-04-23,14.90157699584961,4436589,-0.006249058975896616
2019-04-24,14.989496231079102,3740536,0.005882658551861915
2019-04-25,15.137853622436523,3179645,0.00984876474541658
2019-04-26,15.049942970275879,3613268,-0.0058242674585371095
2019-04-29,14.940041542053223,2347685,-0.007329241543874641
2019-04-30,15.527973175048828,8197208,0.03859815805049905
2019-05-02,15.082903861999512,3120935,-0.029081210509035862
2019-05-03,14.846632957458496,3769388,-0.015788805166317397
2019-05-06,15.220269203186035,2426025,0.024854937071527885
2019-05-07,14.541491508483887,6920552,-0.0456219932199805
2019-05-08,14.603229522705078,5306823,0.004236657918332594
2019-05-09,14.709864616394043,5161181,0.007275626624354667
2019-05-10,14.57516860961914,5259381,-0.009199030480151232
2019-05-13,14.434860229492188,4551299,-0.009673170265400292
2019-05-14,14.53027057647705,8046047,0.006587969010172285
2019-05-15,14.07567024230957,6621443,-0.03178630708836379
2019-05-16,13.65474796295166,6021944,-0.03036049497534065
2019-05-17,13.789443969726562,3568019,0.00981607246149002
2019-05-20,13.84556770324707,5250697,0.0040617902641822065
2019-05-21,13.705257415771484,7219399,-0.010185647793599817
2019-05-22,13.952199935913086,5760837,0.017857685137187076
2019-05-23,13.823118209838867,4346304,-0.009294774209734707
2019-05-24,13.447090148925781,7433211,-0.02757968628626767
2019-05-27,13.318010330200195,1748033,-0.009645457491793895
2019-05-28,13.682806968688965,47041871,0.027022799570784326
2019-05-29,14.081284523010254,10266923,0.02870649798016163
2019-05-30,14.221590042114258,6471112,0.009914658535522782
2019-05-31,14.114956855773926,7072003,-0.007526230353301152
2019-06-03,14.041997909545898,7116587,-0.0051823153548070655
2019-06-04,14.047608375549316,5563731,0.0003994691859389733
2019-06-05,14.109342575073242,4422340,0.004385013033028104
2019-06-06,14.187921524047852,4702057,0.005553833803886701
2019-06-07,14.171079635620117,1764975,-0.0011877633004723448
2019-06-10,14.490981101989746,5548160,0.022323220496538784
2019-06-11,14.204754829406738,4814722,-0.019949707242688523
2019-06-12,14.114956855773926,4073666,-0.006341750621424551
2019-06-13,14.154242515563965,5479892,0.0027793984940510295
2019-06-14,14.148630142211914,2947700,-0.00039659390716095767
2019-06-17,13.755770683288574,2731354,-0.028159387538836893
2019-06-18,14.227203369140625,4705113,0.03369744003110383
2019-06-19,14.333834648132324,4077242,0.007466939707443783
2019-06-20,14.345059394836426,4819871,0.0007827880154969841
2019-06-21,14.434860229492188,16631348,0.006240540436804107
2019-06-24,14.199141502380371,3015304,-0.016464625116484447
2019-06-25,14.429243087768555,4904674,0.016075412139188554
2019-06-26,14.524657249450684,4058128,0.006590787835685101
2019-06-27,14.249651908874512,4410018,-0.01911522620670667
2019-06-28,14.266488075256348,4982991,0.0011808167828791585
2019-07-01,14.143017768859863,2932278,-0.008692237342867512
2019-07-02,14.03077220916748,5905927,-0.007968125954050827
2019-07-03,14.081284523010254,7269853,0.0035936444412331815
2019-07-04,14.148630142211914,1774591,0.004771232769111727
2019-07-05,14.081284523010254,4156998,-0.004771232769111705
2019-07-08,14.126182556152344,6948431,0.003183417421565464
2019-07-09,14.09812068939209,6491340,-0.0019884902569764704
2019-07-10,14.047608375549316,7475363,-0.0035893451512354806
2019-07-11,14.148630142211914,8383398,0.007165650755758283
2019-07-12,14.171079635620117,3674176,0.0015854327806840453
2019-07-15,14.244038581848145,2698398,0.005135231604566066
2019-07-16,14.131792068481445,4334612,-0.007911458185618963
2019-07-17,14.041997909545898,5185524,-0.006374326141328206
2019-07-18,14.373122215270996,4494552,0.02330725992437037
2019-07-19,13.95781135559082,4758045,-0.029320644290345456
2019-07-22,13.918524742126465,2219264,-0.0028186372367385946
2019-07-23,13.705257415771484,8683176,-0.015441155925037675
2019-07-24,13.828730583190918,2759610,0.008968842080275104
2019-07-25,13.761384010314941,3578604,-0.004881944683900412
2019-07-26,13.632299423217773,5901764,-0.009424475015044518
2019-07-29,13.727705001831055,4730712,0.0069741191432716515
2019-07-30,13.514439582824707,4007417,-0.015657341161378964
2019-07-31,13.823118209838867,9094826,0.02258371056422945
2019-08-01,13.598621368408203,4233326,-0.01637400548947303
2019-08-02,13.368515968322754,6641890,-0.017066029814200356
2019-08-05,13.385357856750488,4603746,0.0012590244510074084
2019-08-06,13.6940336227417,9250885,0.022798823715343444
2019-08-07,13.857100486755371,6286708,0.011837535800677017
2019-08-08,14.0353422164917,8740950,0.012780820807445154
2019-08-09,14.0353422164917,3847166,0.0
2019-08-12,14.01809310913086,4183189,-0.0012297324255914407
2019-08-13,13.966346740722656,5632339,-0.0036982285629654603
2019-08-14,14.029593467712402,7686983,0.004518286159839125
2019-08-15,14.288337707519531,4393971,0.018274741834177932
2019-08-16,14.713824272155762,5706484,0.029343818938357337
2019-08-19,14.495329856872559,3216717,-0.014960959826203428
2019-08-20,14.5930757522583,5589080,0.006720633960188169
2019-08-21,15.064562797546387,6736107,0.03179799841707043
2019-08-22,14.984066009521484,12515719,-0.005357780623011783
2019-08-23,14.972570419311523,7092789,-0.0007674820770710077
2019-08-26,14.863319396972656,5480631,-0.007323496051560942
2019-08-27,15.093313217163086,28532591,0.015355420103558058
2019-08-28,15.145062446594238,3927443,0.003422755278118167
2019-08-29,15.806290626525879,7151621,0.04273343399629917
2019-08-30,15.921287536621094,8358615,0.0072490508466789595
2019-09-02,15.743040084838867,534655,-0.011258684331865143
2019-09-03,15.852289199829102,4882083,0.006915550675694387
2019-09-04,16.473270416259766,12779056,0.038425173650710756
2019-09-05,16.473270416259766,5906388,0.0
2019-09-06,16.208776473999023,7976053,-0.01618623936153275
2019-09-09,16.157039642333984,3502049,-0.0031970073330021167
2019-09-10,15.92703628540039,8061379,-0.014337785362893042
2019-09-11,16.105281829833984,8002746,0.011129221655038334
2019-09-12,15.90403938293457,6193989,-0.0125741559517352
2019-09-13,16.335277557373047,4959354,0.026753910281088308
2019-09-17,16.381277084350586,7332573,0.002812004979897909
2019-09-18,16.24903106689453,5448747,-0.008105761117933345
2019-09-19,16.611265182495117,3651784,0.02204781030651955
2019-09-20,16.749263763427734,33913993,0.00827321223094444
2019-09-23,16.69751739501953,1774951,-0.0030942534918251387
2019-09-24,16.059284210205078,8187479,-0.03897291159135689
2019-09-25,16.66301727294922,7889818,0.03690459136131068
2019-09-26,16.824012756347656,8946907,0.009615467462387768
2019-09-27,16.542268753051758,2452565,-0.016888348777119956
2019-09-30,16.582517623901367,9032636,0.0024301373720141605
2019-10-01,16.680269241333008,10527877,0.005877553148816742
2019-10-02,16.542268753051758,3406632,-0.008307690520830796
2019-10-03,16.78951072692871,5934741,0.014835482075845736
2019-10-04,17.496742248535156,7448541,0.04126037645142962
2019-10-07,17.289752960205078,7227582,-0.011900694796274822
2019-10-08,17.335750579833984,16922309,0.0026568651418198115
2019-10-09,17.38174819946289,2669944,0.0026498249102534397
2019-10-10,18.146472930908203,14586300,0.04305551132167927
2019-10-11,17.858983993530273,8526322,-0.015969526381107775
2019-10-14,17.812984466552734,7089658,-0.0025790307886025816
2019-10-15,17.973981857299805,5967726,0.008997604068616041
2019-10-16,17.899227142333984,15742386,-0.004167724341223117
2019-10-17,17.72098731994629,4575037,-0.010007874053978568
2019-10-18,17.59449005126953,6516971,-0.007163873694512309
2019-10-21,17.766986846923828,8059016,0.009756275983979714
2019-10-22,17.778484344482422,8255083,0.0006469177408092549
2019-10-23,17.479494094848633,7619491,-0.016960553618691546
2019-10-24,17.117250442504883,10236322,-0.020941675044906117
2019-10-25,17.00800895690918,9878654,-0.0064024045927208095
2019-10-28,17.065502166748047,4779141,0.0033746604036700386
2019-10-29,16.772262573242188,8316535,-0.01733252399426349
2019-10-30,16.67452049255371,4334120,-0.005844649318564241
2019-10-31,16.80101203918457,15593120,0.007557289703003714
2019-11-01,16.893009185791016,7480428,0.0054607536811160555
2019-11-04,17.054006576538086,7913388,0.009485287246421302
2019-11-05,16.893009185791016,10060068,-0.009485287246421382
2019-11-06,17.130611419677734,6318030,0.013967125913006914
2019-11-07,16.9428768157959,11186065,-0.01101950597430474
2019-11-08,17.001544952392578,9031167,0.003456720837121419
2019-11-11,17.148212432861328,4746325,0.008589717380023969
2019-11-12,17.17754364013672,7558757,0.001708991601051215
2019-11-13,16.813812255859375,4403767,-0.021402221751248493
2019-11-14,16.93701171875,5166986,0.007300563101837756
2019-11-15,17.201007843017578,6653625,0.015466707815945734
2019-11-19,17.564741134643555,7612664,0.02092557041560716
2019-11-20,18.2218074798584,9519553,0.03672554193464573
2019-11-21,18.180744171142578,11074876,-0.002256068559515233
2019-11-22,18.145538330078125,6067717,-0.0019383129603641608
2019-11-25,17.670345306396484,6296412,-0.0265368803588224
2019-11-26,17.253808975219727,27245567,-0.023854898838526296
2019-11-27,17.412206649780273,9069052,0.009138562598725848
2019-11-28,17.47674560546875,1006517,0.0036996828584510847
2019-11-29,17.523679733276367,3361979,0.0026819191758533987
2019-12-02,17.3359432220459,3550877,-0.010771104811724306
2019-12-03,17.013277053833008,6492623,-0.01878794668277266
2019-12-04,17.11887550354004,3326186,0.006187642953330366
2019-12-05,17.136476516723633,7040969,0.001027635898888067
2019-12-06,17.025009155273438,11771072,-0.006525931460698837
2019-12-09,16.778610229492188,6422685,-0.014578515214907432
2019-12-10,16.966346740722656,5309553,0.011126903989370966
2019-12-11,16.86074447631836,5494804,-0.0062436706004652745
2019-12-13,17.013277053833008,12265696,0.009005934434482207
2019-12-16,16.75514793395996,9357481,-0.015288492005684563
2019-12-17,16.98394775390625,11134769,0.013563097808440915
2019-12-18,17.00741195678711,8729029,0.0013805982936584951
2019-12-19,16.97220802307129,18325556,-0.002072062391056267
2019-12-20,17.318342208862305,27918155,0.02018899902567012
2019-12-23,17.541275024414062,3919047,0.012790493556378447
2019-12-24,17.28900718688965,1768106,-0.014485799871987316
2019-12-26,17.488473892211914,1291678,0.011471152389568398
2019-12-27,17.5354061126709,3713423,0.002680014238470055
2019-12-30,17.159940719604492,1289655,-0.021644403956704503
2019-12-31,17.159940719604492,0,0.0
2020-01-02,17.5354061126709,3385260,0.021644403956704573
2020-01-03,17.81114387512207,4001843,0.015602278362049363
2020-01-06,17.96660614013672,4866519,0.008690498613507751
2020-01-07,17.576473236083984,3737015,-0.021953560567824756
2020-01-08,17.893280029296875,3951491,0.01786396515247152
2020-01-09,18.03994369506836,16544886,0.008163168511407661
2020-01-10,18.086875915527344,14062065,0.0025981942150806077
2020-01-13,18.198339462280273,3847880,0.006143763855287855
2020-01-14,18.239404678344727,12572081,0.0022539942808709173
2020-01-15,18.350875854492188,18718926,0.006092957986651403
2020-01-16,18.562074661254883,4879087,0.011443198577047632
2020-01-17,19.225004196166992,12004846,0.035091231229246546
2020-01-20,19.031404495239258,979781,-0.010121250804180405
2020-01-21,18.90233612060547,5205770,-0.0068049641616083015
2020-01-22,18.93753433227539,10695685,0.0018603775013191918
2020-01-23,18.990331649780273,9819707,0.002784092921720878
2020-01-24,18.849536895751953,12488694,-0.007441643387491568
2020-01-27,18.433002471923828,5042678,-0.022345675110404205
2020-01-28,18.468202590942383,7049948,0.0019078038039744014
2020-01-29,18.49167251586914,13272971,0.0012700220449118724
2020-01-30,18.403676986694336,14952413,-0.0047700155823617064
2020-01-31,18.227676391601562,13656317,-0.00960936100804258
2020-02-04,18.6119384765625,4706031,0.020862108522192054
2020-02-05,18.661806106567383,8544398,0.0026757526143673833
2020-02-06,18.7146053314209,7388258,0.0028252717659693594
2020-02-07,18.666784286499023,4466792,-0.002558549668577944
2020-02-10,18.666784286499023,7314113,0.0
2020-02-11,18.70265007019043,11961854,0.0019195256937311965
2020-02-12,18.624942779541016,7903415,-0.0041635367818713504
2020-02-13,18.756441116333008,7980230,0.007035527607734831
2020-02-14,18.82817268371582,3593547,0.003817075511743886
2020-02-17,18.52931022644043,1322879,-0.016000480229468903
2020-02-18,18.52333641052246,3996205,-0.00032245016277841066
2020-02-19,18.48746681213379,9534445,-0.0019383318650742854
2020-02-20,18.52333641052246,7070172,0.0019383318650742925
2020-02-21,18.32010841369629,5843067,-0.01103208774207084
2020-02-24,18.051136016845703,5962060,-0.014790656986861288
2020-02-25,18.433673858642578,10134367,0.020970473013836564
2020-02-26,18.075040817260742,8401087,-0.019647066774990715
2020-02-27,17.519166946411133,5282832,-0.031236490601697215
2020-02-28,17.686527252197266,25473377,0.00950764189195465
2020-03-02,17.638708114624023,13732172,-0.0027073657845742903
2020-03-03,17.871816635131836,16691556,0.013129170613504552
2020-03-04,18.738513946533203,11205109,0.04735599281074002
2020-03-05,19.01346778869629,8140688,0.01456658385985757
2020-03-06,18.27826499938965,7301478,-0.03943491003293567
2020-03-09,16.64649772644043,5407801,-0.09351280147535455
2020-03-10,17.082828521728516,9441783,0.025873931426064825
2020-03-11,16.473154067993164,9947289,-0.03634174928644664
2020-03-12,14.823451042175293,6958884,-0.1055215730759029
2020-03-13,15.492894172668457,9167893,0.044171021732386156
2020-03-17,13.40087604522705,18512968,-0.14506139700684076
2020-03-18,11.858757972717285,8702228,-0.12225341729795526
2020-03-19,10.998040199279785,20491823,-0.07534957080794578
2020-03-20,10.693206787109375,34271211,-0.02810843308650302
2020-03-23,9.378220558166504,12728528,-0.1312186210677074
2020-03-24,10.400320053100586,30829791,0.10344654094111692
2020-03-25,12.46843147277832,7799797,0.18136338771058816
2020-03-26,12.82706356048584,18607156,0.02835731179500593
2020-03-27,11.787032127380371,39572049,-0.08455732461307613
2020-03-30,11.081724166870117,10810526,-0.061702674961525296
2020-03-31,11.11160945892334,21887341,0.0026931790077888446
2020-04-01,10.8187255859375,15601568,-0.026711975652905496
2020-04-02,11.153446197509766,5276895,0.030470042865544292
2020-04-03,11.027928352355957,7192381,-0.011317529906037497
2020-04-06,11.745189666748047,5422401,0.06301277044739698
2020-04-07,13.215583801269531,9161464,0.11795295754486598
2020-04-08,12.70154094696045,9558637,-0.03967340373759086
2020-04-13,11.954394340515137,4323827,-0.060624382488267264
2020-04-14,12.03807258605957,5255223,0.006975404829318813
2020-04-15,11.67346477508545,10313990,-0.03075604472369637
2020-04-16,11.745189666748047,9413161,0.006125468575369538
2020-04-17,11.494148254394531,13204970,-0.021605708284726084
2020-04-20,11.344719886779785,7431134,-0.013085630947190919
2020-04-21,10.860565185546875,7574667,-0.04361407145162181
2020-04-22,10.729068756103516,3985676,-0.012181591950157285
2020-04-23,11.063791275024414,7746492,0.030720964878615784
2020-04-24,10.980109214782715,4134598,-0.007592346214662427
2020-04-27,10.812748908996582,5928617,-0.01535949025517531
2020-04-28,10.723092079162598,15775226,-0.008326338206098838
2020-04-29,11.625649452209473,6562785,0.08081426249748948
2020-04-30,11.816917419433594,10002751,0.01631836757758946
2020-05-04,11.530014038085938,7371941,-0.024578632540049442
2020-05-05,11.571854591369629,4787353,0.003622269670335335
2020-05-06,11.410469055175781,7093013,-0.014044549318284858
2020-05-07,11.647445678710938,5484441,0.020555628766291877
2020-05-08,11.641377449035645,12114431,-0.0005211280775621776
2020-05-11,11.501771926879883,5497009,-0.012064668749715377
2020-05-12,11.10118579864502,7635872,-0.03544917277899183
2020-05-13,10.718806266784668,6396497,-0.035052137587504015
2020-05-14,10.761290550231934,6369112,0.003955693422328265
2020-05-15,10.694527626037598,4798179,-0.006223313333565683
2020-05-18,11.016213417053223,7298210,0.02963596078901128
2020-05-19,10.688459396362305,6850391,-0.03020353629488782
2020-05-20,11.113325119018555,5362402,0.03898025119911411
2020-05-21,10.925171852111816,3691226,-0.01707537848540917
2020-05-22,10.913031578063965,4291820,-0.0011118382826043772
2020-05-25,10.80984878540039,1146031,-0.009499989592065076
2020-05-26,10.524581909179688,6723326,-0.02674398796762102
2020-05-27,10.718806266784668,11242647,0.018286138545699684
2020-05-28,10.579204559326172,6596422,-0.013109553556553587
2020-05-29,10.263589859008789,20915275,-0.030287572837115567
2020-06-01,10.797710418701172,7222353,0.05073144604886071
2020-06-02,11.161880493164062,7802420,0.03317033234286926
2020-06-03,11.981267929077148,18196424,0.07083997850880507
2020-06-04,12.193703651428223,7134157,0.01757530013293216
2020-06-05,12.867422103881836,17687866,0.05377897444451943
2020-06-08,13.462236404418945,16614282,0.04518976348728527
2020-06-09,13.025232315063477,7857526,-0.03300003873366994
2020-06-10,12.733892440795898,14922042,-0.02262128862621774
2020-06-11,12.284746170043945,9944534,-0.03590879096287788
2020-06-12,12.363648414611816,4042144,0.006402243667855916
2020-06-15,11.969131469726562,6896447,-0.032429629631186924
2020-06-16,12.181563377380371,7278498,0.017592652134304172
2020-06-17,11.611026763916016,16380155,-0.047968380461043486
2020-06-18,11.343969345092773,9843441,-0.023268962205822346
2020-06-19,11.586749076843262,26937830,0.021175856719937075
2020-06-22,11.617097854614258,4446268,0.0026158416891897437
2020-06-23,11.963059425354004,7023070,0.029345554711668217
2020-06-24,12.084450721740723,3548472,0.01009604127502872
2020-06-25,11.689929962158203,8831997,-0.03319177767556269
2020-06-26,11.155810356140137,18049396,-0.04676731385455114
2020-06-29,11.076909065246582,7879927,-0.007097793179770843
2020-06-30,11.076909065246582,20230671,0.0
2020-07-01,10.937309265136719,10542937,-0.012682864255040002
2020-07-02,10.967658042907715,4395420,0.0027709511511974424
2020-07-03,11.198299407958984,809174,0.02081116413051029
2020-07-06,11.09511947631836,3778457,-0.009256603387784543
2020-07-07,10.931239128112793,9867268,-0.014880659594691065
2020-07-08,11.046560287475586,10013428,0.010494428088011954
2020-07-09,10.925171852111816,6202430,-0.011049622274497012
2020-07-10,10.967658042907715,4205379,0.0038812930384503085
2020-07-13,10.919099807739258,7454842,-0.0044372323367249215
2020-07-14,10.834126472473145,4605603,-0.00781252089875186
2020-07-15,10.500303268432617,9255429,-0.031296871377078976
2020-07-16,10.391050338745117,8837600,-0.010459248139201826
2020-07-17,10.560996055603027,6387207,0.016222705962148417
2020-07-20,10.293936729431152,5152140,-0.025612542419596287
2020-07-21,10.13613224029541,25801257,-0.015448565328029485
2020-07-22,10.560996055603027,13460784,0.04106110774762576
2020-07-23,10.834126472473145,5848904,0.025533413554132422
2020-07-24,10.791641235351562,6342828,-0.0039291360522514815
2020-07-27,10.372841835021973,8010605,-0.03958084620211914
2020-07-28,10.597414016723633,5331785,0.021418982091365606
2020-07-29,10.64597225189209,4492508,0.004571617643761662
2020-07-30,10.815917015075684,4537957,0.015837218536354378
2020-07-31,10.894822120666504,9171895,0.007268794720645436
2020-08-03,10.937309265136719,5648988,0.0038921713465228606
2020-08-04,11.186161041259766,6603480,0.022497580059915433
2020-08-05,11.192228317260742,13359140,0.0005422442207467602
2020-08-06,11.2791166305542,6303389,0.0077332929128976656
2020-08-07,11.223645210266113,7000366,-0.004930197727880964
2020-08-10,11.414714813232422,5109642,0.016880563778298757
2020-08-11,11.544146537780762,9110828,0.011275219079371403
2020-08-12,11.66125202178955,8636470,0.010093037430806398
2020-08-13,11.655089378356934,8877645,-0.0005286115407523535
2020-08-14,11.722885131835938,5563552,0.005799984382942146
2020-08-17,11.673580169677734,7867239,-0.004214742228005173
2020-08-18,11.408551216125488,6675371,-0.022965002395230763
2020-08-19,11.069561004638672,8024566,-0.030164091265372703
2020-08-20,10.699753761291504,6131732,-0.03397836138369611
2020-08-21,10.792205810546875,12275204,0.008603461142496452
2020-08-24,10.82302188873291,7136973,0.002851332356327682
2020-08-25,10.866164207458496,10913976,0.003978238319605823
2020-08-26,10.866164207458496,3159437,0.0
2020-08-27,10.80453109741211,8448810,-0.0056881678560650835
2020-08-28,10.712079048156738,6996560,-0.008593604438133786
2020-08-31,10.527177810668945,28364808,-0.01741171172170027
2020-09-01,10.724407196044922,6986306,0.018561914148244194
2020-09-02,10.53950309753418,7868213,-0.017391792635012778
2020-09-03,10.255985260009766,17946063,-0.027268934584664114
2020-09-04,10.138880729675293,15382399,-0.011483852589042262
2020-09-07,10.42856216430664,1239930,0.028170793356822467
2020-09-08,10.151205062866211,5025530,-0.02695597989249428
2020-09-09,10.22516918182373,9832367,0.007259823845583629
2020-09-10,10.06491756439209,8461545,-0.015796378957088013
2020-09-11,10.058754920959473,12680366,-0.0006124770346716581
2020-09-14,10.274476051330566,9704663,0.0212193748110432
2020-09-15,10.237494468688965,8592743,-0.0036058576308589264
2020-09-17,10.101898193359375,99345276,-0.013333562754751553
2020-09-18,10.089573860168457,22557768,-0.0012207465298959717
2020-09-21,10.01561164855957,4542285,-0.007357559096417535
2020-09-22,10.132716178894043,16570285,0.011624373991790154
2020-09-23,9.929323196411133,6645964,-0.0202770962176234
2020-09-24,10.385418891906738,12127475,0.044910474486682214
2020-09-25,10.607303619384766,6353980,0.021139991789094863
2020-09-28,10.6011381149292,8782157,-0.0005814198616278253
2020-09-29,10.662774085998535,7879976,0.005797253403737707
2020-09-30,10.77988052368164,12438228,0.010922864181988802
2020-10-01,10.607303619384766,3188251,-0.016138697724098705
2020-10-02,10.724407196044922,2671731,0.010979405641503992
2020-10-05,10.668936729431152,3771962,-0.005185780317254728
2020-10-06,10.582646369934082,2757603,-0.008120885236805373
2020-10-07,10.484033584594727,8285948,-0.009362035766108945
2020-10-08,10.527177810668945,9244756,0.0041067871719248404
2020-10-09,10.527177810668945,2402646,0.0
2020-10-12,10.56415843963623,11069460,0.0035067163525806114
2020-10-13,10.570321083068848,5099474,0.0005831838537264908
2020-10-14,10.434724807739258,9971679,-0.012911008109306534
2020-10-15,10.49019718170166,12138623,0.005302051204056667
2020-10-16,10.39774227142334,5568117,-0.00885252604941568
2020-10-19,10.39774227142334,16110120,0.0
2020-10-20,10.749063491821289,5312862,0.03322994044506227
2020-10-21,10.77988052368164,10908662,0.0028628485341350767
2020-10-22,10.903148651123047,15565176,0.01137013232352927
2020-10-23,10.668936729431152,3875511,-0.02171520472337874
2020-10-26,10.508687019348145,7316080,-0.015134159586774106
2020-10-27,10.391582489013672,8577652,-0.011206147917089805
2020-10-28,10.01561164855957,17659006,-0.03685106187032898
2020-10-29,9.941649436950684,2350183,-0.00741209426584527
2020-10-30,9.904668807983398,10734999,-0.003726703493390948
2020-11-03,9.910831451416016,3792294,0.0006220023265252822
2020-11-04,9.86768627166748,15929969,-0.004362839398720594
2020-11-05,9.978630065917969,8418265,0.01118040728963165
2020-11-06,10.1990327835083,9796902,0.021847077690617216
2020-11-09,10.902411460876465,16865129,0.06669110906125991
2020-11-10,10.902411460876465,9051864,0.0
2020-11-11,11.298063278198242,28401011,0.035647320010184
2020-11-12,11.059418678283691,14552434,-0.021348885740254328
2020-11-13,11.197579383850098,7261564,0.012415194521426727
2020-11-17,11.838160514831543,34875731,0.055630626962526075
2020-11-18,12.227532386779785,26682089,0.032361906648620375
2020-11-19,12.24637222290039,10556244,0.0015395859502149532
2020-11-20,11.93236255645752,8285272,-0.02597549664984314
2020-11-23,11.56811237335205,4998957,-0.031001871887093666
2020-11-24,12.36569881439209,15064463,0.06667403537057712
2020-11-25,12.704829216003418,12900468,0.0270557595198144
2020-11-26,12.560382843017578,2163442,-0.011434532707739163
2020-11-27,12.51014232635498,4829598,-0.004007940286590042
2020-11-30,12.623185157775879,17812498,0.008995513528385877
2020-12-01,12.96859359741211,14033352,0.026995342450384527
2020-12-02,12.654582977294922,9760088,-0.02451111714231297
2020-12-03,12.75506591796875,12091622,0.007909079333162122
2020-12-04,12.93719482421875,9148851,0.014177962690677321
2020-12-07,12.799027442932129,7205471,-0.010737295263251968
2020-12-08,12.842988014221191,4116891,0.003428795558723335
2020-12-09,12.96859359741211,3673886,0.009732574823002058
2020-12-10,13.948302268981934,13343883,0.07282724231327503
2020-12-11,14.086468696594238,15975968,0.009856869987867342
2020-12-14,14.168107986450195,6488543,0.005778852606282285
2020-12-15,13.998544692993164,4110050,-0.012040148595547431
2020-12-16,14.02366828918457,4257111,0.001793120546118346
2020-12-17,14.31883430480957,9646836,0.020829260665989325
2020-12-18,13.684535026550293,18168245,-0.045309389877047954
2020-12-21,13.395650863647461,8550771,-0.021336273185885067
2020-12-22,13.747337341308594,7120221,0.025915065594857012
2020-12-23,14.067630767822266,4454651,0.023031310566504357
2020-12-24,14.0613431930542,3995177,-0.000447053268386545
2020-12-28,14.03622817993164,1973761,-0.0017877004014235883
2020-12-29,14.375358581542969,3101418,0.023873816823018038
2020-12-30,14.375358581542969,3444244,0.0
2020-12-31,14.130431175231934,3873970,-0.01718482006601022
2021-01-04,14.262311935424805,15216987,0.00928981804455372
2021-01-05,14.23090934753418,10451922,-0.002204215542571899
2021-01-06,14.701925277709961,4232190,0.03256214287023025
2021-01-07,14.689364433288574,6031651,-0.0008547324945321488
2021-01-08,14.846369743347168,12304417,0.010631649648649785
2021-01-11,14.821253776550293,4429019,-0.0016931570390324347
2021-01-12,14.488398551940918,7725143,-0.02271398728691988
2021-01-13,14.099030494689941,10774100,-0.027242193531404692
2021-01-14,13.778739929199219,4784889,-0.0229792163767712
2021-01-15,14.199512481689453,4438388,0.030080812340980156
2021-01-18,14.136709213256836,543155,-0.004432727266477774
2021-01-19,13.979706764221191,5074951,-0.011168143267899862
2021-01-20,13.954585075378418,5101759,-0.0017986277052979298
2021-01-21,13.866661071777344,7381649,-0.006320658381351734
2021-01-22,13.803861618041992,3152594,-0.004539094708307899
2021-01-25,13.860380172729492,4392833,0.004086042462314633
2021-01-26,14.237192153930664,7892226,0.02682328346432172
2021-01-27,14.105308532714844,6776290,-0.009306488128942752
2021-01-28,14.31883430480957,6254043,0.015024536712833585
2021-01-29,14.375358581542969,13978178,0.0039397762516363505
2021-02-02,14.95941162109375,17313544,0.03982511045680196
2021-02-03,15.003376960754395,10968926,0.0029346648489639426
2021-02-04,15.072457313537598,8786877,0.004593752820566716
2021-02-05,15.340917587280273,4427626,0.01765455149002481
2021-02-08,14.959141731262207,2088279,-0.025201010796019014
2021-02-09,15.213658332824707,5095853,0.016870998908139975
2021-02-10,15.181846618652344,14593121,-0.002093186202249916
2021-02-11,15.213658332824707,5570636,0.002093186202249966
2021-02-12,15.213658332824707,5128207,0.0
2021-02-15,15.23910903930664,1067346,0.001671487658013215
2021-02-16,15.398181915283203,5899154,0.010384358439333304
2021-02-17,15.360003471374512,10848057,-0.0024824912806663177
2021-02-18,15.270922660827637,7621184,-0.005816413209370968
2021-02-19,15.258195877075195,3575006,-0.0008337472615776101
2021-02-22,15.150028228759766,8139068,-0.007114398011381559
2021-02-23,15.080036163330078,7627964,-0.00463063456236909
2021-02-24,15.105487823486328,4421116,0.0016863491386751677
2021-02-25,14.984596252441406,9194682,-0.008035352856129576
2021-02-26,15.054585456848145,12084526,0.004659869348754183
2021-03-01,15.334552764892578,5847019,0.018426006496912277
2021-03-02,15.353641510009766,4881086,0.0012440450166654384
2021-03-03,15.506352424621582,3296368,0.009897095992178818
2021-03-04,15.582701683044434,7632431,0.004911658723892393
2021-03-05,15.474536895751953,4818904,-0.006965540374926992
2021-03-08,15.582701683044434,6579176,0.006965540374927066
2021-03-09,15.366366386413574,5767661,-0.013980312407430745
2021-03-10,15.270922660827637,5093698,-0.006230579618189665
2021-03-11,15.194570541381836,8344806,-0.005012377695276494
2021-03-12,15.264561653137207,2807081,0.004595747147220535
2021-03-16,15.506352424621582,10634708,0.015715863849784073
2021-03-17,15.595431327819824,5312459,0.005728233948476506
2021-03-18,15.531798362731934,8170162,-0.004088578030469313
2021-03-19,15.18820858001709,24695063,-0.022370054243998856
2021-03-22,15.086400985717773,5370213,-0.006725634419366742
2021-03-23,15.067312240600586,5649380,-0.0012660959878376746
2021-03-24,15.054585456848145,10024468,-0.0008450187725605314
2021-03-25,14.984596252441406,6643017,-0.004659869348754197
2021-03-26,15.0227689743042,2435115,0.0025442248705011355
2021-03-29,15.18820858001709,6677779,0.010952393658017914
2021-03-30,15.474536895751953,10487900,0.018676516674956962
2021-03-31,15.200933456420898,9962353,-0.017839054588514487
2021-04-05,15.099126815795898,2987464,-0.006719922192890213
2021-04-06,15.353641510009766,7720461,0.016715762440260403
2021-04-07,15.45544719696045,6428016,0.0066088327677044124
2021-04-08,16.05992317199707,12929978,0.03836541410795295
2021-04-09,15.360003471374512,5239668,-0.044559970975835556
2021-04-12,15.296379089355469,6623576,-0.004150814157088067
2021-04-13,15.722689628601074,13865878,0.02748872876944708
2021-04-14,15.51908016204834,8358732,-0.013034623243399974
2021-04-15,15.869036674499512,9207503,0.022299586566802435
2021-04-16,15.900848388671875,8015248,0.002002633924608863
2021-04-19,15.544528007507324,12018689,-0.022663785509041513
2021-04-20,15.582701683044434,11051402,0.0024527524649207116
2021-04-21,15.76086711883545,3486411,0.011368670610156612
2021-04-22,15.881760597229004,7759443,0.0076412153697785834
2021-04-23,15.900848388671875,6863774,0.0012011470641856508
2021-04-26,15.856307983398438,5485107,-0.002805064405432654
2021-04-27,15.80540657043457,4075874,-0.0032153316732357828
2021-04-28,15.773594856262207,4016386,-0.0020147391301767056
2021-04-29,16.110824584960938,5724298,0.02115405017250557
2021-04-30,15.91357421875,7079916,-0.012318911084044419
2021-05-03,15.84994888305664,2997430,-0.004006194186087628
2021-05-04,15.65906047821045,2213052,-0.01211658151717785
2021-05-05,15.449085235595703,4037541,-0.0134999002183357
2021-05-06,15.69957447052002,4561296,0.016083814659583827
2021-05-07,15.570570945739746,2902013,-0.008250953420469805
2021-05-10,15.835021018981934,4181561,0.016841352586702468
2021-05-11,15.61571979522705,1942167,-0.013945921295786467
2021-05-12,15.286761283874512,5281912,-0.021290907801213427
2021-05-13,15.035213470458984,3290174,-0.01659216369323068
2021-05-14,15.448017120361328,4124612,0.027085638808648446
2021-05-17,15.248064994812012,1424750,-0.013028043966398681
2021-05-18,15.267414093017578,5461617,0.0012681498948768901
2021-05-19,14.886858940124512,5879690,-0.02524188583435571
2021-05-20,15.351263999938965,6820303,0.03071894243872975
2021-05-21,15.061013221740723,2972527,-0.019088316807251975
2021-05-24,14.893309593200684,2893109,-0.011197407587742386
2021-05-25,14.796557426452637,6387422,-0.006517544128667128
2021-05-26,14.603052139282227,3429774,-0.013163989890235185
2021-05-27,14.39019775390625,22670130,-0.014683294243643816
2021-05-28,15.022308349609375,5692521,0.04298905632981723
2021-05-31,15.241612434387207,1896755,0.014493027854899719
2021-06-01,14.86106014251709,5030924,-0.025284968671479696
2021-06-02,14.899758338928223,4800763,0.0026006151843947917
2021-06-03,15.080357551574707,5880774,0.01204807865934146
2021-06-04,14.738502502441406,11942277,-0.022929785150783005
2021-06-07,15.190016746520996,5673726,0.030175131612618335
2021-06-08,15.170662879943848,5361730,-0.0012749299051812576
2021-06-09,15.151311874389648,4511664,-0.00127636859657503
2021-06-10,15.04166030883789,2876389,-0.007263415271720581
2021-06-11,15.048110008239746,1377647,0.0004286971573838771
2021-06-14,14.925556182861328,1662442,-0.008177478693417782
2021-06-15,14.803008079528809,2496161,-0.008244515032995663
2021-06-16,14.719152450561523,3842310,-0.005680875178483469
2021-06-17,14.990056991577148,6771270,0.01823758052420864
2021-06-18,14.906208992004395,8914893,-0.0056092770560755
2021-06-21,14.886858940124512,3231437,-0.0012989635471414135
2021-06-22,14.783655166625977,7638132,-0.0069566836181501526
2021-06-23,14.545001983642578,18458806,-0.016274761532192417
2021-06-24,14.33859920501709,10011338,-0.014292282374708514
2021-06-25,14.061244010925293,6832057,-0.019532784754945538
2021-06-28,14.164443969726562,6297295,0.007312517500970246
2021-06-29,14.170899391174316,14296475,0.00045564449156075787
2021-06-30,13.887089729309082,39633028,-0.02023091110435045
2021-07-01,13.680685997009277,29583558,-0.01497455516802423
2021-07-02,13.822588920593262,8174694,0.010319075324522793
2021-07-05,13.822588920593262,648125,0.0
2021-07-06,13.641987800598145,3146266,-0.013151757262920206
2021-07-07,13.712937355041504,4231273,0.005187344738498461
2021-07-08,13.803240776062012,20490485,0.006563683720458898
2021-07-09,13.919340133666992,6409925,0.008375846154162845
2021-07-12,13.964489936828613,3676154,0.0032384247433811606
2021-07-13,13.841937065124512,10300240,-0.008814772586676666
2021-07-14,13.874192237854004,7419761,0.0023275390974399042
2021-07-15,14.054795265197754,9473928,0.012933196718014576
2021-07-16,14.29990005493164,5651996,0.017288910511588842
2021-07-19,13.777435302734375,8883414,-0.03722041717554393
2021-07-20,13.803240776062012,7162078,0.001871272537633248
2021-07-21,13.958039283752441,10436338,0.011152231578686451
2021-07-22,13.958039283752441,9607681,0.0
2021-07-23,13.89354133605957,1612967,-0.004631554946222638
2021-07-26,14.048341751098633,22629850,0.011080283911067954
2021-07-27,13.829038619995117,5713922,-0.01573373482112498
2021-07-28,13.75163745880127,7350662,-0.005612724225316381
2021-07-29,13.880642890930176,5784416,0.009337366861383811
2021-07-30,13.996745109558105,28050971,0.008329538613961133
2021-08-02,13.70003604888916,9633380,-0.021426346273946885
2021-08-03,13.758088111877441,9407170,0.004228413357257567
2021-08-04,13.829038619995117,3822444,0.005143751666660696
2021-08-05,13.947685241699219,14094901,0.008542932844061763
2021-08-06,13.862513542175293,7854267,-0.006125232435649981
2021-08-09,14.1835298538208,3208100,0.022893092420104587
2021-08-10,14.281800270080566,3707645,0.006904596309910706
2021-08-11,14.222834587097168,3761589,-0.004137275736995323
2021-08-12,14.2031831741333,1993069,-0.0013826358837553177
2021-08-13,14.072157859802246,5721000,-0.009267881298104335
2021-08-16,14.1442232131958,2699844,0.005108061866823051
2021-08-17,13.967334747314453,6342817,-0.012584916194137123
2021-08-18,13.99354362487793,4720333,0.0018746825396818115
2021-08-19,13.901823997497559,2169889,-0.0065759992230205126
2021-08-20,13.888721466064453,3131730,-0.0009429489191661647
2021-08-23,14.013195037841797,1021586,0.008922282991385993
2021-08-24,13.908377647399902,4846832,-0.007508021414559789
2021-08-25,14.052505493164062,3389755,0.010309339770098791
2021-08-26,14.150774955749512,4964330,0.0069686829833648795
2021-08-27,14.321105003356934,3135692,0.011964933813966107
2021-08-30,14.537297248840332,4130461,0.014983247383835881
2021-08-31,14.969680786132812,10892681,0.02930930365440504
2021-09-01,14.484888076782227,3675924,-0.03292097027698598
2021-09-02,14.46523666381836,3538390,-0.0013576049262810639
2021-09-03,14.602812767028809,1801582,0.009465866005295124
2021-09-06,14.550398826599121,309024,-0.0035957614299324094
2021-09-07,14.294903755187988,2201954,-0.0177153110135961
2021-09-08,14.281800270080566,4764126,-0.0009170746923227735
2021-09-09,14.098362922668457,1976256,-0.012927332430586027
2021-09-10,14.157325744628906,3300873,0.004173524718561867
2021-09-13,14.419374465942383,2924248,0.01834054071351768
2021-09-14,14.412823677062988,3011264,-0.0004544078782771715
2021-09-15,14.720734596252441,4015442,0.021138673270292983
2021-09-17,15.264488220214844,13227352,0.03627208257913728
2021-09-20,14.871416091918945,3688041,-0.026088111866238887
2021-09-21,15.113811492919922,2640374,0.016168006766778396
2021-09-22,15.330001831054688,6747609,0.01420281815436464
2021-09-23,15.49378490447998,2676302,0.010627157282859984
2021-09-24,14.66832447052002,4616541,-0.054748598665733936
2021-09-27,14.740388870239258,2788962,0.004900897439873818
2021-09-28,14.484888076782227,11156447,-0.017485364027713418
2021-09-29,14.812455177307129,16275408,0.022362488530611572
2021-09-30,15.330001831054688,4219173,0.034343419440101795
2021-10-01,15.035196304321289,9746154,-0.019417939481424097
2021-10-04,14.76659107208252,1300013,-0.018026603747054754
2021-10-05,14.609362602233887,3240586,-0.01070467178630326
2021-10-06,14.340760231018066,2671594,-0.01855674882991902
2021-10-07,14.216282844543457,6313007,-0.008717861615612641
2021-10-08,14.1245698928833,2658988,-0.006472160358444777
2021-10-11,13.757697105407715,11736630,-0.026317369534440256
2021-10-12,13.685633659362793,11864056,-0.0052518123472374304
2021-10-13,13.685633659362793,13006658,0.0
2021-10-14,13.80355453491211,16565646,0.008579489364191588
2021-10-15,13.921478271484375,4673465,0.008506712941761722
2021-10-18,14.039399147033691,13582651,0.008434754954769468
2021-10-19,13.914921760559082,7566297,-0.008905829593659067
2021-10-20,13.914921760559082,5098240,0.0
2021-10-21,13.914921760559082,20233704,0.0
2021-10-22,13.672528266906738,3241703,-0.017573188628454594
2021-10-25,13.613567352294922,3819416,-0.004321688760631259
2021-10-26,13.344965934753418,13283043,-0.019927664710519592
2021-10-27,13.220491409301758,2843020,-0.009371224803907964
2021-10-28,13.541499137878418,8289810,0.023990975159190048
2021-10-29,13.403925895690918,14706648,-0.010211339210828136
2021-11-01,13.554604530334473,2868798,0.011178665999834107
2021-11-03,13.724939346313477,7296215,0.012488260836095555
2021-11-04,13.75114631652832,11307190,0.001907620938712303
2021-11-05,14.071250915527344,3486137,0.023011584638148126
2021-11-08,13.97121524810791,6882538,-0.007134614421997809
2021-11-09,13.95120620727539,4687040,-0.0014331883278404084
2021-11-10,13.95120620727539,0,0.0
2021-11-11,13.95120620727539,0,0.0
2021-11-12,13.95120620727539,0,0.0
2021-11-16,13.95120620727539,0,0.0
2021-11-17,13.95120620727539,0,0.0
2021-11-18,13.404365539550781,9253768,-0.03998553056712241
2021-11-19,13.277655601501465,3649057,-0.009497848001144255
2021-11-22,12.850850105285645,7306196,-0.032672627226081025
2021-11-23,12.917540550231934,6330631,0.005176155138172014
2021-11-24,12.884194374084473,8106765,-0.0025848025190029792
2021-11-25,12.85752010345459,1286192,-0.002072455601236896
2021-11-26,12.850850105285645,5799501,-0.0005188970179321512
2021-11-29,12.917540550231934,3779479,0.005176155138172014
2021-11-30,13.137613296508789,18341030,0.01689323972305642
2021-12-01,13.337678909301758,4547884,0.015113670476060244
2021-12-02,13.644444465637207,4054888,0.02273940938637837
2021-12-03,13.317668914794922,7122029,-0.02424079652997913
2021-12-06,13.404365539550781,2971606,0.00648879703353742
2021-12-07,13.557746887207031,4083915,0.011377669512213473
2021-12-08,13.551076889038086,3846826,-0.0004920905723240579
2021-12-09,13.484387397766113,5961600,-0.004933492232966736
2021-12-10,13.757813453674316,2323152,0.020074386754813836
2021-12-13,13.384359359741211,8486803,-0.02752010062048584
2021-12-14,13.904528617858887,13299236,0.03812777364651668
2021-12-15,13.844511032104492,2243464,-0.0043257482132255
2021-12-16,13.83784008026123,2283984,-0.00048196426274031554
2021-12-17,13.884520530700684,15795943,0.00336771425878103
2021-12-20,13.344346046447754,5337653,-0.03968181068664425
2021-12-21,13.797825813293457,3792884,0.03341825197201306
2021-12-22,13.864514350891113,3475814,0.004821621482485126
2021-12-23,14.084586143493652,3324845,0.015748366641067275
2021-12-24,14.257975578308105,202886,0.012235421739524703
2021-12-27,14.184617042541504,2072031,-0.005158369309681904
2021-12-28,14.324665069580078,4650495,0.009824810952417978
2021-12-29,14.27798080444336,1278698,-0.0032643348309449715
2021-12-30,14.358012199401855,1846437,0.005589581148370293
2021-12-31,14.431365013122559,1976413,0.005095836003109286
2022-01-03,14.271313667297363,3240545,-0.011152478589638573
2022-01-04,14.131264686584473,3415805,-0.009861788884328176
2022-01-05,13.964548110961914,3073382,-0.011867856153490083
2022-01-06,13.917863845825195,4121382,-0.0033486564098947733
2022-01-07,13.677787780761719,3022324,-0.01739999659354712
2022-01-10,13.417702674865723,3665344,-0.019198256967276815
2022-01-11,13.397697448730469,16601472,-0.0014920702099892327
2022-01-12,13.851180076599121,5000478,0.03328757308253348
2022-01-13,14.17795181274414,9127791,0.02331763560241806
2022-01-14,14.344674110412598,3416032,0.011690662491134233
2022-01-17,14.338006019592285,1183380,-0.00046495591836024687
2022-01-18,14.358012199401855,4536868,0.0013943525473296635
2022-01-19,14.46471118927002,4450047,0.007403844240390451
2022-01-20,14.804821014404297,7431394,0.02324089989027045
2022-01-21,15.00488567352295,8016902,0.013422987694461746
2022-01-24,14.524728775024414,3611217,-0.03252323005022032
2022-01-25,14.217961311340332,10152933,-0.02134658318831037
2022-01-26,13.957879066467285,4878638,-0.018461889943737122
2022-01-27,13.97121524810791,4558875,0.0009550028729179882
2022-01-28,13.731136322021484,8373237,-0.01733318099063553
2022-01-31,14.137935638427734,7401602,0.029195677018791145
2022-02-01,14.618094444274902,5648214,0.03339845150117091
2022-02-02,14.518062591552734,7003255,-0.00686653669768853
2022-02-03,14.24463939666748,7947888,-0.019012916909997287
2022-02-04,14.728842735290527,11000384,0.033427008984543025
2022-02-08,14.294829368591309,14101984,-0.029909772971630177
2022-02-09,14.873509407043457,12309687,0.039683849217579004
2022-02-10,15.562418937683105,12818333,0.045277226907093036
2022-02-11,15.555532455444336,2587086,-0.0004426051229524295
2022-02-14,15.369523048400879,4732481,-0.01202983452951965
2022-02-15,15.514195442199707,4662420,0.009368914049536216
2022-02-16,15.899984359741211,4477256,0.02456268577677846
2022-02-17,15.603754043579102,2582293,-0.018806596437042175
2022-02-18,15.562418937683105,2359078,-0.0026525637368001874
2022-02-21,15.383302688598633,1287139,-0.011576285182779218
2022-02-22,15.617532730102539,4682534,0.015111495910900422
2022-02-23,15.39708423614502,3205675,-0.014216019937774532
2022-02-24,15.018180847167969,3975979,-0.024916632545512216
2022-02-25,15.493525505065918,1591084,0.031160703677143183
2022-02-28,15.899984359741211,13546400,0.025895898251864766
2022-03-01,15.741533279418945,2879052,-0.010015474393006757
2022-03-02,16.35466194152832,3831376,0.03821033957008684
2022-03-03,16.03087615966797,5381712,-0.019996368114470198
2022-03-04,15.727757453918457,2813664,-0.01908948063039737
2022-03-07,15.355745315551758,4708711,-0.02393745033069105
2022-03-08,15.321301460266113,7585906,-0.0022455792443979478
2022-03-09,15.162853240966797,3694563,-0.010395541406479756
2022-03-10,15.00440788269043,3856274,-0.0105045542320865
2022-03-11,14.591055870056152,6829137,-0.02793528742906573
2022-03-14,14.584168434143066,14307371,-0.0004721427996040877
2022-03-15,14.852845191955566,14698588,0.018254855763018975
2022-03-16,15.314412117004395,3471761,0.03060291114166009
2022-03-17,15.39708423614502,3046557,0.005383802721937408
2022-03-18,15.975762367248535,21331313,0.0368945654662539
2022-03-22,15.651973724365234,4505650,-0.02047569603739118
2022-03-23,15.417745590209961,3180121,-0.01507786853561638
2022-03-24,15.803533554077148,5779992,0.024714400620361548
2022-03-25,15.817313194274902,11073462,0.0008715542110353152
2022-03-28,15.948209762573242,7127255,0.00824147043761315
2022-03-29,15.996429443359375,10165819,0.003018955205503277
2022-03-30,15.975762367248535,7301318,-0.0012928159015056875
2022-03-31,16.05154037475586,12860464,0.004732096831515298
2022-04-01,15.968875885009766,2626653,-0.005163247892990238
2022-04-04,15.934430122375488,1425847,-0.0021593859903548487
2022-04-05,15.989540100097656,5341241,0.003452580119709651
2022-04-06,15.472857475280762,3227890,-0.032847406435625615
2022-04-07,15.472857475280762,14813258,0.0
2022-04-08,15.486640930175781,6481767,0.0008904185478192694
2022-04-11,15.335083961486816,10553569,-0.009834504119217793
2022-04-12,15.2799654006958,12533846,-0.003600753321799293
2022-04-13,15.831092834472656,5619552,0.03543338778503923
2022-04-18,15.913763999938965,9387185,0.0052084879633758656
2022-04-19,16.12043571472168,13730376,0.012903371030571974
2022-04-20,16.533775329589844,13906626,0.025317512187552717
2022-04-21,16.554445266723633,14797646,0.0012493835842496614
2022-04-22,16.292665481567383,19193947,-0.015939625844588357
2022-04-25,16.08598518371582,6015537,-0.012766628675215833
2022-04-26,15.555532455444336,5312821,-0.033532047149594645
2022-04-27,15.562418937683105,4167796,0.0004426051229523733
2022-04-28,15.858651161193848,6848890,0.018856200619265732
2022-04-29,15.417745590209961,3258083,-0.02819600893567272
2022-05-02,15.321301460266113,2699168,-0.006275044652626888
2022-05-03,15.403969764709473,13690161,0.005381140711255059
2022-05-04,15.658867835998535,5679879,0.016412138267311707
2022-05-05,15.570710182189941,4349453,-0.00564579437646265
2022-05-06,15.732757568359375,12449272,0.010353411001527335
2022-05-09,15.775030136108398,6406052,0.0026833107744419367
2022-05-10,15.901850700378418,12575222,0.00800717990605849
2022-05-11,15.54957389831543,12665909,-0.02240226249067532
2022-05-12,15.465028762817383,7010986,-0.005451970211570585
2022-05-13,15.922990798950195,14413056,0.029182761026986054
2022-05-16,14.549104690551758,21090828,-0.09023456859878415
2022-05-17,14.75342845916748,23744707,0.013946035257144012
2022-05-18,14.492738723754883,10657791,-0.01782774736254676
2022-05-19,15.056384086608887,7630032,0.038154346728796244
2022-05-20,14.40114974975586,8830429,-0.04449404592457272
2022-05-23,14.323644638061523,10383357,-0.005396404147198538
2022-05-24,14.239094734191895,21565869,-0.005920311054504912
2022-05-25,14.591377258300781,13398093,0.024439423569674372
2022-05-26,14.55614948272705,9787696,-0.002417206306345052
2022-05-27,14.809791564941406,5541860,0.017275005050897456
2022-05-30,14.549104690551758,2128684,-0.01775909581134405
2022-05-31,14.640697479248047,24167031,0.006275690994621348
2022-06-01,14.408194541931152,3868924,-0.01600803928593945
2022-06-02,14.154552459716797,17092339,-0.01776080918992894
2022-06-03,14.344782829284668,9462288,0.013350009248424674
2022-06-06,14.217961311340332,11478410,-0.008880263796638001
2022-06-07,14.45046615600586,4116250,0.0162206275699237
2022-06-08,14.27432632446289,12814706,-0.012264112222947059
2022-06-09,14.464558601379395,4773160,0.013238861275219374
2022-06-10,14.358872413635254,3966150,-0.007333385211917104
2022-06-13,13.75295639038086,6391419,-0.04311422659894242
2022-06-14,13.724773406982422,5360462,-0.00205133346088151
2022-06-15,13.330219268798828,16970589,-0.02916889442227377
2022-06-16,13.323174476623535,7057865,-0.0005286225391507105
2022-06-17,13.231581687927246,24387539,-0.0068984366761395965
2022-06-20,13.125896453857422,811939,-0.008019416720726109
2022-06-21,13.13294506072998,11556596,0.0005368559034058344
2022-06-22,13.097715377807617,5237382,-0.002686146937694364
2022-06-23,13.513404846191406,21016250,0.031244328006544517
2022-06-24,13.851592063903809,7683339,0.02471803212561896
2022-06-27,14.091143608093262,6644684,0.01714631064796766
2022-06-28,14.161598205566406,14849732,0.004987462383862698
2022-06-29,14.048868179321289,8497973,-0.007992113618290513
2022-06-30,14.112278938293457,11942212,0.004503429201665651
2022-07-01,14.232053756713867,10524710,0.008451462423914365
2022-07-04,14.527970314025879,3611966,0.02057905096555524
2022-07-05,14.584331512451172,3864924,0.003871989867141025
2022-07-06,14.971839904785156,5295578,0.026223328649235527
2022-07-07,14.859108924865723,19154835,-0.007558024198102252
2022-07-08,14.73228645324707,2222578,-0.008571630130841064
2022-07-11,14.7181978225708,2196692,-0.0009567674079009813
2022-07-12,14.429328918457031,4115345,-0.019821809566717558
2022-07-13,14.225006103515625,12958801,-0.0142614566249661
2022-07-14,14.661829948425293,3837853,0.030246105536336075
2022-07-15,14.168642044067383,3347716,-0.03421629867189127
2022-07-18,14.40114974975586,3588573,0.016276831181272433
2022-07-19,14.309556007385254,3473714,-0.006380480778217534
2022-07-20,14.281371116638184,13644994,-0.001971597475998258
2022-07-21,14.535013198852539,3371824,0.017604473210773228
2022-07-22,14.28841781616211,4327752,-0.017111175925070714
2022-07-25,14.387057304382324,4428466,0.006879737954636323
2022-07-26,14.281371116638184,6643199,-0.007373035240338772
2022-07-27,14.626606941223145,3865679,0.02388629453146541
2022-07-28,14.612512588500977,4351829,-0.0009640751185749514
2022-07-29,14.661829948425293,8002736,0.0033693263319440558
2022-08-01,14.816832542419434,8739368,0.01051635382476964
2022-08-02,14.89433479309082,8248984,0.005217056979424312
2022-08-03,15.119795799255371,5471790,0.015023939897463518
2022-08-04,14.985929489135742,4364549,-0.008893138504611094
2022-08-05,15.1041259765625,3384932,0.007856223162313086
2022-08-08,15.111351013183594,4348436,0.0004782341686182273
2022-08-09,15.18358325958252,6549570,0.004768611321387308
2022-08-10,15.48696517944336,5680645,0.019783918490608943
2022-08-11,15.32082748413086,7038730,-0.010785537780005317
2022-08-12,15.263046264648438,4333298,-0.0037785460863599555
2022-08-15,15.378621101379395,1891142,0.0075436746594023905
2022-08-16,15.371392250061035,4630081,-0.00047016899595510016
2022-08-17,15.342497825622559,2453091,-0.0018815221967281941
2022-08-18,15.328052520751953,2815188,-0.0009419658777282604
2022-08-19,15.169136047363281,1867551,-0.010421807335552605
2022-08-22,15.226926803588867,3793523,0.003802520487128545
2022-08-23,14.779074668884277,2597346,-0.029853054249002944
2022-08-24,14.605710983276367,3328581,-0.01179969111544732
2022-08-25,14.865753173828125,4078217,0.017647507295412288
2022-08-26,14.916318893432617,1441651,0.003395718610802167
2022-08-29,14.605710983276367,6175240,-0.021043225906214505
2022-08-30,14.714066505432129,4507827,0.007391325906268957
2022-08-31,15.234148025512695,46965805,0.03473554731477337
2022-09-01,14.634605407714844,5140875,-0.04015053114203929
2022-09-02,14.779074668884277,10013494,0.009823349036444386
2022-09-05,14.930763244628906,427975,0.010211425203445423
2022-09-06,14.670721054077148,6910003,-0.01756998923273878
2022-09-07,15.089679718017578,6076733,0.028157305216890628
2022-09-08,15.161913871765137,5247245,0.004775569314357532
2022-09-09,15.299158096313477,3049522,0.009011183414237291
2022-09-12,15.523083686828613,4810930,0.01453038568059282
2022-09-13,15.674774169921875,5174325,0.00972449321243882
2022-09-14,15.754233360290527,6075483,0.005056434543161122
2022-09-15,15.905925750732422,15558177,0.009582614584467287
2022-09-19,15.537530899047852,2518985,-0.023433283009804486
2022-09-20,15.812019348144531,5939714,0.01751192355995733
2022-09-21,16.303211212158203,9940284,0.030591726219825102
2022-09-22,16.259870529174805,6017600,-0.002661953737692286
2022-09-23,15.85536003112793,3930143,-0.025192526085756558
2022-09-26,15.082456588745117,3390343,-0.0499753623914603
2022-09-27,15.24859619140625,2881718,0.010955192718368409
2022-09-28,15.017446517944336,3327236,-0.015274819373411705
2022-09-29,14.981328010559082,3172626,-0.0024080000203734386
2022-09-30,14.966879844665527,4522375,-0.0009648769024391501
2022-10-03,15.169136047363281,2281447,0.013423090847809304
2022-10-04,15.096903800964355,2783420,-0.004773163843063145
2022-10-05,14.815190315246582,2820213,-0.018836649440676322
2022-10-06,15.082456588745117,3730915,0.017879226013785898
2022-10-07,15.458074569702148,3638337,0.02459923961773589
2022-10-10,15.089679718017578,10870978,-0.024120444922059735
2022-10-11,15.356945037841797,6246744,0.01755676940157894
2022-10-12,15.783124923706055,3162763,0.027373509292728564
2022-10-13,15.638654708862305,4010254,-0.009195611105180974
2022-10-14,15.421954154968262,2622994,-0.013953626657217782
2022-10-17,15.703669548034668,8296049,0.018102325515080425
2022-10-18,15.927590370178223,6027088,0.014158434620125365
2022-10-19,15.942042350769043,1670788,0.0009069437171102995
2022-10-20,15.812019348144531,9040308,-0.008189423484817285
2022-10-21,16.144296646118164,2287417,0.020796469379298608
2022-10-24,15.956491470336914,4233179,-0.011701103280495085
2022-10-25,16.07206153869629,6485470,0.0072167212743396185
2022-10-26,16.014272689819336,6885769,-0.003602088724113742
2022-10-27,16.31043243408203,3029864,0.018324561994337515
2022-10-28,16.541582107543945,4550309,0.014072408725844587
2022-10-31,16.707727432250977,5752808,0.00999399445499796
2022-11-01,16.866634368896484,3808711,0.009466039841251498
2022-11-03,17.24947738647461,12743330,0.022444473846251346
2022-11-04,17.33615493774414,5279961,0.005012354952984802
2022-11-07,17.658626556396484,4084260,0.018430219177828566
2022-11-08,17.444089889526367,3790578,-0.012223517711665117
2022-11-09,17.007619857788086,5621307,-0.025339432440071512
2022-11-10,17.680824279785156,3920874,0.03881920772126761
2022-11-11,17.9471435546875,4117651,0.014950290545112608
2022-11-14,17.75480079650879,6055649,-0.010775022066969911
2022-11-15,17.865768432617188,4031749,0.006230557090383055
2022-11-16,17.56245994567871,5932576,-0.01712283743277238
2022-11-17,17.37751007080078,3486445,-0.01058682089488182
2022-11-18,17.38490867614746,2373643,0.000425666896901041
2022-11-22,17.11119270324707,5731207,-0.015869718982661558
2022-11-23,17.39230728149414,3332857,0.016295204764347437
2022-11-24,17.436691284179688,974318,0.0025486823359325557
2022-11-25,17.414501190185547,4059570,-0.0012734196690158581
2022-11-28,17.643836975097656,3392972,0.013083281651776005
2022-11-29,17.74740219116211,4512717,0.005852607262274014
2022-11-30,17.658626556396484,16016206,-0.005014729069956158
2022-12-01,17.96933937072754,5255565,0.017442516508970576
2022-12-02,17.71041488647461,2101578,-0.014514059023201631
2022-12-05,17.281341552734375,2746969,-0.024525481682760975
2022-12-06,17.148178100585938,5441197,-0.007735461749172514
2022-12-07,17.673425674438477,6248177,0.03017020229565769
2022-12-08,17.85837173461914,7469463,0.010410265955394944
2022-12-09,17.74740219116211,4232850,-0.006233253234931684
2022-12-13,18.146886825561523,33251255,0.02225987145341756
2022-12-14,17.895362854003906,6771876,-0.013957400386614386
2022-12-15,17.70301628112793,9475439,-0.010806584425164115
2022-12-16,17.2961368560791,14508143,-0.023251862973511304
2022-12-19,17.658626556396484,2075571,0.020741247261915955
2022-12-20,17.887962341308594,3568225,0.01290357100864271
2022-12-21,17.75480079650879,2703359,-0.007472044960969034
2022-12-22,17.75480079650879,2556967,0.0
2022-12-23,17.74740219116211,2899298,-0.0004167969777174353
2022-12-26,17.680824279785156,439907,-0.0037584715004251256
2022-12-27,17.673425674438477,2556595,-0.00041854122003797767
2022-12-28,17.33312225341797,2941297,-0.01944288491073001
2022-12-29,17.421897888183594,1719074,0.005108662143150844
2022-12-30,17.0150146484375,4620280,-0.023631745429231764
2023-01-02,17.592050552368164,637122,0.03335095798249541
2023-01-03,17.606843948364258,1595895,0.0008405603117335891
2023-01-04,17.606843948364258,5694774,0.0
2023-01-05,17.688217163085938,4341197,0.004611033744464013
2023-01-06,17.880563735961914,2835463,0.010815577200918157
2023-01-09,18.12469482421875,4954648,0.013561065209232566
2023-01-10,18.01372528076172,6135902,-0.006141380387788872
2023-01-11,18.50197982788086,7163036,0.026743761154862697
2023-01-12,18.834884643554688,10848024,0.01783297246467645
2023-01-13,19.071619033813477,7621975,0.012490598980583838
2023-01-16,19.27135467529297,2503107,0.01041846413236397
2023-01-17,19.056821823120117,22451124,-0.011194641238150503
2023-01-18,18.45759391784668,5167304,-0.03194925815304927
2023-01-19,18.398412704467773,4787806,-0.0032114854357301404
2023-01-20,18.50197982788086,7833110,0.005613349249305635
2023-01-23,18.538969039916992,3263786,0.0019972071700148837
2023-01-24,18.694326400756836,3190473,0.008345125544495255
2023-01-25,19.012432098388672,5256530,0.01687300936354373
2023-01-26,19.071619033813477,2531528,0.003108229367206669
2023-01-27,19.101205825805664,4474082,0.0015501497741213554
2023-01-30,19.108606338500977,10157444,0.0003873619035878817
2023-01-31,18.84967803955078,10125557,-0.013642993586329536
2023-02-01,19.670839309692383,18101706,0.042641467404323855
2023-02-02,19.01983070373535,6760340,-0.0336551449052005
2023-02-03,19.16038703918457,6970229,0.007362816596323239
2023-02-07,18.694326400756836,11948009,-0.024624895917576432
2023-02-08,19.241168975830078,5209409,0.028832124175328554
2023-02-09,19.04899024963379,6066233,-0.010038106072105799
2023-02-10,19.148921966552734,2171925,0.005232324967972858
2023-02-13,19.779273986816406,4268851,0.032388201245992274
2023-02-14,20.209758758544922,4012886,0.021530973493992262
2023-02-15,19.76390266418457,9514959,-0.02230841854054111
2023-02-16,19.656280517578125,4549292,-0.005460269603628142
2023-02-17,19.79465103149414,2926799,0.007014844815785386
2023-02-20,19.771589279174805,849328,-0.0011657289017028157
2023-02-21,19.89458656311035,3374457,0.006201640341340223
2023-02-22,20.086767196655273,5240908,0.009613587114909183
2023-02-23,20.12520408630371,4034287,0.0019117143541204622
2023-02-24,20.032955169677734,6582758,-0.004594288214246656
2023-02-27,20.432693481445312,6410288,0.019757563688688543
2023-02-28,20.063701629638672,10142449,-0.018223946253145926
2023-03-01,20.155948638916016,5760819,0.004587169227847609
2023-03-02,20.048328399658203,4566519,-0.005353683947842783
2023-03-03,20.063701629638672,8316561,0.0007665147199952435
2023-03-06,20.063701629638672,3993471,0.0
2023-03-07,19.502534866333008,2784090,-0.028367843142243106
2023-03-08,19.59477996826172,8740562,0.004718752348312532
2023-03-09,20.071393966674805,5215055,0.02403241302182271
2023-03-10,19.68703269958496,4847355,-0.019335435226688243
2023-03-13,19.41278648376465,3945654,-0.014028234348603208
2023-03-14,19.265832901000977,8714445,-0.007598735022171223
2023-03-15,18.9487361907959,3819575,-0.016595973513420095
2023-03-16,18.92552947998047,5132491,-0.0012254607876168771
2023-03-17,18.18305015563965,22042772,-0.040021926723903097
2023-03-21,18.260393142700195,6021092,0.004244555189067084
2023-03-22,18.438278198242188,5065272,0.009694435368214675
2023-03-23,18.794048309326172,6845345,0.01911139985131892
2023-03-24,19.11115264892578,5814766,0.01673183254223403
2023-03-27,19.242630004882812,9935366,0.00685605757100409
2023-03-28,19.327707290649414,8744198,0.004411546784983939
2023-03-29,19.319976806640625,5608829,-0.000400049021950553
2023-03-30,19.23489761352539,9352270,-0.004413415034756082
2023-03-31,19.513328552246094,9337551,0.014371534314716083
2023-04-03,19.35091209411621,10037820,-0.008358192567445074
2023-04-04,19.55973243713379,3810372,0.01073343041824552
2023-04-05,19.590669631958008,3217577,0.001580428278058423
2023-04-10,19.55973243713379,3269895,-0.0015804282780584932
2023-04-11,19.312240600585938,4039014,-0.01273386254708435
2023-04-12,19.443721771240234,6983013,0.006785106963229946
2023-04-13,19.374113082885742,10095904,-0.0035864320216643718
2023-04-14,19.296772003173828,5559358,-0.003999969623640269
2023-04-17,19.196226119995117,7378931,-0.005224124737042966
2023-04-18,19.35091209411621,9339055,0.008025851547956488
2023-04-19,19.296772003173828,8579609,-0.002801726810913488
2023-04-20,19.33544158935547,7107709,0.0020019354575084684
2023-04-21,19.196226119995117,4773556,-0.007226060194551369
2023-04-24,19.149822235107422,2741782,-0.0024202706422147722
2023-04-25,19.033809661865234,2695309,-0.006076579123408232
2023-04-26,18.863656997680664,5287958,-0.00897969297341207
2023-04-27,19.080215454101562,4257328,0.011414797375337496
2023-04-28,19.188493728637695,6421684,0.005658856323865938
2023-05-02,19.188493728637695,5442332,0.0
2023-05-03,18.910062789916992,2910735,-0.01461661129811231
2023-05-04,18.987403869628906,5187505,0.004081601959228339
2023-05-05,19.40323829650879,4698611,0.021664169554670643
2023-05-08,19.018159866333008,3153523,-0.02004566950390645
2023-05-09,19.128183364868164,2835246,0.0057685111760647735
2023-05-10,19.143898010253906,4380905,0.00082120677550053
2023-05-11,18.986722946166992,3901328,-0.008244080497090222
2023-05-12,18.61736488342285,4208809,-0.0196452015177741
2023-05-15,18.92385482788086,4013660,0.016328545343815323
2023-05-16,18.609500885009766,3440138,-0.016751035841886135
2023-05-17,18.554492950439453,5971921,-0.0029602832776627758
2023-05-18,18.672372817993164,7214838,0.006333074735805654
2023-05-19,18.468046188354492,3115003,-0.011003036397122717
2023-05-22,18.538772583007812,3405340,0.003822348589415842
2023-05-23,18.538772583007812,3580499,0.0
2023-05-24,18.829544067382812,5438526,0.015562775053998673
2023-05-25,18.74310302734375,6764321,-0.00460128307332124
2023-05-26,19.497541427612305,3838930,0.039462530780041284
2023-05-29,19.411094665527344,1552018,-0.004443584407436334
2023-05-30,19.67829132080078,7758900,0.013671272146552713
2023-05-31,20.275558471679688,36700477,0.029900079739806185
2023-06-01,19.324649810791016,2168407,-0.04803467120097129
2023-06-02,19.513259887695312,3202813,0.009712755455602774
2023-06-05,19.591846466064453,2377656,0.0040192543373477815
2023-06-06,19.804033279418945,18582374,0.01077213488051164
2023-06-07,19.591846466064453,7337613,-0.010772134880511505
2023-06-08,20.07123374938965,3828495,0.024174150178771288
2023-06-09,20.189111709594727,4893829,0.005855801568582819
2023-06-12,20.118379592895508,2680659,-0.0035096299480398352
2023-06-13,20.2048282623291,4052164,0.0042877938774997125
2023-06-14,20.487743377685547,4526302,0.013905224591783404
2023-06-15,20.37771987915039,4021994,-0.005384682106060809
2023-06-16,20.196971893310547,17955033,-0.008909454320705909
2023-06-19,20.039796829223633,812248,-0.00781254899535808
2023-06-20,20.055511474609375,3228359,0.0007838645894082318
2023-06-21,20.024078369140625,2593615,-0.0015685346100529633
2023-06-22,19.536836624145508,3020890,-0.024633726689664216
2023-06-23,18.994583129882812,1801457,-0.028147901101731296
2023-06-26,19.143898010253906,4358993,0.007830182996446356
2023-06-27,19.13603973388672,7017180,-0.000410568926736431
2023-06-28,19.230342864990234,5261592,0.004915934973773794
2023-06-29,19.7490177154541,3386891,0.026614365049462956
2023-06-30,19.63899803161621,9019750,-0.005586469279113592
2023-07-03,19.6468563079834,3057030,0.00040005628509764393
2023-07-04,19.6468563079834,563192,0.0
2023-07-05,19.623281478881836,6735037,-0.0012006493107589132
2023-07-06,19.560413360595703,4907719,-0.003208894540945197
2023-07-07,19.623281478881836,6185095,0.00320889454094518
2023-07-10,19.63899803161621,3902823,0.0008005930256613043
2023-07-11,19.71758460998535,3770018,0.003993572487245055
2023-07-12,19.591846466064453,4500332,-0.006397374335510486
2023-07-13,19.6468563079834,3633651,0.002803858133363152
2023-07-14,19.63899803161621,2343469,-0.00040005628509768735
2023-07-17,19.489681243896484,1426806,-0.007632126372994714
2023-07-18,19.741161346435547,7616692,0.012820705882609373
2023-07-19,19.607563018798828,6537601,-0.006790504299880037
2023-07-20,19.607563018798828,4522926,0.0
2023-07-21,19.6468563079834,3123461,0.0020019810753632086
2023-07-24,19.654714584350586,3680708,0.00039989630406561476
2023-07-25,19.68614959716797,4120690,0.001598084849505795
2023-07-26,19.68614959716797,6080146,0.0
2023-07-27,19.458248138427734,7127985,-0.011644273356985825
2023-07-28,19.6468563079834,5793800,0.009646292203414357
2023-07-31,19.78045654296875,12544331,0.006777065778210828
2023-08-01,19.882619857788086,7620506,0.005151569168604373
2023-08-02,19.8118896484375,7612862,-0.003563731361723106
2023-08-03,19.859045028686523,8359426,0.0023773275241313315
2023-08-04,20.024078369140625,7262476,0.008275895583241447
2023-08-07,20.32257652282715,3506911,0.014796944173065242
2023-08-08,20.338653564453125,7967683,0.0007907799360352458
2023-08-09,20.796875,3929419,0.022279543044006297
2023-08-10,20.6280574798584,6281763,-0.008150572353692832
2023-08-11,20.700408935546875,8706232,0.0035012927348709007
2023-08-14,20.812952041625977,5504559,0.005422031805939708
2023-08-15,20.644134521484375,3145080,-0.008144250706369004
2023-08-16,20.636096954345703,4804419,-0.00038941483382663885
2023-08-17,20.55570411682129,5052114,-0.003903346661553843
2023-08-18,20.499435424804688,7337434,-0.0027411295091152015
2023-08-21,20.41904067993164,5586453,-0.0039295133140187215
2023-08-22,20.266300201416016,3088463,-0.007508414224119767
2023-08-23,20.61197853088379,9423780,0.01691297090852129
2023-08-24,20.314538955688477,4480212,-0.01453555447281878
2023-08-25,20.394926071166992,2560788,0.003949313502848943
2023-08-28,20.636096954345703,2642763,0.011755673770256093
2023-08-29,20.620018005371094,3215614,-0.0007794698945551828
2023-08-30,20.6280574798584,2343817,0.00038981089394018797
2023-08-31,19.9045467376709,17311260,-0.035703977768771204
2023-09-01,19.984939575195312,4183649,0.004030783737875078
2023-09-04,19.792003631591797,906201,-0.00970096951287185
2023-09-05,19.70357322692871,3975353,-0.004477997764176746
2023-09-06,19.54279327392578,5207922,-0.008193413393078402
2023-09-07,19.518672943115234,3367413,-0.0012349937783819136
2023-09-08,22.999557495117188,25976039,0.16410338219899823
2023-09-11,23.27288818359375,18111293,0.011814109394743243
2023-09-12,23.007600784301758,9002659,-0.01146445557706254
2023-09-13,23.079952239990234,7570384,0.0031397420942237634
2023-09-14,23.07191276550293,5611567,-0.0003483921860000921
2023-09-15,22.52526092529297,18659371,-0.023978592891145796
2023-09-18,21.825864791870117,3673390,-0.03154166238386454
2023-09-19,22.316247940063477,23065663,0.022219295486224654
2023-09-20,22.669963836669922,13510609,0.015725848973262724
2023-09-21,22.533300399780273,7513323,-0.006046636480193725
2023-09-22,22.999557495117188,8206192,0.020480743569812183
2023-09-25,22.460948944091797,4348884,-0.023696777578766752
2023-09-26,22.94329071044922,7920648,0.02124735117193443
2023-09-27,22.50918197631836,9033164,-0.019102236192956073
2023-09-28,22.549373626708984,5729693,0.0017839746752691106
2023-09-29,23.433666229248047,11697237,0.03846642765533707
2023-10-02,23.079952239990234,7816239,-0.015209343818913429
2023-10-03,22.460948944091797,5163724,-0.02718617349067109
2023-10-04,22.243892669677734,6588167,-0.009710714644765707
2023-10-05,22.32428550720215,8605525,0.00360763791593231
2023-10-06,22.581531524658203,5268537,0.011457260928993546
2023-10-09,22.919172286987305,5947342,0.014841395038521181
2023-10-10,22.887014389038086,10455779,-0.0014040855860724675
2023-10-11,23.224653244018555,11535692,0.014644661823425746
2023-10-12,23.055831909179688,6597459,-0.007295605613659574
2023-10-13,22.975444793701172,3653895,-0.0034927207306560738
2023-10-16,23.634639739990234,6619772,0.028287393525709283
2023-10-17,23.465822219848633,5186808,-0.007168432581220735
2023-10-18,23.353271484375,14277534,-0.004807908200643128
2023-10-19,23.401512145996094,5844738,0.0020635612013951755
2023-10-20,23.32916259765625,4471451,-0.0030964503099531185
2023-10-23,23.03975486755371,14850805,-0.012482995247581107
2023-10-24,23.16033935546875,4236474,0.005220108909537646
2023-10-25,23.224653244018555,6836522,0.002773049047071739
2023-10-26,23.465822219848633,6931261,0.010330634600172904
2023-10-27,23.11210823059082,4988482,-0.015188342871511645
2023-10-30,22.259973526000977,7694940,-0.037566489488710116
2023-10-31,22.034879684448242,6014475,-0.010163518461547123
2023-11-01,22.549373626708984,4550648,0.023080650399808816
2023-11-03,22.919172286987305,13943204,0.016266489584433972
2023-11-06,23.32111930847168,8412718,0.017385580059560656
2023-11-07,23.42143440246582,17452847,0.004292245076136897
2023-11-08,23.610118865966797,6145723,0.008023782448016274
2023-11-09,23.470651626586914,3786594,-0.005924611932819111
2023-11-10,23.552692413330078,3023099,0.0034893677453232087
2023-11-13,23.41323471069336,2531364,-0.00593869305018809
2023-11-14,23.634729385375977,9362934,0.009415766031557369
2023-11-15,23.913654327392578,7330830,0.011732392132320722
2023-11-16,23.380416870117188,6183658,-0.022550820484434575
2023-11-17,23.585506439208984,5909242,0.00873360335552624
2023-11-21,23.57730484008789,5885495,-0.000347799419979454
2023-11-22,23.306581497192383,3658257,-0.011548801646446729
2023-11-23,23.41323471069336,2196680,0.004565660031456384
2023-11-24,23.076881408691406,2475170,-0.0144701368376225
2023-11-27,23.1261043548584,3806917,0.002130726574319746
2023-11-28,23.027658462524414,8271246,-0.004266002840247674
2023-11-29,22.338550567626953,16745050,-0.030382124357177544
2023-11-30,23.03586196899414,18306058,0.03073830671057163
2023-12-01,23.224544525146484,3103707,0.008157455446657075
2023-12-04,23.150712966918945,3514727,-0.003184095338699569
2023-12-05,23.290178298950195,3028631,0.006006161702985209
2023-12-06,23.782392501831055,7529094,0.020913756566832926
2023-12-07,23.831615447998047,6207886,0.0020675832941483415
2023-12-08,23.87263298034668,9022812,0.001719659938398759
2023-12-11,23.90544891357422,5545198,0.0013736817003539717
2023-12-13,24.364856719970703,9370781,0.019035374742785712
2023-12-14,25.12779426574707,6441647,0.030832779041866515
2023-12-15,24.8488712310791,19308989,-0.011162246538103862
2023-12-18,25.037553787231445,2767149,0.0075645210421336415
2023-12-19,24.71761131286621,7234037,-0.012860851074372485
2023-12-20,24.701204299926758,4911780,-0.0006639986547156025
2023-12-21,24.881683349609375,2552421,0.007279924801187896
2023-12-22,24.766834259033203,2144071,-0.0046264944439314455
2023-12-26,25.012943267822266,2485988,0.009887991720131281
2023-12-27,25.07857322692871,2768172,0.0026204036632595236
2023-12-28,24.980127334594727,2906143,-0.003933223121847719
2023-12-29,25.021148681640625,1623272,0.0016408123759058858
2024-01-02,24.96371841430664,3137131,-0.0022979071843831447
2024-01-03,24.701204299926758,3369776,-0.010571507810322173
2024-01-04,24.151559829711914,2480369,-0.022503032292585465
2024-01-05,24.578147888183594,3889594,0.017508783705412576
2024-01-08,24.775035858154297,2597223,0.007978776627121415
2024-01-09,24.5699462890625,4713525,-0.008312527073991193
2024-01-10,24.504316329956055,3636073,-0.0026747217270727333
2024-01-11,24.693002700805664,2733595,0.0076706332676831175
2024-01-12,24.381261825561523,1595848,-0.01270503273437854
2024-01-15,24.118743896484375,278632,-0.010825586056854488
2024-01-16,24.208986282348633,3302375,0.003734604973855618
2024-01-17,23.511676788330078,6412299,-0.029226715862965602
2024-01-18,23.642934799194336,8471272,0.005567147960855259
2024-01-19,23.8070068359375,3589349,0.006915611905663654
2024-01-22,23.560897827148438,3206958,-0.010391476049590686
2024-01-23,23.987485885620117,4989457,0.017943806757470614
2024-01-24,24.42228126525879,9726875,0.017963609297120913
2024-01-25,24.25820541381836,5915509,-0.006740954494911745
2024-01-26,24.14335823059082,7592900,-0.004745606964626364
2024-01-29,23.57730484008789,4798971,-0.023724730743330435
2024-01-30,23.66754150390625,4451672,0.0038199626215293034
2024-01-31,23.979284286499023,7235312,0.013085750242391853
2024-02-01,24.26641082763672,8920205,0.011902820775590845
2024-02-02,24.250003814697266,5104924,-0.0006763489712030045
2024-02-06,24.24180030822754,8165006,-0.0003383461059601145
2024-02-07,24.447647094726562,6840559,0.008455549361015249
2024-02-08,24.53977394104004,6123997,0.0037612494381381568
2024-02-09,24.623525619506836,3732257,0.003407084562377618
2024-02-12,24.61515235900879,2160366,-0.00034010907370075286
2024-02-13,24.816158294677734,3706807,0.008132782275981125
2024-02-14,25.201427459716797,3658567,0.01540565299151946
2024-02-15,25.16792106628418,6225988,-0.0013304281018295752
2024-02-16,25.335432052612305,5719803,0.006633682330771568
2024-02-19,25.561565399169922,2603301,0.008885979364074145
2024-02-20,26.25672149658203,15064015,0.026832141540309325
2024-02-21,26.440977096557617,14422385,0.006992956267832179
2024-02-22,27.044002532958984,17985924,0.02255029334797856
2024-02-23,27.161258697509766,11514530,0.004326382523947428
2024-02-26,27.26175880432129,6577395,0.0036932983749763055
2024-02-27,25.95520782470703,13662247,-0.04911266742444528
2024-02-28,25.352182388305664,9489722,-0.023507459763463377
2024-02-29,25.729074478149414,48590012,0.014756838512173577
2024-03-01,25.804452896118164,4898752,0.0029254147956533543
2024-03-04,25.712324142456055,2796140,-0.003576654331689281
2024-03-05,26.23159408569336,8287785,0.019994149833470694
2024-03-06,25.368934631347656,7867760,-0.03343918592631665
2024-03-07,25.000417709350586,9379804,-0.014632846380756438
2024-03-08,24.506271362304688,5341978,-0.019963474336087073
2024-03-11,24.631900787353516,5418794,0.0051133240525322
2024-03-12,24.71565818786621,4520168,0.0033945946945294642
2024-03-13,24.98206329345703,4696034,0.010721121589339064
2024-03-14,24.486282348632812,5455911,-0.020045042494563976
2024-03-15,23.872867584228516,21903457,-0.02537049007432566
2024-03-19,23.998912811279297,5653077,0.005265963257796888
2024-03-20,24.217391967773438,2615117,0.00906252160086673
2024-03-21,23.82244873046875,2873450,-0.016442691302230115
2024-03-22,24.377044677734375,7123638,0.023013537490072237
2024-03-25,23.52834701538086,3523611,-0.035435947399013755
2024-03-26,23.351882934570312,15286378,-0.007528329721688868
2024-03-27,23.293060302734375,6300876,-0.0025221453360394254
2024-04-01,23.746826171875,4744406,0.019293411558466197
2024-04-02,23.301467895507812,4929819,-0.018932528287841914
2024-04-03,23.713211059570312,6213088,0.01751596311483444
2024-04-04,23.797239303588867,6896210,0.0035372567926000398
2024-04-05,23.662792205810547,2797959,-0.005665712944201614
2024-04-08,23.68800163269043,5026816,0.0010647943663924851
2024-04-09,23.570358276367188,2096669,-0.004978742366864693
2024-04-10,22.973751068115234,4026717,-0.025637611066812255
2024-04-11,22.52838706970215,2309658,-0.019576144746191043
2024-04-12,22.70485496520996,14155507,0.007802615194505892
2024-04-15,22.099842071533203,2847283,-0.02700831432501241
2024-04-16,22.486377716064453,5092922,0.017339228605409623
2024-04-17,22.393943786621094,5255302,-0.0041191353824768665
2024-04-18,21.839345932006836,6363653,-0.02507735337657237
2024-04-19,21.940183639526367,8716900,0.004606622630677294
2024-04-22,22.0914363861084,8101721,0.006870214696578691
2024-04-23,22.158660888671875,8340208,0.00303839125428683
2024-04-24,21.604061126708984,7389859,-0.025347118698700072
2024-04-25,21.545244216918945,4300420,-0.0027262059377262476
2024-04-26,20.906614303588867,5490858,-0.030089523445776055
2024-04-29,20.839391708374023,10078754,-0.003220554957911721
2024-04-30,20.604108810424805,23425677,-0.011354515078085322
2024-05-02,20.51167869567871,16297181,-0.004496096320064099
2024-05-03,21.091482162475586,5740469,0.027874853592145133
2024-05-06,21.45281219482422,6694903,0.016986471438883318
2024-05-07,21.583406448364258,5892683,0.0060690580404284405
2024-05-08,21.421188354492188,3998996,-0.007544257259622777
2024-05-09,21.728548049926758,8023419,0.01424643205392342
2024-05-10,21.463876724243164,2346156,-0.012255604535213226
2024-05-13,21.72001075744629,1759198,0.011862620610098885
2024-05-14,21.38703727722168,3632386,-0.015448986556834824
2024-05-15,21.677318572998047,3159698,0.013481483077751924
2024-05-16,21.65170669555664,2267918,-0.0011822043198805984
2024-05-17,21.634632110595703,4624626,-0.0007889133762493526
2024-05-20,21.634632110595703,2582407,0.0
2024-05-21,21.352886199951172,5642859,-0.013108453621387352
2024-05-22,21.54071617126465,3212459,0.00875800406196715
2024-05-23,21.421188354492188,3463987,-0.005564377394176113
2024-05-24,21.130905151367188,3084319,-0.013643874241701286
2024-05-27,20.985767364501953,928303,-0.006892204570238684
2024-05-28,20.934537887573242,3966102,-0.0024441378526986073
2024-05-29,20.3198184967041,7494318,-0.029803635128964043
2024-05-30,20.746707916259766,8574942,0.020790889030070776
2024-05-31,20.49057388305664,27844592,-0.012422609635188023
2024-06-03,19.295289993286133,7046936,-0.0601039454873087
2024-06-04,19.653879165649414,23462511,0.01841370751288597
2024-06-05,20.516191482543945,12233935,0.04293967096878406
2024-06-06,20.866233825683594,22830015,0.016917843233879574
2024-06-07,20.68694305419922,12106556,-0.008629515121213117
2024-06-10,20.149065017700195,5836688,-0.026344844714047598
2024-06-11,20.49057388305664,7066820,0.016807083607020035
2024-06-12,19.80755615234375,5751808,-0.033901481060085524
2024-06-13,19.150148391723633,2679793,-0.03375302424466717
2024-06-14,19.10746192932129,6123953,-0.002231528825664845
2024-06-17,19.0135440826416,3036105,-0.004927364019132422
2024-06-18,18.962322235107422,2642649,-0.002697601585575912
2024-06-19,19.50873565673828,2661750,0.02840837757104903
2024-06-20,19.355056762695312,11982024,-0.007908630912250716
2024-06-21,18.902551651000977,17694165,-0.02365679579782162
2024-06-24,19.62826156616211,4804812,0.037673523371516006
2024-06-25,19.20991325378418,7735170,-0.021543983223711677
2024-06-26,19.098922729492188,7061110,-0.0057945292254257446
2024-06-27,19.098922729492188,5141561,0.0
2024-06-28,19.278213500976562,7433624,0.00934369228671132
2024-07-01,19.115997314453125,4101699,-0.008450083922359219
2024-07-02,19.030622482299805,7973831,-0.004476148877935535
2024-07-03,19.218454360961914,3251866,0.00982159069311275
2024-07-04,19.295289993286133,324764,0.003990042284932411
2024-07-05,19.295289993286133,3142632,0.0
2024-07-08,19.636802673339844,6079142,0.01754446867123055
2024-07-09,19.77340316772461,3839783,0.006932267341024779
2024-07-10,20.1746768951416,6254875,0.0200904385756643
2024-07-11,20.268592834472656,2712693,0.004644338045455101
2024-07-12,20.558876037597656,6867744,0.0142202346981022
2024-07-15,20.66132926940918,5564585,0.004971030203580464
2024-07-16,20.593027114868164,19820986,-0.0033112729387020884
2024-07-17,20.49057388305664,4394897,-0.004987559109046456
2024-07-18,20.66132926940918,5752858,0.008298832047748521
2024-07-19,20.84916114807129,5646059,0.009049912864834583
2024-07-22,21.054065704345703,4750907,0.009779971848795125
2024-07-23,20.82354736328125,8951036,-0.011009255422170511
2024-07-24,20.166141510009766,13059699,-0.032079395952009024
2024-07-25,19.858783721923828,13677258,-0.015358621064056785
2024-07-26,20.114913940429688,3981754,0.012815112875157103
2024-07-29,19.978313446044922,9569521,-0.006814169467115166
2024-07-30,20.012460708618164,9714956,0.0017077574312615326
2024-07-31,20.23444366455078,5786932,0.011031169249730598
2024-08-01,19.80755615234375,4521400,-0.021322795472261433
2024-08-02,19.81609344482422,30949232,0.00043091904452883156
2024-08-05,19.81609344482422,20798669,0.0
2024-08-06,20.029537200927734,8190035,0.01071363631422507
2024-08-07,20.772321701049805,9223607,0.03641336899186024
2024-08-08,21.30362319946289,2846291,0.02525574840364301
2024-08-09,21.41703224182129,2110523,0.005309343107930928
2024-08-12,21.172765731811523,2230933,-0.011470784083773018
2024-08-13,21.312345504760742,4046251,0.006570785439190248
2024-08-14,21.486820220947266,3830297,0.008153228211164647
2024-08-15,21.408309936523438,2303936,-0.003660572741197153
2024-08-16,21.111696243286133,3064719,-0.013951950216542821
2024-08-19,21.321069717407227,2150313,0.009868561173991366
2024-08-20,21.242555618286133,3876084,-0.0036892622540589228
2024-08-21,21.068077087402344,3358282,-0.008247549552329533
2024-08-22,21.041906356811523,4739194,-0.0012429705176644648
2024-08-23,20.98956298828125,2616182,-0.002490676457666471
2024-08-26,20.963394165039062,3026736,-0.0012475319220291497
2024-08-27,20.32655143737793,3440364,-0.030849797694560345
2024-08-28,20.23931312561035,5838248,-0.004301076641376495
2024-08-29,20.204416275024414,9280290,-0.0017256993735961206
2024-08-30,20.256759643554688,11114739,0.0025873394206781322
2024-09-02,20.309104919433594,653337,0.0025807562834299948
2024-09-03,19.933979034423828,3517514,-0.01864353889709019
2024-09-04,19.977598190307617,5227672,0.0021857905040790298
2024-09-05,20.064836502075195,5000013,0.004357299972578084
2024-09-06,19.77695083618164,6364878,-0.014451694843789562
2024-09-09,20.22186851501465,3382728,0.022247458143850183
2024-09-10,19.689712524414062,3862190,-0.02666832610794056
2024-09-11,19.41054916381836,6615272,-0.014279602853837446
2024-09-12,19.925254821777344,2632478,0.026171324032226745
2024-09-13,19.619918823242188,9487749,-0.015442696963067971
2024-09-17,19.619918823242188,3448516,0.0
2024-09-18,20.186969757080078,11560693,0.02849201805553853
2024-09-19,20.23931312561035,21302474,0.002589572626940958
2024-09-20,19.881637573242188,20573257,-0.017830336626233997
2024-09-23,19.49778938293457,13254764,-0.019495476569781352
2024-09-24,20.230588912963867,16460713,0.036894667463401004
2024-09-25,19.846738815307617,6727959,-0.019156059413478442
2024-09-26,20.11717987060547,5779499,0.01353446771496017
2024-09-27,20.23931312561035,3549618,0.006052737431132851
2024-09-30,20.003768920898438,4424746,-0.011706205516520072
2024-10-02,20.309104919433594,5656512,0.015148601847032069
2024-10-03,20.23931312561035,5770419,-0.0034423963305120525
2024-10-04,21.294898986816406,7003240,0.050840652485731684
2024-10-07,19.933979034423828,7244956,-0.06604179505230993
2024-10-08,20.186969757080078,9079332,0.01261156993963715
2024-10-09,20.553369522094727,7582203,0.01798755977826472
2024-10-10,20.50975227355957,8511030,-0.0021244008264261036
2024-10-11,20.3614501953125,3300959,-0.0072570768732448734
2024-10-14,19.916532516479492,8095791,-0.022093250266785394
2024-10-15,20.21314239501953,22843637,0.0147828399181311
2024-10-16,20.21314239501953,27617690,0.0
2024-10-17,20.22186851501465,8422289,0.0004316121071413712
2024-10-18,20.28293228149414,11207812,0.00301513951630036
2024-10-21,20.195693969726562,9317219,-0.004310346220419817
2024-10-22,20.230588912963867,6661422,0.0017263497613651943
2024-10-23,20.37017250061035,6509462,0.006875936939516347
2024-10-24,20.291656494140625,2751971,-0.003861907149542444
2024-10-25,20.169523239135742,1218282,-0.006037076859935767
2024-10-28,19.995046615600586,2942545,-0.00868814090019702
2024-10-29,20.178247451782227,4694048,0.009120591696513834
2024-10-30,20.37017250061035,3942815,0.009466533213161477
2024-10-31,20.10845375061035,5383271,-0.012931387317013555
2024-11-01,20.091007232666016,2482541,-0.0008679976603156055
2024-11-04,20.274208068847656,2898808,0.009077226157719975
2024-11-05,20.12590217590332,4396695,-0.007341888832831455
2024-11-06,20.02994155883789,3167917,-0.004779418924281399
2024-11-07,20.248037338256836,6248331,0.010829635295898506
2024-11-08,20.52027130126953,3415132,0.013355374236813456
2024-11-11,20.279277801513672,3797964,-0.01181367480092027
2024-11-12,20.09183692932129,4862190,-0.00928595706823566
2024-11-13,19.957948684692383,4184929,-0.006686115361455238
2024-11-14,20.073984146118164,5231191,0.005797161325372645
2024-11-15,20.172168731689453,3466399,0.004879213208629896
2024-11-19,19.57414436340332,6632949,-0.030094338588286598
2024-11-20,19.538440704345703,5118754,-0.0018256869962882357
2024-11-21,19.234966278076172,5796228,-0.015654060195039628
2024-11-22,19.217113494873047,4447259,-0.0009285731534593391
2024-11-25,19.199262619018555,47167881,-0.0009293368581324903
2024-11-26,19.06537628173828,5423586,-0.006997943140578643
2024-11-27,19.002897262573242,11667442,-0.003282474850948431
2024-11-28,18.99397087097168,2929621,-0.0004698488167184499
2024-11-29,18.842233657836914,5647526,-0.008020784774754902
2024-12-02,18.797603607177734,19593620,-0.002371427445890822
2024-12-03,18.8779354095459,2668340,0.0042644074220019815
2024-12-04,18.851160049438477,19068398,-0.0014193483451811803
2024-12-05,19.45810890197754,36568506,0.03168944022424114
2024-12-06,19.52058982849121,7161428,0.003205903843003189
2024-12-09,19.681251525878906,10656993,0.008196686244809024
2024-12-10,19.431331634521484,6410545,-0.012779687383033847
2024-12-11,19.342073440551758,7298196,-0.004604101779021603
2024-12-13,19.359926223754883,11769022,0.0009225768499951028
2024-12-16,19.368850708007812,8882548,0.0004608709656192207
2024-12-17,19.18140983581543,5430294,-0.009724569779465288
2024-12-18,18.842233657836914,3637640,-0.01784075081707692
2024-12-19,18.601238250732422,7378980,-0.012872670330464504
2024-12-20,18.440574645996094,13968730,-0.00867477046545609
2024-12-23,18.25313377380371,2051346,-0.010216601737381523
2024-12-24,18.485200881958008,1535912,0.012633680704601843
2024-12-26,18.262060165405273,1116052,-0.012144766868118639
2024-12-27,18.556610107421875,2023531,0.016000372845193872
2024-12-30,18.47627830505371,2246515,-0.0043384100895661575
2024-12-31,18.46735191345215,2357326,-0.0004832438892701336
2025-01-02,18.931489944458008,1796216,0.024822258607191686
2025-01-03,18.6547908782959,3013558,-0.01472367357488114
2025-01-06,18.494129180908203,7366543,-0.008649656507376015
2025-01-07,18.503055572509766,6285114,0.00048254437921494347
2025-01-08,18.387022018432617,6544601,-0.006290793856478746
2025-01-09,18.43164825439453,2241077,0.0024241102399607034
2025-01-10,18.06569480895996,4049008,-0.020054375442346176
2025-01-13,18.03891372680664,7593201,-0.0014835273474055066
2025-01-14,17.9764347076416,4308590,-0.003469580862479789
2025-01-15,18.565534591674805,5657667,0.03224516562903244
2025-01-16,18.395946502685547,9296464,-0.009176541309243124
2025-01-17,18.297761917114258,5210544,-0.005351588821587006
2025-01-20,18.369169235229492,1595195,0.003894921453433767
2025-01-21,18.46735191345215,4423006,0.00533073741296397
2025-01-22,19.127859115600586,7993788,0.03514145315638079
2025-01-23,19.01181983947754,6304662,-0.006084982220665238
2025-01-24,18.976118087768555,3573299,-0.001879636756733269
2025-01-27,18.886863708496094,1908701,-0.004714607268807854
2025-01-28,19.226041793823242,5916764,0.017799064925679824
2025-01-29,19.41347885131836,3736388,0.009701907508378158
2025-01-30,19.28852081298828,4803809,-0.006457468535546936
2025-01-31,19.199262619018555,8365238,-0.004638269395223588
2025-02-04,20.243574142456055,29171282,0.05296554385865343
2025-02-05,19.975801467895508,20848876,-0.013315802498815945
2025-02-06,19.86869239807129,24984506,-0.00537636784577208
2025-02-07,20.263460159301758,22423385,0.01967402541179118
2025-02-10,20.043804168701172,6486625,-0.01089918498367637
2025-02-11,19.76923370361328,17795550,-0.013793211113492805
2025-02-12,20.13532829284668,12692235,0.01834902289140292
2025-02-13,20.318376541137695,31515223,0.009049826132609644
2025-02-14,20.711929321289062,17343400,0.019184105101682267
2025-02-17,20.602102279663086,1218683,-0.00531670699179542
2025-02-18,20.885826110839844,9221060,0.013677629390838138
2025-02-19,20.63871192932129,18701981,-0.011902220249347634
2025-02-20,20.693628311157227,6839974,0.0026573096917079965
2025-02-21,20.409900665283203,4581571,-0.013805731985756983
2025-02-24,20.327529907226562,62236459,-0.004043989478746681
2025-02-25,20.391597747802734,4937794,0.003146820530545316
2025-02-26,20.464815139770508,6931316,0.0035841360106008014
2025-02-27,20.58379554748535,4573295,0.0057970654269137835
2025-02-28,20.492273330688477,23435632,-0.004456237938577528
2025-03-03,21.19700813293457,7905004,0.03381214151626116
2025-03-04,20.574644088745117,15389779,-0.02980059773868343
2025-03-05,20.78514862060547,3509537,0.010179274881849396
2025-03-06,20.684473037719727,6070059,-0.004855399043660453
2025-03-07,20.959047317504883,6479623,0.01318708199741541
2025-03-10,20.05295753479004,5645512,-0.04419375516680575
2025-03-11,20.538034439086914,7013400,0.023901854777929058
2025-03-12,20.940738677978516,6123128,0.019417975128561287
2025-03-13,20.876672744750977,4456957,-0.0030640817387759195
2025-03-14,21.654630661010742,7322699,0.03658691991082886
2025-03-18,21.608869552612305,8029765,-0.0021154610809679944
2025-03-19,21.72784996032715,5671802,0.0054909881504469306
2025-03-20,21.78276252746582,6446227,0.002524101277979972
2025-03-21,22.06648826599121,17456753,0.012941142349489579
2025-03-24,21.526498794555664,4925602,-0.024775411320617093
2025-03-25,22.231233596801758,8163160,0.032213540571384265
2025-03-26,22.148860931396484,5747727,-0.0037121489204820354
2025-03-27,22.039033889770508,3571242,-0.004970921028171219
2025-03-28,22.341062545776367,6821620,0.013611206067263595
2025-03-31,21.874286651611328,6062030,-0.021114533488894725
2025-04-01,22.20377540588379,7740172,0.014950516247303898
2025-04-02,22.22208023071289,6453622,0.0008240618262798018
2025-04-03,23.10986328125,12447379,0.039173108695738715
2025-04-04,22.21293067932129,6717597,-0.03958492592424969
2025-04-07,20.409900665283203,10361922,-0.0846544724981594
2025-04-08,20.17194175720215,8868642,-0.011727492945537606
2025-04-09,22.039033889770508,8540706,0.08852253202025552
2025-04-10,21.297687530517578,9699361,-0.03421664874230354
2025-04-11,21.261075973510742,3019788,-0.0017205183150952878
2025-04-14,22.304452896118164,4577713,0.047908358108531904
2025-04-15,22.21293067932129,6353294,-0.004111757627691383
2025-04-16,22.13970947265625,4526536,-0.0033017774334954514
2025-04-21,22.341062545776367,1884301,0.009053550077317353
2025-04-22,22.167165756225586,5116926,-0.007814180930114382
2025-04-23,23.33867645263672,7571962,0.05149974393545929
2025-04-24,23.796297073364258,8322277,0.019418065425901677
2025-04-25,23.375288009643555,5834897,-0.01785058705302337
2025-04-28,23.622400283813477,5420526,0.010516030061060708
2025-04-29,22.881053924560547,9951770,-0.03188619784096775
2025-04-30,23.228845596313477,10340555,0.01508562244095617
2025-05-02,23.237998962402344,6228504,0.0003939740817000816
2025-05-05,23.24715232849121,2934118,0.0003938189272478597
2025-05-06,23.576637268066406,4323670,0.014073631405748648
2025-05-07,23.732229232788086,7312914,0.006577732134527172
2025-05-08,23.39081573486328,7777506,-0.014490552221088785
2025-05-09,23.36275863647461,16928862,-0.0012002120536868607
2025-05-12,22.988656997680664,4443905,-0.0161423230375522
2025-05-13,23.36275863647461,11879575,0.016142323037552156
2025-05-14,22.960596084594727,6346967,-0.017363710315560832
2025-05-15,22.829662322998047,4837910,-0.005718863487705899
2025-05-16,23.222471237182617,6968648,0.017059728204116265
2025-05-19,23.128942489624023,2518381,-0.004035642798173512
2025-05-20,23.37211036682129,6204236,0.010458691957147406
2025-05-21,23.37211036682129,4844607,0.0
2025-05-22,22.839014053344727,3626536,-0.023073230548099097
2025-05-23,23.138296127319336,6032371,0.013018869521534646
2025-05-26,23.37211036682129,1092329,0.010054361026564585
2025-05-27,24.578596115112305,12946441,0.05033254071816134
2025-05-28,24.37283706665039,9224675,-0.008406710361000292
2025-05-29,24.77499771118164,5149218,0.016365710612355398
2025-05-30,25.364212036132812,32847087,0.023504217698665134
2025-06-02,25.092987060546875,6342253,-0.010750798410440196
2025-06-03,25.25197982788086,9000036,0.006316154552446138
2025-06-04,24.896583557128906,8013126,-0.01417397415655085
2025-06-05,24.887229919433594,4523002,-0.0003757702414572569
2025-06-06,25.07427978515625,2295095,0.007487793734513421
2025-06-09,25.06492805480957,2465136,-0.00037303064240543044
2025-06-10,25.102340698242188,6591359,0.0014915163331903078
2025-06-11,24.793704986572266,15996233,-0.012371306936070576
2025-06-12,24.616003036499023,6073330,-0.007193028389324035
2025-06-13,24.26060676574707,18191093,-0.014542847217161817
2025-06-16,24.428953170776367,3811780,0.006915120041874312
2025-06-17,23.849092483520508,11447573,-0.024022868594171642
2025-06-18,23.867799758911133,12355583,0.0007840944986115522
2025-06-19,23.998735427856445,6871886,0.005470878350196102
2025-06-20,23.933265686035156,39927930,-0.002731777560478168
2025-06-23,23.989381790161133,5523792,0.002341946145702225
2025-06-24,24.326074600219727,2652374,0.013937496839209161
2025-06-25,24.326074600219727,7451082,0.0
2025-06-26,24.139020919799805,4070970,-0.007719147448905557
2025-06-27,24.46636390686035,4926762,0.013469616067493952
2025-06-30,24.26060676574707,5710400,-0.008445358339531946
2025-07-01,25.242626190185547,4656007,0.03968016684257999
2025-07-02,25.280038833618164,5438184,0.0014810244175955769
2025-07-03,25.083633422851562,1810026,-0.007799526826401533
2025-07-04,25.270687103271484,625280,0.007429532913157219
2025-07-07,25.25197982788086,2980815,-0.0007405498316651821
2025-07-08,25.02751922607422,2154364,-0.008928573163368786
2025-07-09,25.07427978515625,6440945,0.0018666224998741972
2025-07-10,25.485794067382812,6390718,0.01627859052329906
2025-07-11,24.933992385864258,9595278,-0.021889172981205043
2025-07-14,24.784351348876953,3547839,-0.006019568537582213
2025-07-15,24.690826416015625,3787928,-0.003780685527044166
2025-07-16,24.690826416015625,2635817,0.0
2025-07-17,24.690826416015625,2450481,0.0
2025-07-18,24.718883514404297,3276102,0.0011356918081018002
2025-07-21,24.400896072387695,3044196,-0.012947610391580527
2025-07-22,24.167081832885742,2992243,-0.009628403566239795
2025-07-23,24.859172821044922,4863187,0.028235359702463547
2025-07-24,25.25197982788086,4940189,0.015677749633281893
2025-07-25,24.933992385864258,4621231,-0.012672533121400546
2025-07-28,24.681474685668945,2504234,-0.010179079043403809
2025-07-29,25.167808532714844,4900102,0.01951278921071665
2025-07-30,25.055578231811523,5148850,-0.00446925207329371
2025-07-31,25.07427978515625,4101430,0.0007461243638868183
2025-08-01,24.971405029296875,3695035,-0.004111239606065376
2025-08-04,24.700178146362305,2374795,-0.010920915391711966
2025-08-05,24.971405029296875,2988405,0.010920915391711946
2025-08-06,24.718883514404297,3026420,-0.010163905108365274
2025-08-07,24.84981918334961,5210625,0.005283009897604512
2025-08-08,25.050527572631836,3853218,0.008044411900598932
2025-08-11,24.916723251342773,2661794,-0.005355693535796482
2025-08-12,24.7924747467041,2548822,-0.004999025065484347
2025-08-13,24.888050079345703,5518556,0.0038476022902200475
2025-08-14,24.44839859008789,4587489,-0.017823055343825608
2025-08-15,24.7924747467041,6219168,0.013975453053605561
2025-08-18,24.515302658081055,3621614,-0.011242648632145772
2025-08-19,24.524860382080078,2448003,0.00038979169429802604
2025-08-20,24.056537628173828,4084925,-0.019280518091002116
2025-08-21,24.515302658081055,3866210,0.018890726396704017
2025-08-22,24.716012954711914,6803980,0.008153810481955761
2025-08-25,24.515302658081055,2412218,-0.008153810481955823
2025-08-26,24.63955307006836,20464777,0.005055479251355714
2025-08-27,24.782917022705078,4916563,0.005801585978367652
2025-08-28,25.174779891967773,5404194,0.01568810935785061
2025-08-29,25.14610481262207,3588971,-0.0011396891218371514
2025-09-01,25.050527572631836,3803985,-0.003808118232310077
2025-09-02,25.40416145324707,2782076,0.014018109253923597
2025-09-03,25.652660369873047,3539183,0.009734287015403058
2025-09-04,26.56063461303711,4407568,0.03478293352379934
2025-09-05,27.248783111572266,6619167,0.025578645770129527
2025-09-08,27.134090423583984,2025704,-0.004217977115854964
2025-09-09,27.067188262939453,4744630,-0.002468657428106527
2025-09-10,27.220109939575195,2613310,0.005633807029412781
2025-09-11,27.631088256835938,2722667,0.014985488801958017
2025-09-12,27.564184188842773,3191882,-0.002424269246092595
2025-09-15,27.965604782104492,1969121,0.014458098736194165
2025-09-17,27.4399356842041,6451757,-0.018975895448746588
2025-09-18,27.315685272216797,2370048,-0.004538369689918073
2025-09-19,27.631088256835938,13620049,0.011480435648562983
2025-09-22,27.822240829467773,4887122,0.00689420573680548
2025-09-23,27.535511016845703,2843248,-0.010359249327594144
2025-09-24,27.306127548217773,3790620,-0.008365352031749838
2025-09-25,26.8282470703125,4084678,-0.017655801706117268
2025-09-26,26.570192337036133,6279249,-0.009665328989497938
2025-09-29,26.33125114440918,4871305,-0.009033508418112216
2025-09-30,25.95850372314453,16326070,-0.014257237815773722
2025-10-01,26.340808868408203,4032683,0.01462015219966522
2025-10-02,26.073196411132812,5842556,-0.010211575372390553
2025-10-03,26.01584815979004,2999950,-0.002201932286770963
2025-10-06,26.445941925048828,2828306,0.016396825217862798
2025-10-07,26.723112106323242,5075731,0.010426090781454478
2025-10-08,26.21656036376953,2033809,-0.01913752688640193
2025-10-09,26.025405883789062,3173916,-0.007318075746543369
2025-10-10,25.356374740600586,4208936,-0.02604304281693472
2025-10-13,26.293020248413086,4443763,0.03627334668606558
2025-10-14,25.862926483154297,3737432,-0.01649298082461413
2025-10-15,25.92027473449707,2628362,0.002214937409811954
2025-10-16,26.187885284423828,4834039,0.01027143935319156
2025-10-17,25.853368759155273,3034825,-0.012855998139131072
2025-10-20,25.499738693237305,2274295,-0.013772707178845767
2025-10-21,25.346817016601562,1459396,-0.006015044109442359
2025-10-22,25.757795333862305,1990498,0.01608415202955874
2025-10-23,25.8916015625,1399753,0.005181339416450105
2025-10-24,25.843812942504883,2398607,-0.0018474244014139057
2025-10-27,26.235675811767578,1747743,0.015048929014045672
2025-10-28,26.723112106323242,2651799,0.018408656194203545
2025-10-29,26.149658203125,3355151,-0.021692693131935392
2025-10-30,25.92027473449707,3204137,-0.008810649046681343
2025-10-31,25.872486114501953,3611507,-0.0018453788820468548
2025-11-03,25.939388275146484,1407566,0.0025825044399708326
2025-11-04,26.512847900390625,4349366,0.021866845621093232
2025-11-05,27.325244903564453,5804051,0.030181554709797092
2025-11-06,27.134090423583984,3489979,-0.007020110101243204
2025-11-07,27.383119583129883,2003908,0.009135863394096383
2025-11-10,27.20733642578125,3850043,-0.006440091464588796
2025-11-11,27.383119583129883,3193608,0.006440091464588821
2025-11-12,26.84600257873535,3070611,-0.019809819812266854
2025-11-13,26.387014389038086,3048016,-0.017244920185126234
2025-11-14,26.025680541992188,4924268,-0.013788246229558553
2025-11-18,26.504201889038086,4098306,0.01821951856571875
2025-11-19,26.357715606689453,3471567,-0.005542237748799316
2025-11-20,26.357715606689453,4367000,0.0
2025-11-21,26.26005744934082,1694238,-0.00371198793910989
2025-11-24,25.53739356994629,18393053,-0.02790526404887843
2025-11-25,26.15263557434082,5589542,0.02380617967767989
2025-11-26,26.12333869934082,6794971,-0.0011208544067986528
2025-11-27,26.15263557434082,764911,0.001120854406798575
2025-11-28,25.879196166992188,2739312,-0.010510563071663289
2025-12-01,26.445608139038086,8657407,0.021650691482497243
2025-12-02,25.703411102294922,5038324,-0.028466389815409186
2025-12-03,25.752241134643555,4545813,0.0018979468681789159
2025-12-04,26.06474494934082,5442044,0.012061975316835918
2025-12-05,26.211231231689453,2008940,0.005604358883890201
2025-12-08,25.986618041992188,3396484,-0.00860627704813771
2025-12-09,26.56279754638672,7708940,0.021929933538066604
2025-12-10,26.426074981689453,3314236,-0.005160436959140603
2025-12-11,27.051084518432617,6817162,0.023375886182573545
2025-12-15,26.85576820373535,5451645,-0.007246469030428751
2025-12-16,26.592092514038086,2930342,-0.009866730876560622
2025-12-17,26.05497932434082,5593773,-0.02040500286282101
2025-12-18,26.62139129638672,8861194,0.02150618185774048
2025-12-19,26.17216682434082,11674943,-0.01701856553908063
2025-12-22,25.859663009643555,5855246,-0.012012169217989104
2025-12-23,26.48467254638672,5258782,0.023881829259078585
2025-12-24,26.523733139038086,742000,0.0014737511613894783
2025-12-26,26.357715606689453,1690690,-0.006278877818711951
2025-12-29,26.26005744934082,8225880,-0.00371198793910989
2025-12-30,26.240528106689453,5258707,-0.0007439666946683738
2025-12-31,26.426074981689453,2328460,0.007046121518588212
2026-01-02,26.367481231689453,2490207,-0.002219732037819899
2026-01-05,25.947555541992188,7138348,-0.016054072963504785
2026-01-06,25.918258666992188,10714227,-0.0011297182378293199
2026-01-07,26.015914916992188,5156847,0.0037607747793099457
2026-01-08,26.162403106689453,3981972,0.005614921297226933
2026-01-09,26.73857879638672,3525978,0.02178403703906344
2026-01-12,26.982723236083984,1702048,0.009089359763091677
2026-01-13,26.924129486083984,4233701,-0.002173889593486827
2026-01-14,27.529603958129883,6019084,0.022239041766990396
2026-01-15,27.20733642578125,2868371,-0.011775274752407888
2026-01-16,27.597965240478516,7052849,0.014255388364636577
2026-01-19,28.310863494873047,1507766,0.025503553232744117
2026-01-20,27.451478958129883,4040886,-0.030825555306837376
2026-01-21,27.060848236083984,4944950,-0.014332076016518626
2026-01-22,27.558900833129883,4441929,0.01823759391878975
2026-01-23,27.91046714782715,6002406,0.012676222396191287
2026-01-26,28.154611587524414,5522584,0.008709378046556894
2026-01-27,28.46711540222168,5047124,0.011038412440982857
2026-01-28,28.55500602722168,4293765,0.003082687644672212
2026-01-29,28.13507843017578,4019906,-0.014815122672261193
2026-01-30,26.54326629638672,12287532,-0.05824104848685646
2026-02-03,27.81281089782715,5015638,0.04672064618101034
2026-02-04,28.01789093017578,4698162,0.007346529705202357
2026-02-05,27.93000030517578,4057548,-0.0031418770344889056
2026-02-06,28.780000686645508,3412656,0.02997933443411126
2026-02-09,28.850000381469727,3045588,0.002429280858981487
2026-02-10,28.989999771118164,5404078,0.004840928861735101
2026-02-11,29.290000915527344,3913004,0.010295257058612102
2026-02-12,29.239999771118164,5667018,-0.0017085650430950963
2026-02-13,29.6299991607666,6945120,0.013249706207818812
2026-02-16,29.889999389648438,498239,0.008736622614220892
2026-02-17,29.68000030517578,2582186,-0.007050527294538618
2026-02-18,30.1200008392334,5460033,0.014716002213304503
2026-02-19,29.809999465942383,2348311,-0.010345541020091817
2026-02-20,29.969999313354492,6120165,0.005352968642881618
2026-02-23,29.75,3195854,-0.00736772642583807
2026-02-24,29.65999984741211,5503289,-0.003029800426420864
2026-02-25,28.809999465942383,7149896,-0.029076801006011673
2026-02-26,29.799999237060547,4444266,0.03378583735015711
2026-02-27,29.860000610351562,25347367,0.002011444642121612
2026-03-02,29.610000610351562,2846402,-0.008407649824963864
2026-03-03,28.93000030517578,4293497,-0.023233033189712066
2026-03-04,29.049999237060547,6485909,0.004139327498134782
2026-03-05,29.030000686645508,4504885,-0.0006886553454428735
2026-03-06,28.760000228881836,6049766,-0.009344260878315875
2026-03-09,27.739999771118164,4609057,-0.036110134175467
2026-03-10,28.030000686645508,5710430,0.010399983037785752
2026-03-11,27.739999771118164,4924268,-0.010399983037785849
2026-03-12,26.5,5124436,-0.04573067364354153
2026-03-13,26.81999969482422,3826589,0.01200313348269149
2026-03-17,27.489999771118164,12202981,0.0246744273762828
2026-03-18,27.3700008392334,4041383,-0.0043747401360352935
2026-03-19,27.209999084472656,1748084,-0.0058630345666845
2026-03-20,26.920000076293945,14109952,-0.010715011537804905
2026-03-23,26.899999618530273,2471861,-0.0007432351838634478
2026-03-24,27.5,8593762,0.022059732245763075
2026-03-25,27.920000076293945,4283163,0.015157275954237258
2026-03-26,27.860000610351562,3086955,-0.002151290367294341
2026-03-27,28.15999984741211,4010418,0.010710535611769002
2026-03-30,29.18000030517578,4461159,0.0355810276817906
2026-03-31,29.280000686645508,8035429,0.003421158991090016
2026-04-01,29.510000228881836,3997115,0.007824484166806771
2026-04-06,29.559999465942383,1138105,0.0016928813021739964
2026-04-07,29.770000457763672,3707682,0.007079112391262836
2026-04-08,30.280000686645508,6051906,0.016986260841421828
2026-04-09,30.329999923706055,5833887,0.0016498679392445655
2026-04-10,30.610000610351562,7371428,0.009189453711905961
2026-04-13,30.0,15996906,-0.020129391234778818
2026-04-14,30.59000015258789,6527103,0.01947578148881919
2026-04-15,31.15999984741211,6344049,0.01846205295465722
2026-04-16,31.200000762939453,2831212,0.0012829031629920387
2026-04-17,31.600000381469727,8099684,0.012739013396069176
2026-04-20,32.08000183105469,5194607,0.015075707411383577
2026-04-21,31.139999389648438,4486857,-0.029739693270467434
2026-04-23,31.209999084472656,2775025,0.0022453801426554295
2026-04-24,31.399999618530273,1878625,0.0060693538172256695
