Date,fx_price,fx_return
2018-01-02,19.497400283813477,-0.007839471538007193
2018-01-03,19.35110092163086,-0.0075318248711235
2018-01-04,19.306970596313477,-0.0022831115342299303
2018-01-05,19.173999786376953,-0.006911017984295889
2018-01-08,19.192119598388672,0.0009445736837356721
2018-01-09,19.244680404663086,0.0027349227319794986
2018-01-10,19.26300048828125,0.0009515028989297852
2018-01-11,19.215370178222656,-0.002475693931992535
2018-01-12,19.033000946044922,-0.009536124485016596
2018-01-15,18.85870933532715,-0.009199523517481163
2018-01-16,18.752500534057617,-0.005647735552742425
2018-01-17,18.71685028076172,-0.0019029026806291634
2018-01-18,18.58690071105957,-0.006967132896979233
2018-01-19,18.620540618896484,0.0018082359764907269
2018-01-22,18.707780838012695,0.0046742191745525056
2018-01-23,18.67329978942871,-0.001844840105460799
2018-01-24,18.535030364990234,-0.00743220995612105
2018-01-25,18.609479904174805,0.004008648295040539
2018-01-26,18.476499557495117,-0.007171492760581413
2018-01-29,18.59779930114746,0.00654362618927903
2018-01-30,18.765979766845703,0.009002387109241712
2018-01-31,18.587099075317383,-0.009577901718268675
2018-02-01,18.333009719848633,-0.01376449720354465
2018-02-02,18.57659912109375,0.01319943209901568
2018-02-05,18.815929412841797,0.012801143402858161
2018-02-06,18.621299743652344,-0.010397747219746142
2018-02-07,18.777999877929688,0.008379892289570036
2018-02-08,18.86910057067871,0.004839728397891
2018-02-09,18.689699172973633,-0.00955316800964002
2018-02-12,18.58810043334961,-0.005450911387421479
2018-02-13,18.634300231933594,0.0024823666116313148
2018-02-14,18.555099487304688,-0.004259324698118972
2018-02-15,18.50271987915039,-0.0028269144775477286
2018-02-16,18.50510025024414,0.00012864151893891712
2018-02-19,18.51729965209961,0.000659028173710068
2018-02-20,18.703399658203125,0.009999895775761177
2018-02-21,18.83810043334961,0.00717613056872833
2018-02-22,18.603900909423828,-0.012510152766803997
2018-02-23,18.520099639892578,-0.004514675715426035
2018-02-26,18.663799285888672,0.007729171255978449
2018-02-27,18.82900047302246,0.008812479052979976
2018-02-28,18.82509994506836,-0.00020717679746658427
2018-03-01,18.84296989440918,0.0009488115933512845
2018-03-02,18.80830955505371,-0.0018411246392189935
2018-03-05,18.784650802612305,-0.0012586801007322152
2018-03-06,18.849950790405273,0.003470213609791051
2018-03-07,18.698299407958984,-0.008077724327708846
2018-03-08,18.625,-0.003927814708700491
2018-03-09,18.60099983215332,-0.0012894305743393402
2018-03-12,18.575899124145508,-0.0013503391905497113
2018-03-13,18.599580764770508,0.0012740464359350169
2018-03-14,18.572500228881836,-0.0014570365691495134
2018-03-15,18.687299728393555,0.006162129850698129
2018-03-16,18.67460060119629,-0.0006797902448364328
2018-03-19,18.69729995727539,0.0012147821508318134
2018-03-20,18.743900299072266,0.0024892559822153495
2018-03-21,18.44355010986328,-0.01615366028114728
2018-03-22,18.673940658569336,0.012414282474594295
2018-03-23,18.510099411010742,-0.008812507063805167
2018-03-26,18.327739715576172,-0.009900753649261232
2018-03-27,18.38051986694336,0.0028756573228560377
2018-03-28,18.321550369262695,-0.0032134181011952766
2018-03-29,18.16819953918457,-0.008405195063292096
2018-03-30,18.166839599609375,-7.485554484398797e-05
2018-04-02,18.225500106811523,0.003223786020863058
2018-04-03,18.2232608795166,-0.0001228698719596924
2018-04-04,18.2232608795166,0.0
2018-04-05,18.099000930786133,-0.006842108795014626
2018-04-06,18.21820068359375,0.006564392384183545
2018-04-09,18.30344009399414,0.004667893520695011
2018-04-10,18.331199645996094,0.001515481386571918
2018-04-11,18.23859977722168,-0.0050642917458825635
2018-04-12,18.193599700927734,-0.0024703476497918925
2018-04-13,18.171199798583984,-0.0012319553791079597
2018-04-16,18.053030014038086,-0.00652437356648111
2018-04-17,17.991899490356445,-0.0033919102149080264
2018-04-18,18.02440071105957,0.0018048066760675506
2018-04-19,18.075849533081055,0.002850332421857674
2018-04-20,18.446929931640625,0.020321189884126678
2018-04-23,18.520099639892578,0.0039586520557965185
2018-04-24,18.926700592041016,0.021717045512060787
2018-04-25,18.811630249023438,-0.00609834600912602
2018-04-26,18.846500396728516,0.001851932481680849
2018-04-27,18.75830078125,-0.004690878528633731
2018-04-30,18.636999130249023,-0.006487557352775715
2018-05-01,18.697099685668945,0.0032196093781470202
2018-05-02,18.93549919128418,0.012670009613663772
2018-05-03,19.09079933166504,0.0081680841864682
2018-05-04,19.045900344848633,-0.0023546351908649635
2018-05-07,19.254499435424805,0.010892896908793363
2018-05-08,19.425100326538086,0.008821290728955688
2018-05-09,19.548599243164062,0.00633757284264172
2018-05-10,19.56719970703125,0.0009510461638717626
2018-05-11,19.236900329589844,-0.017024353334235395
2018-05-14,19.34239959716797,0.0054692299112205495
2018-05-15,19.57659912109375,0.012035373910936677
2018-05-16,19.66939926147461,0.004729160534132957
2018-05-17,19.562599182128906,-0.0054445527837882575
2018-05-18,19.748699188232422,0.009468086990545079
2018-05-21,19.889850616455078,0.007121957061719992
2018-05-22,19.82360076904297,-0.003336396437783876
2018-05-23,19.762439727783203,-0.0030900332115821505
2018-05-24,19.6343994140625,-0.0065000526603310555
2018-05-25,19.5664005279541,-0.003469263607408906
2018-05-28,19.533050537109375,-0.0017059062479893327
2018-05-29,19.586050033569336,0.002709649665484798
2018-05-30,19.8398494720459,0.01287493488033045
2018-05-31,19.77519989013672,-0.003263892906493996
2018-06-01,19.903499603271484,0.006466953902873142
2018-06-04,19.942419052124023,0.0019534980014398505
2018-06-05,20.063310623168945,0.006043731235832371
2018-06-06,20.39389991760254,0.016343027519616093
2018-06-07,20.29360008239746,-0.004930263023031437
2018-06-08,20.417699813842773,0.006096593139704851
2018-06-11,20.3257999420166,-0.004511150403245813
2018-06-12,20.561500549316406,0.01152940963975674
2018-06-13,20.69219970703125,0.006336381667442253
2018-06-14,20.654300689697266,-0.0018332399397524683
2018-06-15,20.838600158691406,0.008883480173347568
2018-06-18,20.682819366455078,-0.0075036703925142
2018-06-19,20.549699783325195,-0.006457041596860775
2018-06-20,20.510400772094727,-0.0019142195318054885
2018-06-21,20.359500885009766,-0.007384435326670182
2018-06-22,20.310300827026367,-0.0024194896416216464
2018-06-25,20.030500411987305,-0.013872054761168555
2018-06-26,19.905799865722656,-0.006244992684516156
2018-06-27,19.922590255737305,0.0008431368156286965
2018-06-28,20.15475082397461,0.011585756883150609
2018-06-29,19.729299545288086,-0.021335216113050545
2018-07-02,19.794300079345703,0.0032892040845263937
2018-07-03,19.964000701904297,0.008536665289791379
2018-07-04,19.49329948425293,-0.023859896437889692
2018-07-05,19.423900604248047,-0.003566492625836781
2018-07-06,19.25252914428711,-0.00886186147966914
2018-07-09,19.061100006103516,-0.009992826854620596
2018-07-10,19.17770004272461,0.006098538544935146
2018-07-11,19.011899948120117,-0.008683051739555442
2018-07-12,19.0585994720459,0.0024533193974269076
2018-07-13,18.969690322875977,-0.004675956328617799
2018-07-16,18.902009963989258,-0.0035741955298925683
2018-07-17,18.83300018310547,-0.0036576037769459144
2018-07-18,18.88479995727539,0.002746703495090151
2018-07-19,18.889400482177734,0.0002435802675671355
2018-07-20,19.03553009033203,0.007706293940711721
2018-07-23,19.021060943603516,-0.0007604016561965865
2018-07-24,18.90239906311035,-0.006257987416178238
2018-07-25,18.854700088500977,-0.002526624187574256
2018-07-26,18.65519905090332,-0.010637347652352549
2018-07-27,18.632400512695312,-0.0012228484169446892
2018-07-30,18.606700897216797,-0.001380249178175738
2018-07-31,18.530580520629883,-0.004099410634382688
2018-08-01,18.66489028930664,0.007221865969127599
2018-08-02,18.590099334716797,-0.004015089297818129
2018-08-03,18.634000778198242,0.0023587656224373682
2018-08-06,18.568649291992188,-0.0035132740975552723
2018-08-07,18.52659034729004,-0.002267620488976497
2018-08-08,18.443300247192383,-0.004505841898663799
2018-08-09,18.457599639892578,0.0007750159730355203
2018-08-10,18.721500396728516,0.014196426957197621
2018-08-13,19.067699432373047,0.018323157048721807
2018-08-14,19.130699157714844,0.0032985562112212287
2018-08-15,18.87980079650879,-0.013201720866169981
2018-08-16,19.18400001525879,0.015983989451231317
2018-08-17,19.00749969482422,-0.009242977015640853
2018-08-20,18.87820053100586,-0.006825776747663373
2018-08-21,19.0035400390625,0.006617434339575415
2018-08-22,18.943769454956055,-0.0031501908478991547
2018-08-23,18.767349243164062,-0.009356471243405709
2018-08-24,19.006200790405273,0.012646665747686454
2018-08-27,18.76759910583496,-0.012633352146262069
2018-08-28,18.80014991760254,0.001732912977728741
2018-08-29,19.065950393676758,0.014039198102119642
2018-08-30,18.926300048828125,-0.007351550496492771
2018-08-31,19.09984016418457,0.009127474899972966
2018-09-03,19.096900939941406,-0.00015389921569241118
2018-09-04,19.184600830078125,0.0045818496928212125
2018-09-05,19.368099212646484,0.009519424998672038
2018-09-06,19.33690071105957,-0.0016121177318324496
2018-09-07,19.23253059387207,-0.005412077306368912
2018-09-10,19.313899993896484,0.004221896536052513
2018-09-11,19.26569938659668,-0.0024987627219278325
2018-09-12,19.201820373535156,-0.003321195240925104
2018-09-13,19.027099609375,-0.009140827457260609
2018-09-14,18.83009910583496,-0.01040765236033574
2018-09-17,18.875,0.002381689291616574
2018-09-18,18.919540405273438,0.0023569767175672797
2018-09-19,18.788299560546875,-0.006960959566192748
2018-09-20,18.755699157714844,-0.0017366509769042408
2018-09-21,18.835899353027344,0.004266927727008066
2018-09-24,18.84416961669922,0.00043897285916998574
2018-09-25,18.965869903564453,0.0064374810866394405
2018-09-26,18.975299835205078,0.000497081766309456
2018-09-27,18.848979949951172,-0.006679326379829902
2018-09-28,18.78660011291504,-0.0033149426184185932
2018-10-01,18.674419403076172,-0.005989214742225507
2018-10-02,18.70789909362793,0.0017912050856933757
2018-10-03,18.787099838256836,0.004224609397439933
2018-10-04,19.032499313354492,0.012977552629359524
2018-10-05,19.103099822998047,0.003702608161372307
2018-10-08,18.76519012451172,-0.01784705187795596
2018-10-09,18.943359375,0.009449876949914272
2018-10-10,18.99165916442871,0.0025464500816381286
2018-10-11,19.16377067565918,0.009021661100495505
2018-10-12,18.975969314575195,-0.009848146787127709
2018-10-15,18.867000579833984,-0.0057590107868583495
2018-10-16,18.820100784301758,-0.002488905649162633
2018-10-17,18.752090454101562,-0.0036202522258303852
2018-10-18,18.8656005859375,0.006034951811595692
2018-10-19,19.140499114990234,0.01446627384925291
2018-10-22,19.28019905090332,0.00727215059804424
2018-10-23,19.392499923706055,0.00580777610260862
2018-10-24,19.288970947265625,-0.005352910389192236
2018-10-25,19.597570419311523,0.015872121295128504
2018-10-26,19.481769561767578,-0.005926466339467649
2018-10-29,19.369800567626953,-0.005763952590046066
2018-10-30,20.052900314331055,0.03465861594742101
2018-10-31,20.061599731445312,0.00043372931188018275
2018-11-01,20.31509017944336,0.012556441802442404
2018-11-02,20.161800384521484,-0.007574224483352618
2018-11-05,20.010499954223633,-0.007532610501415774
2018-11-06,19.868600845336914,-0.007116494851118431
2018-11-07,19.706600189208984,-0.008187024033488192
2018-11-08,19.86039924621582,0.0077741468294961254
2018-11-09,20.1643009185791,0.015185998217848398
2018-11-12,20.10110092163086,-0.003139173879299289
2018-11-13,20.352819442749023,0.0124448640614848
2018-11-14,20.45549964904785,0.005032327979988773
2018-11-15,20.388700485229492,-0.0032709282177447604
2018-11-16,20.24658966064453,-0.006994482059594367
2018-11-19,20.13990020751953,-0.005283435210968809
2018-11-20,20.367900848388672,0.011257241455311656
2018-11-21,20.367399215698242,-2.4628893842237563e-05
2018-11-22,20.243799209594727,-0.006087010111907846
2018-11-23,20.291500091552734,0.002353548872172801
2018-11-26,20.404199600219727,0.005538658758782686
2018-11-27,20.593700408935547,0.00924448121684335
2018-11-28,20.455400466918945,-0.006738294498698679
2018-11-29,20.27359962463379,-0.008927400589873291
2018-11-30,20.22480010986328,-0.00240994897125822
2018-12-03,20.16069984436035,-0.0031744224735883457
2018-12-04,20.334150314331055,0.008566596988726902
2018-12-05,20.499399185180664,0.008093823583543882
2018-12-06,20.50819969177246,0.00042921346130548064
2018-12-07,20.333599090576172,-0.008550145688085589
2018-12-10,20.274200439453125,-0.0029254820095561307
2018-12-11,20.315099716186523,0.0020152744895179857
2018-12-12,20.179319381713867,-0.006706150939399799
2018-12-13,20.05190086364746,-0.006334331562974523
2018-12-14,20.2726993560791,0.010951166180692726
2018-12-17,20.140100479125977,-0.006562245295367614
2018-12-18,20.069700241088867,-0.003501649285039065
2018-12-19,20.05624008178711,-0.0006708956698992918
2018-12-20,20.0851993560791,0.0014428620259565037
2018-12-21,19.86815071105957,-0.010865210547665595
2018-12-24,19.9207706451416,0.002644955578838553
2018-12-25,19.86039924621582,-0.0030351769662513607
2018-12-26,19.95772933959961,0.0048887424240165785
2018-12-27,19.893299102783203,-0.003233557349677379
2018-12-28,19.68239974975586,-0.010658123827250609
2018-12-31,19.645370483398438,-0.0018831109457958814
2019-01-01,19.633699417114258,-0.0005942638996906346
2019-01-02,19.628299713134766,-0.0002750600648542177
2019-01-03,19.60770034790039,-0.001050023809510801
2019-01-04,19.60449981689453,-0.00016324159315295414
2019-01-07,19.381900787353516,-0.011419440885152989
2019-01-08,19.364620208740234,-0.0008919809735056628
2019-01-09,19.327899932861328,-0.0018980560981094953
2019-01-10,19.205900192260742,-0.006332110917801741
2019-01-11,19.13075065612793,-0.003920511089326241
2019-01-14,19.138900756835938,0.0004259302361170913
2019-01-15,18.973600387573242,-0.008674392957761458
2019-01-16,18.971519470214844,-0.00010968036829421963
2019-01-17,18.881099700927734,-0.004777473434983867
2019-01-18,18.995399475097656,0.006035411065698573
2019-01-21,19.088699340820312,0.0048996854475705474
2019-01-22,19.147199630737305,0.0030599691461345485
2019-01-23,19.15239906311035,0.00027151367545906794
2019-01-24,19.022499084472656,-0.006805544287222367
2019-01-25,19.0132999420166,-0.0004837097087936942
2019-01-28,18.988849639892578,-0.0012867853932889456
2019-01-29,19.03754997253418,0.0025613973325836854
2019-01-30,19.09086036682129,0.0027963625313328117
2019-01-31,19.10527992248535,0.00075502688176629
2019-02-01,19.09309959411621,-0.0006377406024080688
2019-02-04,19.086999893188477,-0.0003195225293563634
2019-02-05,19.09510040283203,0.00042430928117019053
2019-02-06,19.02440071105957,-0.0037093755569910735
2019-02-07,19.10919952392578,0.004447466387649098
2019-02-08,19.074180603027344,-0.0018342499066533327
2019-02-11,19.072370529174805,-9.49010487278553e-05
2019-02-12,19.288400650024414,0.011263194038813654
2019-02-13,19.242700576782227,-0.0023721146407122188
2019-02-14,19.413799285888672,0.00885231860297421
2019-02-15,19.258459091186523,-0.008033719089599304
2019-02-18,19.26112937927246,0.0001386457226698351
2019-02-19,19.243200302124023,-0.0009312759677977556
2019-02-20,19.14109992980957,-0.005319915303750265
2019-02-21,19.218170166015625,0.0040183423573184425
2019-02-22,19.274200439453125,0.002911242520483837
2019-02-25,19.128599166870117,-0.007582883110039772
2019-02-26,19.121000289916992,-0.0003973310654759451
2019-02-27,19.18501091003418,0.0033420697009265274
2019-02-28,19.16448974609375,-0.0010702181539795391
2019-03-01,19.262699127197266,0.005111463930091435
2019-03-04,19.265199661254883,0.00012980381177068602
2019-03-05,19.293420791625977,0.001463804206623578
2019-03-06,19.257400512695312,-0.0018687170957282719
2019-03-07,19.349199295043945,0.0047556094457663805
2019-03-08,19.552799224853516,0.01046742052012242
2019-03-11,19.483200073242188,-0.00356589950879098
2019-03-12,19.39126968383789,-0.004729611045310082
2019-03-13,19.330400466918945,-0.0031439381007924557
2019-03-14,19.290050506591797,-0.0020895651910659086
2019-03-15,19.298599243164062,0.0004430700098372349
2019-03-18,19.203399658203125,-0.004945186311625442
2019-03-19,19.056379318237305,-0.007685411027003254
2019-03-20,18.99449920654297,-0.003252496060248061
2019-03-21,18.798999786376953,-0.010345756235354445
2019-03-22,18.850000381469727,0.002709268562848594
2019-03-25,19.116649627685547,0.014046729460242364
2019-03-26,19.015600204467773,-0.0052999579200574505
2019-03-27,19.08810043334961,0.003805421266663376
2019-03-28,19.363849639892578,0.014342780179162238
2019-03-29,19.345300674438477,-0.0009583763385775002
2019-04-01,19.32939910888672,-0.0008223239759802969
2019-04-02,19.159299850463867,-0.008838977178926859
2019-04-03,19.216100692749023,0.0029602757475380172
2019-04-04,19.217670440673828,8.168586528903801e-05
2019-04-05,19.146799087524414,-0.003694639057400803
2019-04-08,19.06130027770996,-0.004475436043311751
2019-04-09,18.98390007019043,-0.004068860912589018
2019-04-10,18.913820266723633,-0.003698369333178007
2019-04-11,18.806400299072266,-0.005695632551133946
2019-04-12,18.8169002532959,0.0005581623271790352
2019-04-15,18.757579803466797,-0.003157488754259651
2019-04-16,18.85930061340332,0.005408266541407454
2019-04-17,18.865800857543945,0.0003446110918990963
2019-04-18,18.802000045776367,-0.0033875549540923447
2019-04-19,18.787099838256836,-0.0007927940996685728
2019-04-22,18.7677001953125,-0.00103313795586985
2019-04-23,18.826099395751953,0.003106855281977139
2019-04-24,18.903400421142578,0.004097649527689238
2019-04-25,19.068300247192383,0.00868546100271075
2019-04-26,19.022680282592773,-0.0023953169898657
2019-04-29,18.928600311279297,-0.0049579441092807396
2019-04-30,18.99839973449707,0.003680728870498233
2019-05-01,18.93815040588379,-0.0031763235742368018
2019-05-02,18.98270034790039,0.002349628852033842
2019-05-03,19.11319923400879,0.006851099356194448
2019-05-06,19.057899475097656,-0.0028974695237810543
2019-05-07,18.992599487304688,-0.0034322836062363185
2019-05-08,19.039939880371094,0.0024894691915211434
2019-05-09,19.07069969177246,0.0016142378310150707
2019-05-10,19.22551918029785,0.008085410858483424
2019-05-13,19.122900009155273,-0.005351950263299062
2019-05-14,19.20669937133789,0.004372573522975222
2019-05-15,19.143400192260742,-0.0033011250182202728
2019-05-16,19.060800552368164,-0.004324119703419405
2019-05-17,19.099199295043945,0.0020125134061620142
2019-05-20,19.130599975585938,0.0016427335849255556
2019-05-21,19.046300888061523,-0.004416242420196955
2019-05-23,18.982799530029297,-0.0033396223604405056
2019-05-24,19.030799865722656,0.0025254310019433806
2019-05-27,19.043109893798828,0.0006466385292642076
2019-05-28,19.05299949645996,0.0005191922766693708
2019-05-29,19.183210372924805,0.006810893666713285
2019-05-30,19.135480880737305,-0.0024911872149126473
2019-05-31,19.525039672851562,0.0201534781115316
2019-06-03,19.61479949951172,0.00458663019143212
2019-06-04,19.80331039428711,0.009564757540863104
2019-06-05,19.566850662231445,-0.012012273713262182
2019-06-06,19.74924087524414,0.00927821226899641
2019-06-07,19.674280166625977,-0.003802846472106592
2019-06-10,19.27910041809082,-0.02029057815868975
2019-06-11,19.204439163208008,-0.0038801705543914794
2019-06-12,19.10610008239746,-0.0051337986220706755
2019-06-13,19.159799575805664,0.0028066518303978337
2019-06-14,19.181100845336914,0.0011111513547631656
2019-06-17,19.131399154663086,-0.00259454321983906
2019-06-18,19.166200637817383,0.0018174242209469732
2019-06-19,19.122840881347656,-0.0022648660443975173
2019-06-20,19.007400512695312,-0.006055074247614919
2019-06-21,18.98889923095703,-0.0009738465758658411
2019-06-24,19.099069595336914,0.005785064157021619
2019-06-25,19.194900512695312,0.005005023879065629
2019-06-26,19.218000411987305,0.0012027158335078903
2019-06-27,19.136699676513672,-0.004239420829888913
2019-06-28,19.172849655151367,0.001887257354789713
2019-07-01,19.136999130249023,-0.0018716093382825946
2019-07-02,19.099899291992188,-0.0019405261111509061
2019-07-03,19.04400062561035,-0.0029309381850605725
2019-07-04,19.003799438476562,-0.0021131945619061675
2019-07-05,19.00383949279785,2.1076984741105335e-06
2019-07-08,18.99489974975586,-0.00047052841147518124
2019-07-09,18.933290481567383,-0.003248735149212356
2019-07-10,19.160459518432617,0.011926981712918004
2019-07-11,19.12849998474121,-0.0016693867646606468
2019-07-12,19.067289352416992,-0.003205101179275785
2019-07-15,18.987590789794922,-0.00418861806143973
2019-07-16,18.965999603271484,-0.0011377679228239648
2019-07-17,19.089599609375,0.0064957821330306285
2019-07-18,19.057899475097656,-0.0016619774472715987
2019-07-19,18.95669937133789,-0.005324288347076013
2019-07-22,19.01259994506836,0.0029445164975852203
2019-07-23,19.039199829101562,0.0013980883177068487
2019-07-24,19.168399810791016,0.006763077260314582
2019-07-25,19.058399200439453,-0.005755172644155084
2019-07-26,19.026199340820312,-0.0016909652996261917
2019-07-29,19.030960083007812,0.0002501890463927053
2019-07-30,19.04669952392578,0.0008267021648312164
2019-07-31,19.055400848388672,0.00045673726797888916
2019-08-01,19.136499404907227,0.0042469045987829765
2019-08-02,19.21030044555664,0.0038491416262218044
2019-08-05,19.338430404663086,0.00664771203309792
2019-08-06,19.680299758911133,0.01752379440862625
2019-08-07,19.595869064331055,-0.004299341160986179
2019-08-08,19.632299423217773,0.0018573576470353457
2019-08-09,19.427650451660156,-0.010478807312348523
2019-08-12,19.425600051879883,-0.0001055458555257847
2019-08-13,19.58449935913086,0.008146617848201443
2019-08-14,19.378740310668945,-0.01056179942589429
2019-08-15,19.654659271240234,0.014137818348054127
2019-08-16,19.598600387573242,-0.002856268359173324
2019-08-19,19.622299194335938,0.001208478637640027
2019-08-20,19.87310028076172,0.01270043908701593
2019-08-21,19.750499725341797,-0.006188279038135822
2019-08-22,19.671899795532227,-0.003987582436130498
2019-08-23,19.799699783325195,0.006475563987366773
2019-08-26,20.00429916381836,0.0102804335174926
2019-08-27,19.93589973449707,-0.0034250954214397602
2019-08-28,19.974000930786133,0.0019093611975607057
2019-08-29,20.139400482177734,0.008246644908042779
2019-08-30,20.120800018310547,-0.0009240125463550243
2019-09-02,20.093799591064453,-0.0013428173631235439
2019-09-03,20.12445068359375,0.0015242382875578233
2019-09-04,19.9606990814209,-0.008170233317679135
2019-09-05,19.685699462890625,-0.013872837838935628
2019-09-06,19.705699920654297,0.001015473417819647
2019-09-09,19.541139602661133,-0.00838596352594758
2019-09-10,19.555500030517578,0.0007346119071605768
2019-09-11,19.492000579833984,-0.0032524236208290942
2019-09-12,19.499399185180664,0.00037949935011635756
2019-09-13,19.428499221801758,-0.003642633929732887
2019-09-16,19.398099899291992,-0.00156590221186647
2019-09-17,19.422399520874023,0.0012518965556136507
2019-09-18,19.352800369262695,-0.0035898835623661587
2019-09-19,19.396699905395508,0.00226581269967332
2019-09-20,19.42919921875,0.0016741052584959475
2019-09-23,19.418899536132812,-0.0005302541534145254
2019-09-24,19.47599983215332,0.002936134967266989
2019-09-25,19.435699462890625,-0.00207137618773803
2019-09-26,19.566999435424805,0.006732891427937246
2019-09-27,19.65703010559082,0.004590595577511266
2019-09-30,19.678699493408203,0.0011017662684945449
2019-10-01,19.734819412231445,0.002847751650080033
2019-10-02,19.803800582885742,0.0034893094726908638
2019-10-03,19.783700942993164,-0.0010154539107035535
2019-10-04,19.65304946899414,-0.006625898464146995
2019-10-07,19.52079963684082,-0.00675197038845592
2019-10-08,19.570899963378906,0.0025632220896418052
2019-10-09,19.625200271606445,0.002770701301387102
2019-10-10,19.58489990234375,-0.0020556123689975756
2019-10-11,19.43470001220703,-0.007698727425819793
2019-10-14,19.3080997467041,-0.006535444877674547
2019-10-15,19.269350051879883,-0.0020089305051893317
2019-10-16,19.230649948120117,-0.002010395677623474
2019-10-17,19.194900512695312,-0.0018607122245764896
2019-10-18,19.179800033569336,-0.0007870018366486887
2019-10-21,19.117700576782227,-0.0032430059519741134
2019-10-22,19.12179946899414,0.00021438001138653144
2019-10-23,19.140689849853516,0.0009874100054896458
2019-10-24,19.101600646972656,-0.002044292639707223
2019-10-25,19.117900848388672,0.0008529782842035167
2019-10-28,19.0393009185791,-0.004119801103919917
2019-10-29,19.110200881958008,0.003716957845360631
2019-10-30,19.107200622558594,-0.00015701012038836178
2019-10-31,19.092920303344727,-0.0007476583598666221
2019-11-01,19.238800048828125,0.00761147417502232
2019-11-04,19.084999084472656,-0.008026437541950208
2019-11-05,19.16790008544922,0.004334371122833186
2019-11-06,19.186800003051758,0.0009855334073102888
2019-11-07,19.150699615478516,-0.0018832943516147451
2019-11-08,19.121599197387695,-0.001520704248318152
2019-11-11,19.109500885009766,-0.0006329042457948468
2019-11-12,19.111499786376953,0.00010459701912028569
2019-11-13,19.2987003326416,0.009747516436058874
2019-11-14,19.365219116210938,0.003440874600779625
2019-11-15,19.312700271606445,-0.002715703311509151
2019-11-18,19.19879913330078,-0.005915192717892056
2019-11-19,19.317190170288086,0.006147649949869689
2019-11-20,19.358539581298828,0.002138262265820197
2019-11-21,19.46969985961914,0.005725759581871437
2019-11-22,19.386850357055664,-0.004264384133576955
2019-11-25,19.344999313354492,-0.002161066943358926
2019-11-26,19.44515037536621,0.005163748289369184
2019-11-27,19.507299423217773,0.00319102397459816
2019-11-28,19.554649353027344,0.0024243518044799292
2019-11-29,19.4914493560791,-0.0032372018833931016
2019-12-02,19.53594970703125,0.0022804681483208017
2019-12-03,19.573999404907227,0.0019457816102987744
2019-12-04,19.54949951171875,-0.0012524389213366465
2019-12-05,19.431100845336914,-0.006074766904591154
2019-12-06,19.363000869750977,-0.00351084533604038
2019-12-09,19.254749298095703,-0.005606326351048803
2019-12-10,19.229999542236328,-0.0012862112923797296
2019-12-11,19.249900817871094,0.0010343726061103325
2019-12-12,19.101299285888672,-0.0077495502239788875
2019-12-13,18.98200035095215,-0.006265177981174798
2019-12-16,19.03420066833496,0.002746216023159761
2019-12-17,18.936189651489258,-0.005162508665220881
2019-12-18,18.91754913330078,-0.0009848707310621907
2019-12-19,18.975500106811523,0.0030586622007186463
2019-12-20,18.909000396728516,-0.0035106588445584556
2019-12-23,18.941299438476562,0.0017066733805833497
2019-12-24,18.934499740600586,-0.00035905238154198773
2019-12-25,18.96269989013672,0.001488244778816844
2019-12-26,18.95210075378418,-0.0005591028542222608
2019-12-27,18.928499221801758,-0.0012461014372322878
2019-12-30,18.827899932861328,-0.005328872946125686
2019-12-31,18.917699813842773,0.004758173191472644
2020-01-01,18.917400360107422,-1.5829414167289173e-05
2020-01-02,18.898799896240234,-0.0009837300014866569
2020-01-03,18.830299377441406,-0.0036311809921342705
2020-01-06,18.944759368896484,0.006060101323314757
2020-01-07,18.841449737548828,-0.005468126663523628
2020-01-08,18.96419906616211,0.006493725876590969
2020-01-09,18.81399917602539,-0.007951712286426963
2020-01-10,18.834800720214844,0.0011050310428752956
2020-01-13,18.79762077331543,-0.0019759535804996153
2020-01-14,18.79010009765625,-0.0004001666281047312
2020-01-15,18.793800354003906,0.0001969064580921906
2020-01-16,18.782699584960938,-0.0005908357289224842
2020-01-17,18.76300048828125,-0.0010493397885157861
2020-01-20,18.656299591064453,-0.005703002792009787
2020-01-21,18.65369987487793,-0.00013935761071798354
2020-01-22,18.7593994140625,0.005650417763707969
2020-01-23,18.700410842895508,-0.0031494350623256055
2020-01-24,18.74920082092285,0.002605634796408949
2020-01-27,18.862499237060547,0.006024655022622562
2020-01-28,18.892000198364258,0.0015627788872316464
2020-01-29,18.724050521850586,-0.00892974085933672
2020-01-30,18.681900024414062,-0.002253679677239611
2020-01-31,18.780799865722656,0.005279922234962624
2020-02-03,18.866409301757812,0.00454799096623448
2020-02-04,18.81439971923828,-0.0027605360340886547
2020-02-05,18.671289443969727,-0.007635498973076659
2020-02-06,18.587600708007812,-0.0044922903694529165
2020-02-07,18.639699935913086,0.0027989814473524566
2020-02-10,18.800249099731445,0.008576408464705278
2020-02-11,18.702699661254883,-0.005202239381171499
2020-02-12,18.642000198364258,-0.003250770072984052
2020-02-13,18.640399932861328,-8.584562679870176e-05
2020-02-14,18.59510040283203,-0.0024331378372398752
2020-02-17,18.542999267578125,-0.0028058069689634022
2020-02-18,18.549999237060547,0.000377428077950798
2020-02-19,18.58894920349121,0.002097527385485111
2020-02-20,18.550100326538086,-0.0020920778325874373
2020-02-21,18.847400665283203,0.015899811167054387
2020-02-24,19.007709503173828,0.008469651547119133
2020-02-25,19.03660011291504,0.0015187877286398737
2020-02-26,19.059999465942383,0.0012284222859008291
2020-02-27,19.286619186401367,0.011819678852494473
2020-02-28,19.458969116210938,0.008896551794942777
2020-03-02,19.82309913635254,0.018539779919047348
2020-03-03,19.405000686645508,-0.021317080566880888
2020-03-04,19.43160057067871,0.0013698360480312284
2020-03-05,19.517200469970703,0.004395515899061662
2020-03-06,19.81450080871582,0.015117881576399659
2020-03-09,21.0575008392334,0.060842797332410804
2020-03-10,20.81222915649414,-0.011716076907547826
2020-03-11,20.789400100708008,-0.0010975078854005647
2020-03-12,21.41659927368164,0.029723042079301144
2020-03-13,21.967199325561523,0.02538411270636957
2020-03-16,21.808610916137695,-0.007245513096768642
2020-03-17,22.600990295410156,0.03568883574151865
2020-03-18,22.960599899291992,0.015785975428755598
2020-03-19,23.64971923828125,0.029571544208047796
2020-03-20,24.0457706451416,0.016607881000263176
2020-03-23,24.7462100982666,0.02871322561045739
2020-03-24,25.336200714111328,0.023561881349754597
2020-03-25,24.768699645996094,-0.022653486307043467
2020-03-26,24.008100509643555,-0.03118945035384311
2020-03-27,23.23710060119629,-0.03264112941962342
2020-03-30,23.594600677490234,0.015267735788217027
2020-03-31,23.83300018310547,0.010053281598706507
2020-04-01,23.750999450683594,-0.0034465708736473124
2020-04-02,24.215530395507812,0.019369567479181095
2020-04-03,24.235300064086914,0.0008160714476406089
2020-04-06,25.261999130249023,0.04149100526647226
2020-04-07,24.542400360107422,-0.02889900723798572
2020-04-08,24.31159019470215,-0.009449049303703527
2020-04-09,23.984500885009766,-0.013545374107206807
2020-04-10,23.67639923095703,-0.012929086323583219
2020-04-13,23.446800231933594,-0.009744704031845847
2020-04-14,23.5851993560791,0.005885334446207773
2020-04-15,23.36199951171875,-0.009508619531601882
2020-04-16,24.239200592041016,0.03686043194826001
2020-04-17,23.76020050048828,-0.019959248749524195
2020-04-20,24.026649475097656,0.011151676079785296
2020-04-21,24.010719299316406,-0.0006632410047277014
2020-04-22,24.368600845336914,0.014795084888318126
2020-04-23,24.479299545288086,0.004532390893726601
2020-04-24,24.766550064086914,0.011666111110897286
2020-04-27,24.98579978942871,0.008813700067874719
2020-04-28,24.74970054626465,-0.009494265266770859
2020-04-29,24.283599853515625,-0.019012170451336827
2020-04-30,23.742000579833984,-0.02255556329571403
2020-05-01,24.21430015563965,0.01969771810948042
2020-05-04,24.834489822387695,0.02529003149897742
2020-05-05,24.090200424194336,-0.030428269261103844
2020-05-06,23.973499298095703,-0.00485611203916016
2020-05-07,24.427499771118164,0.018760513104693618
2020-05-08,24.02206039428711,-0.016736946213364242
2020-05-11,23.625099182128906,-0.016662919696809355
2020-05-12,23.920089721679688,0.012409008425393253
2020-05-13,24.363279342651367,0.018358373776980602
2020-05-14,24.185699462890625,-0.007315526550296012
2020-05-15,23.851299285888672,-0.013922833962160175
2020-05-18,23.934009552001953,0.0034617480025824292
2020-05-19,23.731300354003906,-0.008505574409395098
2020-05-20,23.665359497070312,-0.002782512509771413
2020-05-21,23.195499420166016,-0.020054084986092315
2020-05-22,22.870180130004883,-0.014124385082594825
2020-05-25,22.663789749145508,-0.009065398640194152
2020-05-26,22.545499801635742,-0.005233004925582365
2020-05-27,22.211999893188477,-0.014902802124584415
2020-05-28,22.31138038635254,0.004464200947319893
2020-05-29,22.19890022277832,-0.0050541313813288295
2020-06-01,22.182300567626953,-0.0007480489770354308
2020-06-02,22.042400360107422,-0.006326811544282959
2020-06-03,21.723800659179688,-0.014559423549079627
2020-06-04,21.720800399780273,-0.00013811886085045205
2020-06-05,21.90247917175293,0.00832948939960308
2020-06-08,21.474899291992188,-0.019715056292000332
2020-06-09,21.472999572753906,-8.846622487874341e-05
2020-06-10,21.88743019104004,0.019116196074585673
2020-06-11,21.976980209350586,0.004083043264563534
2020-06-12,22.854660034179688,0.03915948534666882
2020-06-15,22.488540649414062,-0.016149161773601504
2020-06-16,22.155460357666016,-0.014921891613441526
2020-06-17,22.26922035217285,0.00512148838645622
2020-06-18,22.341400146484375,0.003235994321152061
2020-06-19,22.67639923095703,0.014883236093572292
2020-06-22,22.64150047302246,-0.0015401757390022261
2020-06-23,22.399099349975586,-0.01076377598677848
2020-06-24,22.389150619506836,-0.0004442562787853602
2020-06-25,22.790279388427734,0.01775760825423819
2020-06-26,22.679399490356445,-0.004877101426219576
2020-06-29,23.05470085144043,0.01641268913207489
2020-06-30,23.056570053100586,8.10735260387163e-05
2020-07-01,23.004499435424805,-0.002260939245892559
2020-07-02,22.711599349975586,-0.012814045864110897
2020-07-03,22.477819442749023,-0.010346758116629606
2020-07-06,22.38545036315918,-0.004117809981737685
2020-07-07,22.31100082397461,-0.0033313431406587816
2020-07-08,22.792699813842773,0.02136043376670504
2020-07-09,22.67180061340332,-0.005318412575870627
2020-07-10,22.60260009765625,-0.003056940281901513
2020-07-13,22.488399505615234,-0.005065349503154204
2020-07-14,22.709800720214844,0.009796982373067814
2020-07-15,22.395999908447266,-0.013914213700694225
2020-07-16,22.318199157714844,-0.003479916038751661
2020-07-17,22.411680221557617,0.004179810061604059
2020-07-20,22.492469787597656,0.0035983156654632296
2020-07-21,22.488540649414062,-0.00017470208674346763
2020-07-22,22.29680061340332,-0.008562677078053355
2020-07-23,22.37017059326172,0.0032852035346844885
2020-07-24,22.478200912475586,0.004817589782101691
2020-07-27,22.287200927734375,-0.008533426973948429
2020-07-28,21.936100006103516,-0.01587888246102369
2020-07-29,21.933399200439453,-0.00012312908587163403
2020-07-30,21.97249984741211,0.0017811117939671751
2020-07-31,21.995399475097656,0.0010416522103164445
2020-08-03,22.26059913635254,0.011984944142419353
2020-08-04,22.625699996948242,0.01626816733411591
2020-08-05,22.628400802612305,0.00011936180896541034
2020-08-06,22.371639251708984,-0.01141173816931261
2020-08-07,22.402849197387695,0.001394095245505967
2020-08-10,22.404619216918945,7.90055584397657e-05
2020-08-11,22.45709991455078,0.0023396660934078585
2020-08-12,22.411399841308594,-0.002037067844662114
2020-08-13,22.340900421142578,-0.003150652729398502
2020-08-14,22.153900146484375,-0.008405538322830116
2020-08-17,21.933500289916992,-0.009998398202651644
2020-08-18,22.142200469970703,0.009470149592823
2020-08-19,22.13129997253418,-0.0004924163460233098
2020-08-20,22.174789428710938,0.0019631373805048978
2020-08-21,22.088300704956055,-0.003907943777317177
2020-08-24,21.95966911315918,-0.0058405396654386274
2020-08-25,21.972999572753906,0.0006068586499555019
2020-08-26,21.894699096679688,-0.0035698503273783734
2020-08-27,21.930870056152344,0.0016506787423368368
2020-08-28,22.13290023803711,0.009169964178319232
2020-08-31,21.749900817871094,-0.017456002637851856
2020-09-01,21.91254997253418,0.007450333367529917
2020-09-02,21.74530029296875,-0.007661875091766358
2020-09-03,21.726900100708008,-0.0008465268927233123
2020-09-04,21.698699951171875,-0.0012987801419675358
2020-09-07,21.552949905395508,-0.0067396549245648234
2020-09-08,21.594200134277344,0.0019120725893390519
2020-09-09,21.872419357299805,0.012801686714421265
2020-09-10,21.386999130249023,-0.022443232910356273
2020-09-11,21.436649322509766,0.0023188222536748354
2020-09-14,21.267499923706055,-0.007921960109448383
2020-09-15,21.064800262451172,-0.009576668857443687
2020-09-16,21.142000198364258,0.00365817930583522
2020-09-17,20.97916030883789,-0.007732013972719903
2020-09-18,20.8927001953125,-0.004129753747018575
2020-09-21,21.111759185791016,0.01043036761818912
2020-09-22,21.344839096069336,0.010979789304847122
2020-09-23,21.67449951171875,0.015326449889628191
2020-09-24,22.390399932861328,0.03249586074902227
2020-09-25,22.138439178466797,-0.01131686558638436
2020-09-28,22.309370040893555,0.007691344436150522
2020-09-29,22.34910011291504,0.00177928542407711
2020-09-30,22.37350082397461,0.001091202790965188
2020-10-01,22.081600189208984,-0.013132568515436607
2020-10-02,21.844730377197266,-0.010784971333787967
2020-10-05,21.594999313354492,-0.011497945170317296
2020-10-06,21.363250732421875,-0.010789584256095197
2020-10-07,21.688230514526367,0.015097550446653346
2020-10-08,21.449800491333008,-0.011054396579303615
2020-10-09,21.35586929321289,-0.00438873398594837
2020-10-12,21.148590087890625,-0.009753369482304304
2020-10-13,21.19890022277832,0.002376063289142846
2020-10-14,21.333480834960938,0.006328404758149331
2020-10-15,21.326169967651367,-0.0003427532688897179
2020-10-16,21.284099578857422,-0.0019746602362319303
2020-10-19,21.08880043029785,-0.009218181029632434
2020-10-20,21.207250595092773,0.005601018136940715
2020-10-21,21.092599868774414,-0.005420870561948042
2020-10-22,21.149269104003906,0.002683085318150831
2020-10-23,20.954200744628906,-0.009266208026600158
2020-10-26,20.90243911743164,-0.0024732827935488883
2020-10-27,20.963790893554688,0.002930849996476024
2020-10-28,21.01930046081543,0.002644378859059721
2020-10-29,21.235599517822266,0.010237910698721325
2020-10-30,21.345600128173828,0.005166639548149076
2020-11-02,21.274450302124023,-0.0033387990594636054
2020-11-03,21.371950149536133,0.0045724851923537695
2020-11-04,21.035709381103516,-0.015857881260004026
2020-11-05,20.93440055847168,-0.004827674720889465
2020-11-06,20.75550079345703,-0.008582455574925641
2020-11-09,20.520360946655273,-0.011393699883357344
2020-11-10,20.33530044555664,-0.009059296090838966
2020-11-11,20.322099685668945,-0.0006493656903273871
2020-11-12,20.46430015563965,0.006972963865346446
2020-11-13,20.60325050354004,0.006766942556765257
2020-11-16,20.34473991394043,-0.01262645719254546
2020-11-17,20.259950637817383,-0.0041763352071140835
2020-11-18,20.279489517211914,0.0009639442889569077
2020-11-19,20.312679290771484,0.0016352800025417526
2020-11-20,20.233400344848633,-0.0039105653452337664
2020-11-23,20.086719512939453,-0.007275845384763284
2020-11-24,20.10154914855957,0.0007380082191703766
2020-11-25,20.02511978149414,-0.0038094096285279915
2020-11-26,19.957599639892578,-0.0033774694049770425
2020-11-27,20.02910041809082,0.0035762318120316737
2020-11-30,20.038070678710938,0.00044776112335534094
2020-12-01,20.16160011291504,0.006145812669138429
2020-12-02,20.028749465942383,-0.0066110960583898
2020-12-03,19.992399215698242,-0.0018165525697027422
2020-12-04,19.899200439453125,-0.0046726101044003935
2020-12-07,19.7810001373291,-0.005957664024884674
2020-12-08,19.891019821166992,0.005546476635228929
2020-12-09,19.775999069213867,-0.005799330402814697
2020-12-10,19.87611961364746,0.005049957507073248
2020-12-11,19.990699768066406,0.0057481620899881
2020-12-14,20.077800750732422,0.00434761065349205
2020-12-15,20.228239059448242,0.007464836932945465
2020-12-16,19.928279876708984,-0.014939779135797436
2020-12-17,19.871240615844727,-0.0028663310115561785
2020-12-18,19.821500778198242,-0.0025062448163228742
2020-12-21,20.09394073486328,0.013651067212441309
2020-12-22,19.98240089416504,-0.005566382766779623
2020-12-23,20.10379981994629,0.006056912092290156
2020-12-24,20.048900604248047,-0.0027345234232252495
2020-12-25,19.868000030517578,-0.009063920762256704
2020-12-28,19.869680404663086,8.457333835831491e-05
2020-12-29,20.006250381469727,0.006849771684084772
2020-12-30,19.934999465942383,-0.0035677897601938905
2020-12-31,19.890899658203125,-0.002214630515990188
2021-01-01,19.874500274658203,-0.0008248067165086997
2021-01-04,19.84749984741211,-0.001359469881755185
2021-01-05,19.94244956970215,0.004772557085684542
2021-01-06,19.90220069885254,-0.0020202905167054416
2021-01-07,19.65576934814453,-0.012459412772947149
2021-01-08,20.000099182128906,0.017366331922992213
2021-01-11,20.05048942565918,0.002516331063828433
2021-01-12,20.062400817871094,0.0005938935085307558
2021-01-13,19.794429779052734,-0.013446883389376899
2021-01-14,19.836349487304688,0.0021155134802753567
2021-01-15,19.723350524902344,-0.005712847655201394
2021-01-18,19.84351921081543,0.00607422604802397
2021-01-19,19.695650100708008,-0.007479661412407276
2021-01-20,19.63599967956543,-0.0030332044147364724
2021-01-21,19.585010528564453,-0.002600095176354982
2021-01-22,19.737060546875,0.0077336097503354385
2021-01-25,19.942880630493164,0.010374104568000067
2021-01-26,20.10516929626465,0.008104741899782946
2021-01-27,19.988300323486328,-0.005829842360328547
2021-01-28,20.33152961730957,0.01702574566652977
2021-01-29,20.25225067138672,-0.00390693258254866
2021-02-01,20.50528907775879,0.01241692501772645
2021-02-02,20.368160247802734,-0.006709947250296429
2021-02-03,20.137680053710938,-0.011380219732106527
2021-02-04,20.197080612182617,0.002945380135346194
2021-02-05,20.387189865112305,0.009368686006607039
2021-02-08,20.11138916015625,-0.013620476342608103
2021-02-09,20.103069305419922,-0.0004137743076736323
2021-02-10,20.083850860595703,-0.000956452806530789
2021-02-11,20.02928924560547,-0.002720387807806749
2021-02-12,19.966279983520508,-0.0031508147240872602
2021-02-15,19.936769485473633,-0.0014791101842970345
2021-02-16,19.94930076599121,0.0006283537511158323
2021-02-17,20.225540161132812,0.013752076786215678
2021-02-18,20.212539672851562,-0.0006429824948423505
2021-02-19,20.308229446411133,0.004723007658398472
2021-02-22,20.487449645996094,0.008786290927747338
2021-02-23,20.742029190063477,0.012349551183769117
2021-02-24,20.513269424438477,-0.011090071718974227
2021-02-25,20.377559661865234,-0.006637686927544632
2021-02-26,20.910900115966797,0.025836280854272566
2021-03-01,20.789569854736328,-0.005819148018915999
2021-03-02,20.654029846191406,-0.006540961343608107
2021-03-03,20.603410720825195,-0.0024538192417969326
2021-03-04,20.956090927124023,0.016972709428148075
2021-03-05,21.13340950012207,0.008425836384547367
2021-03-08,21.255300521850586,0.005751123713440769
2021-03-09,21.492490768432617,0.011097306952569285
2021-03-10,21.188819885253906,-0.01422992887171061
2021-03-11,20.90212059020996,-0.013623061199510456
2021-03-12,20.614999771118164,-0.013831662413908338
2021-03-15,20.711580276489258,0.004674022437302555
2021-03-16,20.666690826416016,-0.0021697120970532624
2021-03-17,20.599300384521484,-0.0032661520940446714
2021-03-18,20.362770080566406,-0.011548875837066139
2021-03-19,20.48390007019043,0.005930977690672617
2021-03-22,20.66080093383789,0.008599015152793786
2021-03-23,20.575389862060547,-0.0041425355868668695
2021-03-24,20.807910919189453,0.01123755233056409
2021-03-25,20.882999420166016,0.0036021560363198373
2021-03-26,20.683029174804688,-0.009621885703316554
2021-03-29,20.632530212402344,-0.0024445505905813987
2021-03-30,20.607379913330078,-0.0012197069350327531
2021-03-31,20.576000213623047,-0.0015239014225151449
2021-04-01,20.429100036621094,-0.007165001649022125
2021-04-02,20.29138946533203,-0.006763724993059398
2021-04-05,20.305219650268555,0.0006813468303314425
2021-04-06,20.30573081970215,2.51739704541304e-05
2021-04-07,20.17445945739746,-0.006485731493031536
2021-04-08,20.211299896240234,0.0018244277018000347
2021-04-09,20.098939895629883,-0.005574776641631308
2021-04-12,20.160409927368164,0.0030537045320621625
2021-04-13,20.14443016052246,-0.0007929453459260288
2021-04-14,20.0674991607666,-0.0038262821462642935
2021-04-15,20.0860595703125,0.0009244715265257198
2021-04-16,19.93589973449707,-0.007503907506326596
2021-04-19,19.91830062866211,-0.0008831745120229841
2021-04-20,19.81344985961914,-0.005277945781602788
2021-04-21,19.94700050354004,0.006717788402683622
2021-04-22,19.886600494384766,-0.003032618389125881
2021-04-23,19.933000564575195,0.0023305151210723752
2021-04-26,19.8525390625,-0.004044766642661183
2021-04-27,19.858600616455078,0.00030528229867792325
2021-04-28,20.03260040283203,0.008723772934345888
2021-04-29,19.89167022705078,-0.007059904109138763
2021-04-30,20.02429962158203,0.006645454595384172
2021-05-03,20.19580078125,0.008528183539460065
2021-05-04,20.18779945373535,-0.00039626618591666796
2021-05-05,20.193899154663086,0.0003021022485100328
2021-05-06,20.251169204711914,0.0028319936471033697
2021-05-07,20.085100173950195,-0.008234275090596875
2021-05-10,19.89240074157715,-0.009640468783336442
2021-05-11,19.91295051574707,0.0010325132348525628
2021-05-12,19.96368980407715,0.002544813971576412
2021-05-13,20.142000198364258,0.008892083351710439
2021-05-14,19.95039939880371,-0.009558033948606735
2021-05-17,19.870399475097656,-0.00401800233030017
2021-05-18,19.76129913330078,-0.005505725024374565
2021-05-19,19.84787940979004,0.004371734914372035
2021-05-20,19.933000564575195,0.004279507378938656
2021-05-21,19.8887996673584,-0.0022199355685384578
2021-05-24,19.937349319458008,0.0024380803760310813
2021-05-25,19.874000549316406,-0.0031824504226415193
2021-05-26,19.905799865722656,0.0015987673566926564
2021-05-27,19.870800018310547,-0.00175982143003386
2021-05-28,19.95185089111328,0.0040705971535238035
2021-05-31,19.92609977722168,-0.0012914965307570562
2021-06-01,19.917499542236328,-0.0004316997091533978
2021-06-02,19.961200714111328,0.0021917058022234044
2021-06-03,19.894800186157227,-0.003332024683256581
2021-06-04,20.140399932861328,0.012269344324482935
2021-06-07,19.943899154663086,-0.009804454949207436
2021-06-08,19.822399139404297,-0.006110721819614518
2021-06-09,19.70207977294922,-0.006088365561511425
2021-06-10,19.73027992248535,0.0014303051890141544
2021-06-11,19.70319938659668,-0.0013734796229152562
2021-06-14,19.870899200439453,0.00847528174527991
2021-06-15,19.943099975585938,0.0036269079111651303
2021-06-16,20.021299362182617,0.003913457361821889
2021-06-17,20.39788055419922,0.018634326063896946
2021-06-18,20.41069984436035,0.0006282644707362645
2021-06-21,20.621999740600586,0.010299188995470332
2021-06-22,20.505849838256836,-0.005648251115710155
2021-06-23,20.33930015563965,-0.008155220666820562
2021-06-24,20.19586944580078,-0.0070768821179152735
2021-06-25,19.846900939941406,-0.017430229604368096
2021-06-28,19.80820083618164,-0.0019518354165091504
2021-06-29,19.817169189453125,0.0004526571445928732
2021-06-30,19.8031005859375,-0.0007101720501483559
2021-07-01,19.934429168701172,0.00660982510575677
2021-07-02,20.010099411010742,0.003788770853946257
2021-07-05,19.79810905456543,-0.010650685804625302
2021-07-06,19.824899673461914,0.0013522760557096196
2021-07-07,20.011659622192383,0.009376377895250297
2021-07-08,19.95039939880371,-0.003065921670503477
2021-07-09,19.98110008239746,0.0015376677581224788
2021-07-12,19.860700607299805,-0.006043895582828426
2021-07-13,19.82740020751953,-0.0016781053721995078
2021-07-14,20.042200088500977,0.0107752251173552
2021-07-15,19.900949478149414,-0.007072611984023226
2021-07-16,19.92938995361328,0.0014280812417422077
2021-07-19,19.904199600219727,-0.0012647796512301663
2021-07-20,20.03809928894043,0.006704681204679883
2021-07-21,20.136049270629883,0.0048762788653903735
2021-07-22,20.147140502929688,0.0005506630752140916
2021-07-23,20.102750778198242,-0.002205707459842436
2021-07-26,20.058300018310547,-0.002213626245198096
2021-07-27,20.02429962158203,-0.00169651695193873
2021-07-28,19.954099655151367,-0.0035118984177056824
2021-07-29,19.913799285888672,-0.00202169585353773
2021-07-30,19.85140037536621,-0.0031383703474308637
2021-08-02,19.865699768066406,0.0007200623039645769
2021-08-03,19.90169906616211,0.0018104934687447273
2021-08-04,19.862600326538086,-0.001966525391944595
2021-08-05,19.960399627685547,0.004911709207052608
2021-08-06,19.928260803222656,-0.0016114269604578086
2021-08-09,20.069799423217773,0.007077303748143027
2021-08-10,20.069869995117188,3.5163169222192154e-06
2021-08-11,20.070499420166016,3.136119861622757e-05
2021-08-12,19.929500579833984,-0.007049971216317507
2021-08-13,19.951379776000977,0.0010972274516922286
2021-08-16,19.85770034790039,-0.00470644389322039
2021-08-17,19.88010025024414,0.0011273852291318644
2021-08-18,19.997549057006836,0.005890474910284185
2021-08-19,20.039039611816406,0.002072632611420608
2021-08-20,20.167200088500977,0.006375175182105218
2021-08-23,20.381500244140625,0.010570111946480333
2021-08-24,20.317949295043945,-0.003122941536851474
2021-08-25,20.206100463867188,-0.0055201351228463405
2021-08-26,20.216100692749023,0.0004947889426954816
2021-08-27,20.366500854492188,0.007412085207848707
2021-08-30,20.1643009185791,-0.009977676460843066
2021-08-31,20.139249801635742,-0.0012431222421731786
2021-09-01,20.059600830078125,-0.003962753886542555
2021-09-02,19.99774932861328,-0.003088149883833248
2021-09-03,19.962350845336914,-0.001771691881732456
2021-09-06,19.909000396728516,-0.0026761310457920806
2021-09-07,19.888099670410156,-0.001050364383569943
2021-09-08,19.927799224853516,0.0019941565405196112
2021-09-09,19.927499771118164,-1.50270474893964e-05
2021-09-10,19.921600341796875,-0.0002960884611031198
2021-09-13,19.86549949645996,-0.002820053873965308
2021-09-14,19.86199951171875,-0.00017619960166867136
2021-09-15,19.897300720214844,0.001775746432475875
2021-09-16,19.844499588012695,-0.00265721043640063
2021-09-17,19.940549850463867,0.004828469508890513
2021-09-20,20.01849937438965,0.0039014753510732154
2021-09-21,20.118940353393555,0.005004862758774694
2021-09-22,20.128700256347656,0.00048499256093281155
2021-09-23,20.086759567260742,-0.0020858000617839847
2021-09-24,20.052900314331055,-0.0016870726389042435
2021-09-27,20.053499221801758,2.9865930508589302e-05
2021-09-28,20.089500427246094,0.0017936484772401583
2021-09-29,20.329769134521484,0.011888959893942813
2021-09-30,20.501100540161133,0.008392297915063225
2021-10-01,20.615400314331055,0.005559814975799127
2021-10-04,20.41819953918457,-0.009611747156419605
2021-10-05,20.50160026550293,0.004076307420885245
2021-10-06,20.570199966430664,0.0033404800535276197
2021-10-07,20.5575008392334,-0.0006175461964602645
2021-10-08,20.654130935668945,0.004689466024869656
2021-10-11,20.7231502532959,0.003336100374727754
2021-10-12,20.847000122070312,0.005958613769614465
2021-10-13,20.780000686645508,-0.0032190401411770334
2021-10-14,20.553699493408203,-0.010950069964659128
2021-10-15,20.541799545288086,-0.0005791363400412836
2021-10-18,20.347000122070312,-0.009528325536764897
2021-10-19,20.397499084472656,0.0024788125633338864
2021-10-20,20.22209930419922,-0.008636268078197526
2021-10-21,20.221500396728516,-2.9616922092777953e-05
2021-10-22,20.29319953918457,0.0035394174173929587
2021-10-25,20.188899993896484,-0.005152883732461077
2021-10-26,20.170499801635742,-0.0009118170056444516
2021-10-27,20.196910858154297,0.0013085337828425147
2021-10-28,20.304800033569336,0.005327648053965751
2021-10-29,20.378400802612305,0.003618242804237536
2021-11-01,20.55270004272461,0.00851676549527484
2021-11-02,20.839599609375,0.013862682846791355
2021-11-03,20.78030014038086,-0.002849574817672893
2021-11-04,20.531700134277344,-0.012035389488048762
2021-11-05,20.545900344848633,0.0006913846461972798
2021-11-08,20.372800827026367,-0.008460706007442394
2021-11-09,20.332950592041016,-0.001957966445872559
2021-11-10,20.319150924682617,-0.0006789153511669144
2021-11-11,20.606399536132812,0.014037848010809467
2021-11-12,20.636430740356445,0.0014563117676420349
2021-11-15,20.52419090270996,-0.0054537619387923526
2021-11-16,20.59480094909668,0.0034344283559641035
2021-11-17,20.753799438476562,0.007690672553445738
2021-11-18,20.64539909362793,-0.005236844983861484
2021-11-19,20.75950050354004,0.0055115070852738
2021-11-22,20.86083984375,0.004869712243029563
2021-11-23,20.99370002746582,0.00634868429457069
2021-11-24,21.265499114990234,0.0128636056037861
2021-11-25,21.40089988708496,0.006346972315562698
2021-11-26,21.624500274658203,0.010393971922549023
2021-11-29,21.72960090637207,0.004848484214460009
2021-11-30,21.68079948425293,-0.0022483756076141434
2021-12-01,21.411800384521484,-0.012484862582247727
2021-12-02,21.471569061279297,0.002787500899824177
2021-12-03,21.30854034423828,-0.007621743306119957
2021-12-06,21.22100067138672,-0.004116658416152164
2021-12-07,21.22369956970215,0.00012717245280277856
2021-12-08,21.028200149536133,-0.009254060368350494
2021-12-09,20.925800323486328,-0.004881538267587786
2021-12-10,20.950700759887695,0.001189232084431272
2021-12-13,20.876300811767578,-0.003557511836420256
2021-12-14,20.993600845336914,0.005603086504090747
2021-12-15,21.218900680541992,0.010674656390143176
2021-12-16,21.033199310302734,-0.008790217102003901
2021-12-17,20.819400787353516,-0.01021682677784278
2021-12-20,20.829299926757812,0.0004753636690209428
2021-12-21,20.755399703979492,-0.0035542062936213324
2021-12-22,20.822500228881836,0.003227704297982645
2021-12-23,20.710399627685547,-0.005398172234704591
2021-12-24,20.62809944152832,-0.00398177470136478
2021-12-27,20.607200622558594,-0.0010136373799458044
2021-12-28,20.6835994720459,0.003700530699119381
2021-12-29,20.662200927734375,-0.0010351013169517444
2021-12-30,20.558000564575195,-0.005055801832270528
2021-12-31,20.4591007232666,-0.004822380415282765
2022-01-03,20.481599807739258,0.0010991060947083122
2022-01-04,20.486000061035156,0.00021481626099234462
2022-01-05,20.52199935913086,0.0017557212179187141
2022-01-06,20.56369972229004,0.0020299217689194876
2022-01-07,20.493099212646484,-0.0034391662800208242
2022-01-10,20.390470504760742,-0.00502054611011897
2022-01-11,20.358200073242188,-0.0015838768630790912
2022-01-12,20.39051055908203,0.0015858412258896598
2022-01-13,20.362850189208984,-0.0013574524217188468
2022-01-14,20.333669662475586,-0.0014340553856001935
2022-01-17,20.301000595092773,-0.001607940914223548
2022-01-18,20.289499282836914,-0.000566699725218929
2022-01-19,20.398799896240234,0.005372594997575331
2022-01-20,20.500499725341797,0.004973192189168179
2022-01-21,20.530719757080078,0.001473026519015873
2022-01-24,20.448150634765625,-0.004029844320548039
2022-01-25,20.573829650878906,0.006127417957824104
2022-01-26,20.60700035095215,0.0016109780810937195
2022-01-27,20.71540069580078,0.005246577679908411
2022-01-28,20.76740074157715,0.0025070666016396544
2022-01-31,20.82900047302246,0.002961783936920532
2022-02-01,20.625900268554688,-0.009798688496439837
2022-02-02,20.545700073242188,-0.0038959037825585375
2022-02-03,20.601200103759766,0.0026976546926522635
2022-02-04,20.564599990844727,-0.0017781810374066114
2022-02-07,20.653600692749023,0.004318521369072506
2022-02-08,20.580799102783203,-0.0035311131469000136
2022-02-09,20.597620010375977,0.0008169768966673471
2022-02-10,20.48784065246582,-0.005343964380347558
2022-02-11,20.557199478149414,0.00337964789319354
2022-02-14,20.510440826416016,-0.002277154060566273
2022-02-15,20.40899085998535,-0.004958532907837561
2022-02-16,20.383800506591797,-0.001235039611245859
2022-02-17,20.286399841308594,-0.004789789608335909
2022-02-18,20.29159927368164,0.0002562685452660468
2022-02-21,20.295249938964844,0.0001798939983698779
2022-02-22,20.322980880737305,0.0013654433253925836
2022-02-23,20.29439926147461,-0.0014073593067875803
2022-02-24,20.231700897216797,-0.00309422392168473
2022-02-25,20.563369750976562,0.016260599941340652
2022-02-28,20.573139190673828,0.00047497661480173155
2022-03-01,20.4606990814209,-0.005480374023542815
2022-03-02,20.64310073852539,0.008875230767596635
2022-03-03,20.642549514770508,-2.6702922276064878e-05
2022-03-04,20.63939094543457,-0.00015302426711970207
2022-03-07,20.96925926208496,0.015856088873107573
2022-03-08,21.305349349975586,0.015900663782090242
2022-03-09,21.362390518188477,0.002673739099883961
2022-03-10,20.905189514160156,-0.021634493213609572
2022-03-11,20.91200065612793,0.000325757995707864
2022-03-14,20.887510299682617,-0.001171801233442658
2022-03-15,20.90036964416504,0.0006154581139610473
2022-03-16,20.812599182128906,-0.004208311901047447
2022-03-17,20.630699157714844,-0.008778316388075743
2022-03-18,20.514089584350586,-0.005668269987253675
2022-03-21,20.381149291992188,-0.006501527526990618
2022-03-22,20.381900787353516,3.6871399954169176e-05
2022-03-23,20.272199630737305,-0.005396819594963342
2022-03-24,20.226640701293945,-0.0022498890480872643
2022-03-25,20.066299438476562,-0.007958819020519889
2022-03-28,20.030149459838867,-0.0018031516219341338
2022-03-29,20.091249465942383,0.0030457588704787104
2022-03-30,19.965599060058594,-0.006273624742006162
2022-03-31,19.878150939941406,-0.004389559744320447
2022-04-01,19.875200271606445,-0.00014844878484222363
2022-04-04,19.8572998046875,-0.0009010491711154858
2022-04-05,19.8093204498291,-0.002419131145999081
2022-04-06,19.98259925842285,0.008709301041874229
2022-04-07,20.161460876464844,0.008911046914928592
2022-04-08,20.130319595336914,-0.001545788593315379
2022-04-11,20.064849853515625,-0.0032575954083870298
2022-04-12,19.941940307617188,-0.006144453584016453
2022-04-13,19.80328941345215,-0.006977011207780434
2022-04-14,19.76129913330078,-0.002122620123669589
2022-04-15,19.962299346923828,0.010120026219280905
2022-04-18,19.95359992980957,-0.00043588732357921424
2022-04-19,19.79520034790039,-0.00797007302311716
2022-04-20,20.018110275268555,0.011197875943610516
2022-04-21,19.97369956970215,-0.0022209909476129156
2022-04-22,20.184650421142578,0.010506048770904866
2022-04-25,20.23200035095215,0.0023430913036048095
2022-04-26,20.214599609375,-0.0008604304276629155
2022-04-27,20.380319595336914,0.008164613197640171
2022-04-28,20.372299194335938,-0.0003936140224961985
2022-04-29,20.441299438476562,0.0033812411642585847
2022-05-02,20.41737937927246,-0.0011708681058205043
2022-05-03,20.448200225830078,0.0015084015789950157
2022-05-04,20.280059814453125,-0.008256741949707045
2022-05-05,20.038259506225586,-0.011994706691108805
2022-05-06,20.21470069885254,0.00876667563096196
2022-05-09,20.176300048828125,-0.0019014464055540055
2022-05-10,20.3635196685791,0.009236397795842479
2022-05-11,20.380359649658203,0.0008266263458361688
2022-05-12,20.319730758666992,-0.0029793022683406514
2022-05-13,20.172700881958008,-0.007262123657602231
2022-05-16,20.09126091003418,-0.004045308974067804
2022-05-17,20.019100189208984,-0.003598112642193247
2022-05-18,19.93549919128418,-0.004184805815947458
2022-05-19,20.023000717163086,0.004379627160390004
2022-05-20,19.923599243164062,-0.004976727894780287
2022-05-23,19.84942054748535,-0.003730105588029717
2022-05-24,19.917959213256836,0.0034469826298215416
2022-05-25,19.84269905090332,-0.00378566429833859
2022-05-26,19.818199157714844,-0.0012354685552483564
2022-05-27,19.75189971923828,-0.003350989883707429
2022-05-30,19.56999969482422,-0.009251909223270443
2022-05-31,19.531299591064453,-0.0019794798179718514
2022-06-01,19.648740768432617,0.005994967234494615
2022-06-02,19.71306037902832,0.003268126252793543
2022-06-03,19.52790069580078,-0.00943713162669112
2022-06-06,19.54521942138672,0.0008864777969173552
2022-06-07,19.555299758911133,0.0005156114526897283
2022-06-08,19.57670021057129,0.001093757222237706
2022-06-09,19.587099075317383,0.0005310447494925365
2022-06-10,19.676300048828125,0.0045437292219667755
2022-06-13,20.019460678100586,0.017289966068541524
2022-06-14,20.466800689697266,0.022099260451696492
2022-06-15,20.560659408569336,0.004575417653797552
2022-06-16,20.222150802612305,-0.016600934478500844
2022-06-17,20.397199630737305,0.008619040428909085
2022-06-20,20.294309616088867,-0.0050570861503826505
2022-06-21,20.26849937438965,-0.0012726064010331144
2022-06-22,20.136999130249023,-0.006509050168298965
2022-06-23,20.04949951171875,-0.0043546842725994805
2022-06-24,20.009899139404297,-0.0019770833585739445
2022-06-27,19.892559051513672,-0.005881363276720804
2022-06-28,19.90290069580078,0.000519739919356348
2022-06-29,20.1466007232666,0.012170090848248468
2022-06-30,20.130359649658203,-0.0008064697205687783
2022-07-01,20.102949142456055,-0.001362578036257713
2022-07-04,20.250200271606445,0.0072981556520510076
2022-07-05,20.268400192260742,0.0008983489888560992
2022-07-06,20.522899627685547,0.012478285263330079
2022-07-07,20.64109992980957,0.00574291265467928
2022-07-08,20.493999481201172,-0.007152095303525394
2022-07-11,20.46269989013672,-0.0015284238055350264
2022-07-12,20.721200942993164,0.01255366502347989
2022-07-13,20.8664608001709,0.006985747301967641
2022-07-14,20.790800094604492,-0.003632537864399831
2022-07-15,20.805889129638672,0.0007254921474477689
2022-07-18,20.49959945678711,-0.014830730605649265
2022-07-19,20.44502067565918,-0.00266598216213781
2022-07-20,20.519800186157227,0.003650917640424257
2022-07-21,20.54210090637207,0.0010862001911299435
2022-07-22,20.65410041809082,0.0054373842275732475
2022-07-25,20.53459930419922,-0.00580263276106278
2022-07-26,20.450700759887695,-0.00409408550721071
2022-07-27,20.453699111938477,0.0001466029114493767
2022-07-28,20.373300552368164,-0.003938504624815611
2022-07-29,20.281200408935547,-0.004530878442191118
2022-08-01,20.374500274658203,0.0045897636956789166
2022-08-02,20.383499145507812,0.00044157569673940276
2022-08-03,20.810909271240234,0.0207516252820073
2022-08-04,20.492700576782227,-0.015408580096417518
2022-08-05,20.323699951171875,-0.008281062965157748
2022-08-08,20.42140007019043,0.004795683712361816
2022-08-09,20.2406005859375,-0.008892856861259927
2022-08-10,20.239999771118164,-2.9684086405908296e-05
2022-08-11,20.015100479125977,-0.011173820487782326
2022-08-12,19.93320083618164,-0.004100287371005351
2022-08-15,19.85363006591797,-0.00399985998112642
2022-08-16,19.808300018310547,-0.002285822563276941
2022-08-17,19.903539657592773,0.004796545446215728
2022-08-18,19.970399856567383,0.0033535819360340224
2022-08-19,20.130159378051758,0.007967986969658157
2022-08-22,20.189050674438477,0.0029212545677476318
2022-08-23,20.12689971923828,-0.003083196790736277
2022-08-24,19.983680725097656,-0.007141238107344058
2022-08-25,19.902599334716797,-0.004065633693823762
2022-08-26,19.919099807739258,0.0008287177253673984
2022-08-29,20.067800521850586,0.007437505700709129
2022-08-30,19.984800338745117,-0.004144564903790279
2022-08-31,20.127300262451172,0.007105113970639777
2022-09-01,20.186660766601562,0.002944912657329232
2022-09-02,20.166900634765625,-0.0009793501603871386
2022-09-05,19.970500946044922,-0.009786445982559051
2022-09-06,19.965599060058594,-0.00024548646513787077
2022-09-07,20.131500244140625,0.00827501907352243
2022-09-08,19.981800079345703,-0.007463901427599698
2022-09-09,19.933500289916992,-0.0024201152217836587
2022-09-12,19.859100341796875,-0.0037393904210218623
2022-09-13,19.830020904541016,-0.0014653608619275202
2022-09-14,20.03190040588379,0.010129026435525068
2022-09-15,19.95159912109375,-0.004016726585001706
2022-09-16,20.08099937438965,0.0064647666566614494
2022-09-19,20.03022003173828,-0.0025319284993384505
2022-09-20,19.903099060058594,-0.006366683459874987
2022-09-21,19.976299285888672,0.0036710838716340383
2022-09-22,20.044099807739258,0.0033883013788924637
2022-09-23,19.919200897216797,-0.0062507007670594495
2022-09-26,20.211259841918945,0.01455573127404662
2022-09-27,20.37074089050293,0.007859734202630265
2022-09-28,20.368629455566406,-0.0001036557472772319
2022-09-29,20.18494987487793,-0.009058674463522983
2022-09-30,20.12455940246582,-0.0029963409963158507
2022-10-03,20.117389678955078,-0.0003563308313967308
2022-10-04,20.00670051574707,-0.005517355955660452
2022-10-05,19.965190887451172,-0.0020769416587678793
2022-10-06,20.03380012512207,0.003430551782470276
2022-10-07,20.100099563598633,0.003303915109190047
2022-10-10,20.029800415039062,-0.003503583139140826
2022-10-11,19.94029998779297,-0.004478376382745715
2022-10-12,20.06555938720703,0.006262073140931861
2022-10-13,19.97319984436035,-0.004613514925949495
2022-10-14,19.97570037841797,0.0001251866282644332
2022-10-17,20.015899658203125,0.0020103868456198474
2022-10-18,19.971799850463867,-0.0022056695513786957
2022-10-19,20.01889991760254,0.0023555521253803063
2022-10-20,20.127410888671875,0.005405788633486424
2022-10-21,20.042760848999023,-0.00421457819630483
2022-10-24,19.9325008392334,-0.00551642614551018
2022-10-25,19.908100128173828,-0.00122491697002656
2022-10-26,19.866600036621094,-0.0020867589920403836
2022-10-27,19.943029403686523,0.0038397474201089365
2022-10-28,19.840309143066406,-0.005163995413210667
2022-10-31,19.820199966430664,-0.001014065568521111
2022-11-01,19.79319953918457,-0.0013631968861202882
2022-11-02,19.724899291992188,-0.003456659971992411
2022-11-03,19.67840003967285,-0.0023601715944104704
2022-11-04,19.670270919799805,-0.0004131839673603935
2022-11-07,19.5633602142334,-0.005449965608534548
2022-11-08,19.443099975585938,-0.006166189862167739
2022-11-09,19.537620544433594,0.0048496155451860186
2022-11-10,19.56209945678711,0.0012521274091459734
2022-11-11,19.315509796142578,-0.012685603473810833
2022-11-14,19.514429092407227,0.010245755831368936
2022-11-15,19.33919906616211,-0.009020069560149982
2022-11-16,19.34119987487793,0.00010345336513495577
2022-11-17,19.33333969116211,-0.0004064784694139026
2022-11-18,19.399900436401367,0.003436883180385459
2022-11-21,19.443199157714844,0.0022294173070581094
2022-11-22,19.531600952148438,0.004536364306327345
2022-11-23,19.441909790039062,-0.004602681089854293
2022-11-24,19.334999084472656,-0.005514156726906036
2022-11-25,19.38129997253418,0.0023918045506493043
2022-11-28,19.34354019165039,-0.0019501587451762254
2022-11-29,19.296300888061523,-0.0024451098039804066
2022-11-30,19.23200035095215,-0.003337837108830646
2022-12-01,19.264850616455078,0.0017066473049533412
2022-12-02,19.128299713134766,-0.007113325055658473
2022-12-05,19.38298988342285,0.013226972463155658
2022-12-06,19.721399307250977,0.017308434128988952
2022-12-07,19.7544002532959,0.0016719587240786916
2022-12-08,19.666900634765625,-0.004439212316816263
2022-12-09,19.621559143066406,-0.0023081338431324935
2022-12-12,19.786699295043945,0.008381041191231111
2022-12-13,19.847299575805664,0.0030579971596456606
2022-12-14,19.542020797729492,-0.0155008965780196
2022-12-15,19.609399795532227,0.003441972899202079
2022-12-16,19.74959945678711,0.007124177793698666
2022-12-19,19.79690933227539,0.002392620714507909
2022-12-20,19.787599563598633,-0.000470374351385686
2022-12-21,19.754199981689453,-0.0016893307960863424
2022-12-22,19.659589767456055,-0.004800877893425268
2022-12-23,19.559499740600586,-0.005104159500386515
2022-12-26,19.337390899658203,-0.01142051466762297
2022-12-27,19.363069534301758,0.0013270456280912856
2022-12-28,19.462099075317383,0.005101317486535824
2022-12-29,19.422300338745117,-0.0020470291977997363
2022-12-30,19.457599639892578,0.0018158128424124156
2023-01-02,19.44659996032715,-0.0005654751914481631
2023-01-03,19.458799362182617,0.0006271315790474757
2023-01-04,19.40760040283203,-0.002634614436906203
2023-01-05,19.38680076599121,-0.0010723010644401248
2023-01-06,19.31855010986328,-0.0035266817286166044
2023-01-09,19.124300003051758,-0.010106001999804732
2023-01-10,19.124500274658203,1.047204644295776e-05
2023-01-11,19.059600830078125,-0.0033992947429044274
2023-01-12,18.942399978637695,-0.006168160651195189
2023-01-13,18.844310760498047,-0.005191742628408016
2023-01-16,18.774200439453125,-0.003727441622943122
2023-01-17,18.77790069580078,0.00019707319951587095
2023-01-18,18.64150047302246,-0.007290379998206086
2023-01-19,18.874059677124023,0.012398171966151136
2023-01-20,18.98270034790039,0.005739580933406908
2023-01-23,18.857770919799805,-0.006602977067567668
2023-01-24,18.81325912475586,-0.0023631854879738257
2023-01-25,18.783599853515625,-0.00157775293994403
2023-01-26,18.776199340820312,-0.00039406562068072977
2023-01-27,18.79669952392578,0.0010912219051026893
2023-01-30,18.768749237060547,-0.0014880850858896406
2023-01-31,18.75860023498535,-0.0005408856455575942
2023-02-01,18.842870712280273,0.004482304349384208
2023-02-02,18.58289909362793,-0.013892876563807674
2023-02-03,18.641399383544922,0.003143126423962649
2023-02-06,18.990869522094727,0.01857343153185065
2023-02-07,19.167999267578125,0.009283871526500679
2023-02-08,18.881500244140625,-0.015059564078250983
2023-02-09,18.934450149536133,0.002800402446489421
2023-02-10,18.77829933166504,-0.00828110983040022
2023-02-13,18.67840003967285,-0.005334134108888136
2023-02-14,18.565040588378906,-0.006087504239791714
2023-02-15,18.50480079650879,-0.003250072978225052
2023-02-16,18.584550857543945,0.004300435590539882
2023-02-17,18.54871940612793,-0.001929884563499957
2023-02-20,18.36737060546875,-0.009824998227534939
2023-02-21,18.38520050048828,0.0009702666170978687
2023-02-22,18.429899215698242,0.0024282828251774823
2023-02-23,18.364580154418945,-0.00355048534534846
2023-02-24,18.36865997314453,0.0002221322555915513
2023-02-27,18.39133071899414,0.001233446924061061
2023-02-28,18.366899490356445,-0.0013292931730440173
2023-03-01,18.300939559936523,-0.003597703233904514
2023-03-02,18.115970611572266,-0.010158497145818358
2023-03-03,18.105300903320312,-0.0005891404754344506
2023-03-06,17.97800064086914,-0.007055939182580202
2023-03-07,18.00135040283203,0.0012979536630667939
2023-03-08,18.100099563598633,0.0054706615462727015
2023-03-09,17.97075080871582,-0.007171957854592385
2023-03-10,18.329639434814453,0.019773909736334937
2023-03-13,18.31702995300293,-0.0006881652559312157
2023-03-14,18.91908073425293,0.03233974982506097
2023-03-15,18.600500106811523,-0.016982507638149624
2023-03-16,18.991899490356445,0.020824077823090557
2023-03-17,18.769390106201172,-0.01178518858332189
2023-03-20,18.843420028686523,0.003936425798218235
2023-03-21,18.814599990844727,-0.0015306191591309528
2023-03-22,18.62405014038086,-0.01017939990859622
2023-03-23,18.593360900878906,-0.001649187603280484
2023-03-24,18.567899703979492,-0.0013703087822712213
2023-03-27,18.427059173583984,-0.007614075814319044
2023-03-28,18.318599700927734,-0.005903270805307923
2023-03-29,18.219200134277344,-0.0054409303414559886
2023-03-30,18.094030380249023,-0.006893919818784875
2023-03-31,18.089550018310547,-0.00024764613739289667
2023-04-03,18.03915023803711,-0.002790015284760425
2023-04-04,18.087570190429688,0.0026805633509739434
2023-04-05,18.112499237060547,0.0013772929701986354
2023-04-06,18.308799743652344,0.010779539055438618
2023-04-07,18.227100372314453,-0.004472286559428805
2023-04-10,18.134700775146484,-0.005082245275874549
2023-04-11,18.14310073852539,0.0004630911013644945
2023-04-12,18.158899307250977,0.0008703966560006157
2023-04-13,18.055099487304688,-0.005732595552147766
2023-04-14,18.018999099731445,-0.0020014581673971194
2023-04-17,17.99287986755371,-0.0014505900556588177
2023-04-18,18.03219985961914,0.002182924117145081
2023-04-19,18.043489456176758,0.0006258839201840207
2023-04-20,18.04050064086914,-0.0001656588036086437
2023-04-21,17.997909545898438,-0.002363651147713489
2023-04-24,17.997140884399414,-4.2709288635598536e-05
2023-04-25,17.965200424194336,-0.0017763286505508493
2023-04-26,18.0403995513916,0.0041770855971309875
2023-04-27,18.158550262451172,0.006527876152846665
2023-04-28,18.024499893188477,-0.007409601014308728
2023-05-01,17.99139976501465,-0.0018380847240897667
2023-05-02,17.93769073486328,-0.0029897261194456164
2023-05-03,17.97426986694336,0.0020371566529587544
2023-05-04,17.956100463867188,-0.0010113675120864381
2023-05-05,17.89937973022461,-0.0031638556031040794
2023-05-08,17.76626968383789,-0.007464362298779323
2023-05-09,17.787580490112305,0.0011987904951106692
2023-05-10,17.743499755859375,-0.002481250587564811
2023-05-11,17.537200927734375,-0.011694845930116136
2023-05-12,17.57469940185547,0.002135941833141604
2023-05-15,17.596250534057617,0.0012255076953376293
2023-05-16,17.4330997467041,-0.00931515804831017
2023-05-17,17.480300903320312,0.0027039007656099877
2023-05-18,17.606769561767578,0.007208878054690772
2023-05-19,17.715700149536133,0.006167798230664984
2023-05-22,17.7460994720459,0.001714483206188637
2023-05-23,17.879899978637695,0.007511431974267004
2023-05-24,17.958200454711914,0.004369684761046612
2023-05-25,17.799930572509766,-0.0088523035852118
2023-05-26,17.84630012512207,0.0026016539678705647
2023-05-29,17.60219955444336,-0.013772341917801066
2023-05-30,17.598819732666016,-0.00019202976823846202
2023-05-31,17.65570068359375,0.0032268769856066627
2023-06-01,17.67650032043457,0.0011773758018175677
2023-06-02,17.538799285888672,-0.007820563102668173
2023-06-05,17.550399780273438,0.000661200318965657
2023-06-06,17.445899963378906,-0.005972067232655235
2023-06-07,17.367700576782227,-0.004492469431686279
2023-06-08,17.355289459228516,-0.0007148645937102732
2023-06-09,17.37220001220703,0.0009739001910310175
2023-06-12,17.27090072631836,-0.005848181741376367
2023-06-13,17.2841796875,0.0007685678445120773
2023-06-14,17.233789443969727,-0.0029196549271964457
2023-06-15,17.127399444580078,-0.00619247137868088
2023-06-16,17.12636947631836,-6.01375144678225e-05
2023-06-19,17.0669002532959,-0.003478420370708904
2023-06-20,17.072999954223633,0.0003573356076357874
2023-06-21,17.20363998413086,0.007622722806045722
2023-06-22,17.11750030517578,-0.005019638572555847
2023-06-23,17.170000076293945,0.0030623295114565116
2023-06-26,17.1471004486084,-0.0013345900868207005
2023-06-27,17.117000579833984,-0.001756933677738008
2023-06-28,17.076499938964844,-0.0023689098334212927
2023-06-29,17.08289909362793,0.000374664362908396
2023-06-30,17.10610008239746,0.001357219742614693
2023-07-03,17.12080955505371,0.0008595268294832911
2023-07-04,17.047000885009766,-0.004320369605203048
2023-07-05,17.035499572753906,-0.0006749101467297347
2023-07-06,17.006080627441406,-0.0017284128682254992
2023-07-07,17.231609344482422,0.013174485734667798
2023-07-10,17.147850036621094,-0.004872646347071697
2023-07-11,17.0447998046875,-0.006027643041270674
2023-07-12,17.028900146484375,-0.0009332511221207578
2023-07-13,16.89642906188965,-0.007809607804504007
2023-07-14,16.846630096435547,-0.002951658969371499
2023-07-17,16.73870086669922,-0.006427186999557449
2023-07-18,16.713699340820312,-0.001494752566563644
2023-07-19,16.75214958190918,0.0022978803314726275
2023-07-20,16.711870193481445,-0.0024073263254332632
2023-07-21,16.86590003967285,0.009174577439074114
2023-07-24,16.974300384521484,0.006406623735222752
2023-07-25,16.826099395751953,-0.00876924175146683
2023-07-26,16.926700592041016,0.00596107547970587
2023-07-27,16.86244010925293,-0.0038036220471193206
2023-07-28,16.84709930419922,-0.0009101759549192531
2023-07-31,16.68090057373047,-0.00991410715647173
2023-08-01,16.738100051879883,0.003423174417815899
2023-08-02,16.8735294342041,0.008058527199735986
2023-08-03,17.00079917907715,0.007514265163683536
2023-08-04,17.318199157714844,0.018497569515556617
2023-08-07,17.08099937438965,-0.013791224970935304
2023-08-08,17.064699172973633,-0.000954744131627075
2023-08-09,17.106399536132812,0.002440681478501229
2023-08-10,17.059289932250977,-0.002757715970059811
2023-08-11,17.067699432373047,0.0004928357554447628
2023-08-14,16.993989944458008,-0.004328006292220526
2023-08-15,17.045299530029297,0.0030147294625957103
2023-08-16,17.12866973876953,0.004879174173733082
2023-08-17,17.14409065246582,0.0008998933590943515
2023-08-18,17.09787940979004,-0.00269910117007886
2023-08-21,17.026100158691406,-0.0042069745599736825
2023-08-22,17.012800216674805,-0.000781455484563958
2023-08-23,16.906450271606445,-0.006270792664087204
2023-08-24,16.77910041809082,-0.007561132748686462
2023-08-25,16.830610275268555,0.0030651794641734435
2023-08-28,16.718799591064453,-0.00666545841568147
2023-08-29,16.785999298095703,0.004011353559381312
2023-08-30,16.786699295043945,4.170036831579407e-05
2023-08-31,16.757129669189453,-0.0017630446151724838
2023-09-01,16.998220443725586,0.01428483919714263
2023-09-04,17.073270797729492,0.004405470535734026
2023-09-05,17.17608070373535,0.006003629867519936
2023-09-06,17.382600784301758,0.011951991807520978
2023-09-07,17.578899383544922,0.011229533121119618
2023-09-08,17.577299118041992,-9.103745980746645e-05
2023-09-11,17.543140411376953,-0.0019452329124529928
2023-09-12,17.281030654907227,-0.015053607777232197
2023-09-13,17.21339988708496,-0.003921262268652169
2023-09-14,17.130599975585938,-0.004821807142654522
2023-09-15,17.106359481811523,-0.0014160426748828232
2023-09-18,17.047399520874023,-0.0034526225650714872
2023-09-19,17.11669921875,0.004056878154471286
2023-09-20,17.06485939025879,-0.0030332068136234443
2023-09-21,17.092159271240234,0.001598493537448555
2023-09-22,17.21109962463379,0.006934666493565972
2023-09-25,17.173599243164062,-0.002181225811051226
2023-09-26,17.3843994140625,0.012199941760672215
2023-09-27,17.54500961303711,0.009196338293848114
2023-09-28,17.68695068359375,0.008057561220705176
2023-09-29,17.5389404296875,-0.008403541841630745
2023-10-02,17.39539909362793,-0.008217824972668744
2023-10-03,17.662500381469727,0.015238018259430244
2023-10-04,18.0093994140625,0.019450041664357657
2023-10-05,17.978099822998047,-0.001739470628417644
2023-10-06,18.278139114379883,0.016551421205293293
2023-10-09,18.22800064086914,-0.002746853289463002
2023-10-10,18.207679748535156,-0.0011154392740166897
2023-10-11,17.934030532836914,-0.015143414246453683
2023-10-12,17.837169647216797,-0.00541559253621035
2023-10-13,17.97064971923828,0.00745539341126791
2023-10-16,18.049999237060547,0.004405786596052582
2023-10-17,17.90700912475586,-0.00795343509265617
2023-10-18,18.001800537109375,0.00527957531480442
2023-10-19,18.235200881958008,0.0128820577520977
2023-10-20,18.308500289916992,0.004011608233923997
2023-10-23,18.201099395751953,-0.005883450100588933
2023-10-24,18.132299423217773,-0.0037871521520669474
2023-10-25,18.259069442749023,0.0069670658876585636
2023-10-26,18.32740020751953,0.0037353067881383396
2023-10-27,18.136199951171875,-0.010487280899935234
2023-10-30,18.10548973083496,-0.0016947459104016034
2023-10-31,18.048099517822266,-0.003174802967569982
2023-11-01,18.04669952392578,-7.757316479682754e-05
2023-11-02,17.76235008239746,-0.01588176293015144
2023-11-03,17.527000427246094,-0.013338479801739758
2023-11-06,17.472129821777344,-0.0031355436568836588
2023-11-07,17.53529930114746,0.0036089224210051362
2023-11-08,17.470199584960938,-0.003719403711241887
2023-11-09,17.52519989013672,0.003143290334476925
2023-11-10,17.78936004638672,0.014960689516320562
2023-11-13,17.656400680541992,-0.007502165941677075
2023-11-14,17.600099563598633,-0.003193803378736716
2023-11-15,17.332500457763672,-0.01532118080553434
2023-11-16,17.29616928100586,-0.0020983301040650884
2023-11-17,17.225799560546875,-0.004076813709345757
2023-11-20,17.219680786132812,-0.0003552729947057671
2023-11-21,17.110740661621094,-0.0063465862395716095
2023-11-22,17.189599990844727,0.004598174051243763
2023-11-23,17.1951904296875,0.00032516928698185656
2023-11-24,17.186500549316406,-0.0005054946576909395
2023-11-27,17.113859176635742,-0.004235610463695458
2023-11-28,17.158599853515625,0.002610883698533772
2023-11-29,17.121000289916992,-0.0021936999568101102
2023-11-30,17.282800674438477,0.009406029153949103
2023-12-01,17.376300811767578,0.005395429202748822
2023-12-04,17.18876075744629,-0.010851529615703199
2023-12-05,17.454099655151367,0.015318832415868424
2023-12-06,17.358299255371094,-0.005503823040697198
2023-12-07,17.287460327148438,-0.004089333170586842
2023-12-08,17.472049713134766,0.010621042759815302
2023-12-11,17.34709930419922,-0.007177139523793615
2023-12-12,17.36989974975586,0.0013135034395871962
2023-12-13,17.303760528564453,-0.0038149593020106605
2023-12-14,17.26226043701172,-0.0024012084893526753
2023-12-15,17.190380096435547,-0.004172710350128715
2023-12-18,17.221200942993164,0.0017913071046487296
2023-12-19,17.162700653076172,-0.003402775348274573
2023-12-20,17.059799194335938,-0.006013690952657408
2023-12-21,17.133169174194336,0.004291531034897026
2023-12-22,17.031269073486328,-0.005965290700390657
2023-12-25,16.978370666503906,-0.0031107915311715324
2023-12-26,16.975200653076172,-0.00018672636272093436
2023-12-27,16.973600387573242,-9.427522946681347e-05
2023-12-28,16.91360092163086,-0.0035411321278750124
2023-12-29,16.951200485229492,0.002220569882986753
2024-01-01,16.96343994140625,0.0007217801252882149
2024-01-02,16.962509155273438,-5.487163412255871e-05
2024-01-03,17.019399642944336,0.0033482840036246782
2024-01-04,17.012149810791016,-0.00042606536460227724
2024-01-05,17.00860023498535,-0.0002086712264584841
2024-01-08,16.880939483642578,-0.007533968076560554
2024-01-09,16.83370018005371,-0.002802303982714864
2024-01-10,16.966659545898438,0.007867374946413971
2024-01-11,16.981660842895508,0.0008837726168286888
2024-01-12,16.901559829711914,-0.004728072527509382
2024-01-15,16.869070053100586,-0.00192414454501244
2024-01-16,16.88479995727539,0.0009320356633874272
2024-01-17,17.197900772094727,0.01837352183257086
2024-01-18,17.19260025024414,-0.0003082549968733445
2024-01-19,17.168359756469727,-0.0014109325112590303
2024-01-22,17.093149185180664,-0.004390389940348295
2024-01-23,17.174699783325195,0.004759607302601345
2024-01-24,17.306060791015625,0.007619416800613547
2024-01-25,17.234159469604492,-0.004163344919440909
2024-01-26,17.18950080871582,-0.002594650631681436
2024-01-29,17.16861915588379,-0.0012155295705714672
2024-01-30,17.219560623168945,0.0029627334087027383
2024-01-31,17.1527099609375,-0.003889806834769031
2024-02-01,17.217529296875,0.0037718336668261603
2024-02-02,17.0674991607666,-0.00875198887183444
2024-02-05,17.15069007873535,0.004862389490697292
2024-02-06,17.109100341796875,-0.0024279049496780014
2024-02-07,17.027999877929688,-0.00475146488277871
2024-02-08,17.045400619506836,0.0010213681543849965
2024-02-09,17.13170051574707,0.005050169662793287
2024-02-12,17.075429916381836,-0.003289995355399899
2024-02-13,17.067760467529297,-0.0004492520409074024
2024-02-14,17.202009201049805,0.007834859793727621
2024-02-15,17.075199127197266,-0.007399123707930654
2024-02-16,17.040170669555664,-0.0020535301337684616
2024-02-19,17.042930603027344,0.00016195318939070147
2024-02-20,17.03420066833496,-0.0005123632511107158
2024-02-21,17.059799194335938,0.0015016443312219226
2024-02-22,17.033100128173828,-0.001566254096937589
2024-02-23,17.10733985900879,0.00434908559352841
2024-02-26,17.113929748535156,0.00038513413928814864
2024-02-27,17.08169937133789,-0.0018850588552331922
2024-02-28,17.066959381103516,-0.0008632837533478059
2024-02-29,17.087299346923828,0.0011910648324628863
2024-03-01,17.050060272216797,-0.002181720548612912
2024-03-04,17.009370803833008,-0.0023893228075645362
2024-03-05,16.95507049560547,-0.0031974825678534316
2024-03-06,16.932100296020508,-0.0013556872743528572
2024-03-07,16.867799758911133,-0.0038047813499253844
2024-03-08,16.864700317382812,-0.00018376589520680039
2024-03-11,16.803619384765625,-0.0036283960809283737
2024-03-12,16.798969268798828,-0.00027677129547506194
2024-03-13,16.784299850463867,-0.0008736147285628458
2024-03-14,16.669330596923828,-0.006873376947703316
2024-03-15,16.701860427856445,0.0019495762804433749
2024-03-18,16.720399856567383,0.001109406153543472
2024-03-19,16.830860137939453,0.006584592083320608
2024-03-20,16.79990005493164,-0.0018411770400852145
2024-03-21,16.667699813842773,-0.007900233610930674
2024-03-22,16.7268009185791,0.0035395747889348326
2024-03-25,16.75830078125,0.0018814260888388077
2024-03-26,16.670700073242188,-0.0052410126709205125
2024-03-27,16.63159942626953,-0.002348226130181524
2024-03-28,16.55069923400879,-0.004876115026420795
2024-03-29,16.602840423583984,0.003145439859707536
2024-04-01,16.555450439453125,-0.0028584112850277964
2024-04-02,16.608800888061523,0.003217349555232743
2024-04-03,16.54990005493164,-0.003552666021640769
2024-04-04,16.527000427246094,-0.0013846298178078781
2024-04-05,16.573200225830078,0.0027915135058774907
2024-04-08,16.45199966430664,-0.007339916552199562
2024-04-09,16.314300537109375,-0.008404973218199543
2024-04-10,16.383310317993164,0.004221096376466609
2024-04-11,16.452499389648438,0.004214251128301668
2024-04-12,16.42609977722168,-0.001605884603914643
2024-04-15,16.611080169677734,0.01119843315137977
2024-04-16,16.694400787353516,0.005003428210866564
2024-04-17,17.033340454101562,0.02009924558180953
2024-04-18,16.956300735473633,-0.004533137029862955
2024-04-19,17.074960708618164,0.006973614787774549
2024-04-22,17.091999053955078,0.000997358083229088
2024-04-23,17.136980056762695,0.0026282424932921183
2024-04-24,16.949199676513672,-0.011018088938052317
2024-04-25,17.070100784301758,0.007107824979083795
2024-04-26,17.201810836791992,0.007686218520625312
2024-04-29,17.16404914855957,-0.002197628893689904
2024-04-30,17.011560440063477,-0.00892389176340737
2024-05-01,17.149919509887695,0.008100341470456988
2024-05-02,16.928600311279297,-0.012988962629989565
2024-05-03,16.961700439453125,0.0019533694281537992
2024-05-06,16.980260848999023,0.0010936557989768834
2024-05-07,16.88334083557129,-0.00572415651295521
2024-05-08,16.90406036376953,0.0012264648987485077
2024-05-09,16.9160099029541,0.0007066537465823401
2024-05-10,16.779499053955078,-0.008102658193161978
2024-05-13,16.767200469970703,-0.0007332217302983754
2024-05-14,16.783199310302734,0.0009537198751429858
2024-05-15,16.844160079956055,0.003625668951623009
2024-05-16,16.681060791015625,-0.00973002244065435
2024-05-17,16.678159713745117,-0.00017392956033895947
2024-05-20,16.586299896240234,-0.005523014778360584
2024-05-21,16.552570343017578,-0.0020356496541195225
2024-05-22,16.606599807739258,0.003258797629194734
2024-05-23,16.661630630493164,0.003308313800969601
2024-05-24,16.730369567871094,0.004117095955082245
2024-05-27,16.673799514770508,-0.0033870087916741355
2024-05-28,16.6623592376709,-0.0006863584754128816
2024-05-29,16.781400680541992,0.007118933152590292
2024-05-30,17.017580032348633,0.013975758502833538
2024-05-31,17.00581932067871,-0.0006913308112632158
2024-06-03,16.97260093688965,-0.001955264201233531
2024-06-04,17.700429916381836,0.04198859408556799
2024-06-05,17.81191062927246,0.006278441656096139
2024-06-06,17.50349998474121,-0.017466509941647612
2024-06-07,17.879959106445312,0.02127962257081469
2024-06-10,18.325849533081055,0.02463212330740547
2024-06-11,18.57221031188965,0.013353788292889959
2024-06-12,18.58061981201172,0.00045269769423443546
2024-06-13,18.754140853881836,0.009295481648275145
2024-06-14,18.415180206298828,-0.01823923788185118
2024-06-17,18.455799102783203,0.0022032999219256675
2024-06-18,18.52090072631836,0.0035212277516666357
2024-06-19,18.399099349975586,-0.006598148319701736
2024-06-20,18.427440643310547,0.001539177937179759
2024-06-21,18.34238052368164,-0.00462663503169425
2024-06-24,18.129789352416992,-0.011657851982708297
2024-06-25,17.944719314575195,-0.010260522919535837
2024-06-26,18.111299514770508,0.009240143023197391
2024-06-27,18.301000595092773,0.010419709607622594
2024-06-28,18.42976951599121,0.007011530008686621
2024-07-01,18.265300750732422,-0.008964139618578837
2024-07-02,18.36639976501465,0.005519769464582191
2024-07-03,18.252199172973633,-0.006237320137454488
2024-07-04,18.174360275268555,-0.004273750656719096
2024-07-05,18.080400466918945,-0.005183320302917815
2024-07-08,18.088279724121094,0.0004356950425159417
2024-07-09,17.973600387573242,-0.006360163295610373
2024-07-10,17.895339965820312,-0.004363694336490896
2024-07-11,17.836530685424805,-0.0032917019134460143
2024-07-12,17.753259658813477,-0.004679498123451834
2024-07-15,17.69873046875,-0.0030762297331649925
2024-07-16,17.71579933166504,0.0009639469637418695
2024-07-17,17.650419235229492,-0.0036973232403558383
2024-07-18,17.720199584960938,0.003945672571716251
2024-07-19,17.958499908447266,0.013358326984027577
2024-07-22,17.970619201660156,0.0006746223660751964
2024-07-23,17.930599212646484,-0.002229451108220684
2024-07-24,18.163150787353516,0.012886153014719019
2024-07-25,18.360319137573242,0.010796907632287717
2024-07-26,18.439899444580078,0.004324997737660651
2024-07-29,18.42729949951172,-0.0006835314816316762
2024-07-30,18.640899658203125,0.011524839499722397
2024-07-31,18.75279998779297,0.00598500093190486
2024-08-01,18.640039443969727,-0.006031148601693692
2024-08-02,18.923799514770508,0.015108438133671357
2024-08-05,19.528430938720703,0.031451037100066984
2024-08-06,19.19502067565918,-0.01722049499180666
2024-08-07,19.58378028869629,0.02005078175835425
2024-08-08,19.33470916748047,-0.012799804166807961
2024-08-09,18.86026954650879,-0.024844314110706214
2024-08-12,18.822189331054688,-0.002021111655193592
2024-08-13,19.059799194335938,0.012544905305655826
2024-08-14,18.998079299926758,-0.0032434781422208195
2024-08-15,18.81170082092285,-0.009858824252124818
2024-08-16,18.636199951171875,-0.009373137133275596
2024-08-19,18.6258602142334,-0.0005549739954238397
2024-08-20,18.665109634399414,0.0021050369469482496
2024-08-21,19.009849548339844,0.018301255980893872
2024-08-22,19.277130126953125,0.013962183640301171
2024-08-23,19.49020004272461,0.010992351565243835
2024-08-26,19.212249755859375,-0.014363693620819663
2024-08-27,19.374500274658203,0.008409698920319501
2024-08-28,19.77079963684082,0.020248300715827703
2024-08-29,19.664400100708008,-0.005396183867528272
2024-08-30,19.834199905395508,0.00859781615861487
2024-09-02,19.699800491333008,-0.0067992072888342385
2024-09-03,19.83639907836914,0.006910078968729301
2024-09-04,19.795400619506836,-0.002068968545450107
2024-09-05,19.948749542236328,0.007716843011835796
2024-09-06,19.881380081176758,-0.003382842383010823
2024-09-09,19.940200805664062,0.0029542155764096844
2024-09-10,19.89137077331543,-0.002451826773313993
2024-09-11,20.08941078186035,0.009906841265571486
2024-09-12,19.795900344848633,-0.014717986498405288
2024-09-13,19.52079963684082,-0.013994317823529712
2024-09-16,19.15220069885254,-0.019062917123889706
2024-09-17,19.20560073852539,0.0027843136034916348
2024-09-18,19.115530014038086,-0.004700847213188821
2024-09-19,19.243270874023438,0.006660340221507926
2024-09-20,19.299999237060547,0.002943621744381581
2024-09-23,19.37656021118164,0.003959042645716019
2024-09-24,19.4153995513916,0.0020024434664181853
2024-09-25,19.30820083618164,-0.00553662304009725
2024-09-26,19.636600494384766,0.016865277574751147
2024-09-27,19.61591911315918,-0.0010537607952865562
2024-09-30,19.63050079345703,0.0007430833693119437
2024-10-01,19.66360092163086,0.0016847381443124616
2024-10-02,19.626440048217773,-0.001891618515868641
2024-10-03,19.408199310302734,-0.0111820175884883
2024-10-04,19.335500717163086,-0.0037527999860119217
2024-10-07,19.27667999267578,-0.0030467468507110324
2024-10-08,19.289670944213867,0.0006736936066720605
2024-10-09,19.345399856567383,0.0028848892909551192
2024-10-10,19.467449188232422,0.006289140681820037
2024-10-11,19.438400268554688,-0.0014932934497716873
2024-10-14,19.29953956604004,-0.007169265989617731
2024-10-15,19.425949096679688,0.006528515661650807
2024-10-16,19.695100784301758,0.013760159056922941
2024-10-17,19.898700714111328,0.010284525187763351
2024-10-18,19.816810607910156,-0.004123840762845208
2024-10-21,19.868560791015625,0.0026080246002031546
2024-10-22,19.960800170898438,0.004631736114056526
2024-10-23,19.936199188232422,-0.0012332248629739868
2024-10-24,19.832460403442383,-0.005217124296129869
2024-10-25,19.814199447631836,-0.0009211851475240175
2024-10-28,19.946569442749023,0.006658346296975927
2024-10-29,20.02873992919922,0.004111067730085947
2024-10-30,20.05377960205078,0.0012494062948971226
2024-10-31,20.1639404296875,0.005478237108093034
2024-11-01,20.050689697265625,-0.00563232989851038
2024-11-04,20.081819534301758,0.0015513529492935175
2024-11-05,20.093900680541992,0.0006014153095339107
2024-11-06,20.13159942626953,0.0018743710663426507
2024-11-07,20.167009353637695,0.0017573776144393376
2024-11-08,19.793569564819336,-0.018690953468775653
2024-11-11,20.13759994506836,0.017231596124762306
2024-11-12,20.339500427246094,0.009976117597110307
2024-11-13,20.582700729370117,0.011886123352127178
2024-11-14,20.518400192260742,-0.0031288986487505352
2024-11-15,20.438600540161133,-0.0038967576556143257
2024-11-18,20.356170654296875,-0.004041204087346395
2024-11-19,20.213289260864258,-0.007043819882773721
2024-11-20,20.10972023010254,-0.005136980588615792
2024-11-21,20.274620056152344,0.0081665685931612
2024-11-22,20.414119720458984,0.00685694428735644
2024-11-25,20.350839614868164,-0.0031046348359503985
2024-11-26,20.580469131469727,0.011220355896597095
2024-11-27,20.65250015258789,0.0034938591929088506
2024-11-28,20.598169326782227,-0.0026341806282302047
2024-11-29,20.436199188232422,-0.007894405865014017
2024-12-02,20.378610610961914,-0.002821947022196247
2024-12-03,20.40690040588379,0.001387247517730671
2024-12-04,20.30389976501465,-0.005060124596573222
2024-12-05,20.308639526367188,0.0002334136922615797
2024-12-06,20.19179916381836,-0.005769847955881727
2024-12-09,20.170900344848633,-0.0010355511941334877
2024-12-10,20.245899200439453,0.003711275633798932
2024-12-11,20.1607608795166,-0.00421407989416588
2024-12-12,20.114200592041016,-0.0023121218005739204
2024-12-13,20.191099166870117,0.0038158092655418098
2024-12-16,20.105419158935547,-0.004252483371333094
2024-12-17,20.133819580078125,0.0014115786853007163
2024-12-18,20.173749923706055,0.0019812832766479835
2024-12-19,20.37470054626465,0.009911711317024606
2024-12-20,20.333999633789062,-0.0019996180598915786
2024-12-23,20.063430786132812,-0.013395549704757452
2024-12-24,20.169300079345703,0.00526285615200664
2024-12-25,20.153799057006836,-0.0007688408596782535
2024-12-26,20.156639099121094,0.00014090852140870633
2024-12-27,20.20479965209961,0.0023864647706153936
2024-12-30,20.313169479370117,0.005349235808415347
2024-12-31,20.632200241088867,0.015583555365663205
2025-01-02,20.83024024963379,0.009552815137341736
2025-01-03,20.592899322509766,-0.011459465741031037
2025-01-06,20.620149612426758,0.0013224109641206115
2025-01-07,20.32080078125,-0.01462370379742229
2025-01-08,20.32733917236328,0.0003217067829984732
2025-01-09,20.410959243774414,0.004105237189543785
2025-01-10,20.506359100341797,0.004663063626547223
2025-01-13,20.70178985595703,0.009485124945710034
2025-01-14,20.61046028137207,-0.004421435436970883
2025-01-15,20.503999710083008,-0.0051787526454603675
2025-01-16,20.455310821533203,-0.0023774282745974034
2025-01-17,20.83272933959961,0.018282729307120806
2025-01-20,20.791290283203125,-0.001991113326514109
2025-01-21,20.49724006652832,-0.014243916448494178
2025-01-22,20.66119956970215,0.007967278251263159
2025-01-23,20.48710060119629,-0.008462075306611796
2025-01-24,20.37883949279785,-0.005298366386008684
2025-01-27,20.436969757080078,0.0028484209748079145
2025-01-28,20.7283992767334,0.014159202036372961
2025-01-29,20.540000915527344,-0.00913045667626523
2025-01-30,20.501800537109375,-0.0018615357073648526
2025-01-31,20.674470901489258,0.008386935994547465
2025-02-03,21.16939926147461,0.023657058504793268
2025-02-04,20.385129928588867,-0.0377509978793378
2025-02-05,20.512420654296875,0.0062248782593120975
2025-02-06,20.573720932006836,0.00298399026187496
2025-02-07,20.44339942932129,-0.0063545144109330405
2025-02-10,20.600309371948242,0.007646029642303008
2025-02-11,20.624610900878906,0.0011789728923533452
2025-02-12,20.546720504760742,-0.0037837245668681276
2025-02-13,20.543489456176758,-0.00015726610273905276
2025-02-14,20.415189743041992,-0.006264856937435444
2025-02-17,20.312389373779297,-0.005048205162632803
2025-02-18,20.272600173950195,-0.001960784665491051
2025-02-19,20.23780059814453,-0.0017180567805942567
2025-02-20,20.45240020751953,0.010548072747302026
2025-02-21,20.29400062561035,-0.007774938478153882
2025-02-24,20.382829666137695,0.004367556719411588
2025-02-25,20.48111915588379,0.004810581557983653
2025-02-26,20.457509994506836,-0.001153392992595109
2025-02-27,20.394800186157227,-0.003070076445005629
2025-02-28,20.457599639892578,0.0030744584636068317
2025-03-03,20.514450073242188,0.0027750854659153814
2025-03-04,20.72570037841797,0.01024497488909761
2025-03-05,20.530500411987305,-0.009462888938281242
2025-03-06,20.402780532836914,-0.006240413213034772
2025-03-07,20.27794075012207,-0.006137559544992742
2025-03-10,20.26021957397461,-0.0008742960773065624
2025-03-11,20.35137939453125,0.0044893565374094085
2025-03-12,20.270299911499023,-0.003991936920773468
2025-03-13,20.17443084716797,-0.00474075322472725
2025-03-14,20.082849502563477,-0.004549810707160813
2025-03-17,19.92527961730957,-0.007876934184912691
2025-03-18,19.95507049560547,0.0014940131544902845
2025-03-19,19.904159545898438,-0.0025545389281069375
2025-03-20,20.0231990814209,0.005962823102833549
2025-03-21,20.127500534057617,0.005195510327629595
2025-03-24,20.21017074584961,0.004098914236479509
2025-03-25,20.037870407104492,-0.008561976502845873
2025-03-26,20.031999588012695,-0.00029302910813138887
2025-03-27,20.257049560546875,0.011171885066126635
2025-03-28,20.281999588012695,0.001230913459496215
2025-03-31,20.380090713500977,0.004824706011892248
2025-04-01,20.474029541015625,0.004598752462909011
2025-04-02,20.328340530395508,-0.007141233683687257
2025-04-03,20.25830078125,-0.0034513729842128916
2025-04-04,19.93221092224121,-0.01622756222941432
2025-04-07,20.621700286865234,0.03400687087588355
2025-04-08,20.696550369262695,0.0036231042257531504
2025-04-09,20.836240768432617,0.006726777665880097
2025-04-10,20.33354949951172,-0.024421608649636918
2025-04-11,20.594459533691406,0.012749878373347276
2025-04-14,20.276779174804688,-0.015545736645887185
2025-04-15,20.07990074157715,-0.00975699663691613
2025-04-16,20.125429153442383,0.0022647958091553634
2025-04-17,19.915300369262695,-0.010495848388019249
2025-04-22,19.70330047607422,-0.0107021405161284
2025-04-23,19.615190505981445,-0.0044818666933393175
2025-04-24,19.624399185180664,0.00046935655753538427
2025-04-25,19.600000381469727,-0.0012440627327537724
2025-04-28,19.535160064697266,-0.0033136634864450692
2025-04-29,19.57309913635254,0.0019402082491959821
2025-04-30,19.540199279785156,-0.001682285343284726
2025-05-01,19.589000701904297,0.002494374914137397
2025-05-02,19.600889205932617,0.0006067128241982309
2025-05-05,19.610090255737305,0.0004693098769727123
2025-05-06,19.673200607299805,0.0032130915955205595
2025-05-07,19.644620895385742,-0.0014537792713489785
2025-05-08,19.60308074951172,-0.0021168200758045325
2025-05-09,19.518699645996094,-0.004313772712486414
2025-05-12,19.441640853881836,-0.003955760735685294
2025-05-13,19.60740089416504,0.008489890071691873
2025-05-14,19.39310073852539,-0.01098972082343411
2025-05-15,19.383060455322266,-0.0005178585563080255
2025-05-16,19.471399307250977,0.004547174490762118
2025-05-19,19.451169967651367,-0.0010394658830561302
2025-05-20,19.284900665283203,-0.00858478006670514
2025-05-21,19.269319534301758,-0.0008082711438099679
2025-05-22,19.36680030822754,0.005046106139570928
2025-05-23,19.32110023498535,-0.002362500619388279
2025-05-26,19.20479965209961,-0.006037545469845697
2025-05-27,19.245559692382812,0.0021201391220312432
2025-05-28,19.252700805664062,0.00037098368969242613
2025-05-29,19.385150909423828,0.00685600346270498
2025-05-30,19.300100326538086,-0.004397061784537565
2025-06-02,19.422500610351562,0.006321925103861593
2025-06-03,19.19219970703125,-0.01192828804055442
2025-06-04,19.224300384521484,0.0016711925805243627
2025-06-05,19.199350357055664,-0.0012986809160999793
2025-06-06,19.151159286499023,-0.0025131919429311387
2025-06-09,19.09762954711914,-0.002799031078411146
2025-06-10,19.037799835205078,-0.0031377520573826452
2025-06-11,19.058759689331055,0.0011003542840811705
2025-06-12,18.897050857543945,-0.00852095148982681
2025-06-13,18.883209228515625,-0.0007327440105549702
2025-06-16,18.947799682617188,0.0034146864554480357
2025-06-17,18.923349380493164,-0.0012912365283888041
2025-06-18,19.019420623779297,0.005064018709322498
2025-06-19,19.00749969482422,-0.0006269731677299092
2025-06-20,19.02050018310547,0.0006837324513225557
2025-06-23,19.210100173950195,0.009918836927898895
2025-06-24,19.071199417114258,-0.007256878313351232
2025-06-25,18.99176025390625,-0.004174098873775827
2025-06-26,18.89859962463379,-0.004917388871218135
2025-06-27,18.87881088256836,-0.0010476495667492579
2025-06-30,18.7992000579834,-0.004225856995680156
2025-07-01,18.738000869750977,-0.0032607248779352805
2025-07-02,18.737899780273438,-5.394905834740428e-06
2025-07-03,18.763700485229492,0.0013759790965792121
2025-07-04,18.645910263061523,-0.006297344937540934
2025-07-07,18.60633087158203,-0.002124940952111675
2025-07-08,18.643329620361328,0.001986528760692128
2025-07-09,18.612340927124023,-0.001663569595102577
2025-07-10,18.623769760131836,0.0006138575246319026
2025-07-11,18.601259231567383,-0.0012094298872598278
2025-07-14,18.65760040283203,0.0030243123252312316
2025-07-15,18.748369216918945,0.004853182161505076
2025-07-16,18.80171012878418,0.0028410564597231174
2025-07-17,18.718759536743164,-0.0044216252049127415
2025-07-18,18.752620697021484,0.001807308366224069
2025-07-21,18.705299377441406,-0.0025266402758400497
2025-07-22,18.656099319458008,-0.00263373900011376
2025-07-23,18.643930435180664,-0.0006524865952720484
2025-07-24,18.53668975830078,-0.005768649028002912
2025-07-25,18.538549423217773,0.00010031843136304118
2025-07-28,18.50309944152832,-0.0019140612580105896
2025-07-29,18.746999740600586,0.01309547034683606
2025-07-30,18.747159957885742,8.546252880179346e-06
2025-07-31,18.842899322509766,0.005093877129955393
2025-08-01,18.86471939086914,0.0011573295551086508
2025-08-04,18.868009567260742,0.00017439376852880077
2025-08-05,18.871400833129883,0.00017972013035130285
2025-08-06,18.733230590820312,-0.007348608874317097
2025-08-07,18.60154914855957,-0.007054118932806181
2025-08-08,18.60795021057129,0.00034405526465603614
2025-08-11,18.582210540771484,-0.0013842195564469975
2025-08-12,18.656200408935547,0.003973851925719674
2025-08-13,18.572799682617188,-0.004480424702793988
2025-08-14,18.619300842285156,0.0025005946554542057
2025-08-15,18.801259994506836,0.009725166180009428
2025-08-18,18.72348976135254,-0.004145016023227494
2025-08-19,18.765499114990234,0.0022411578695780625
2025-08-20,18.818700790405273,0.0028310678999683256
2025-08-21,18.768699645996094,-0.002660528438929192
2025-08-22,18.736299514770508,-0.0017277770969577333
2025-08-25,18.59326934814453,-0.0076631405569779106
2025-08-26,18.683229446411133,0.004826648200458299
2025-08-27,18.6585693359375,-0.0013207780483333194
2025-08-28,18.651199340820312,-0.0003950705391340448
2025-08-29,18.650239944458008,-5.1440179301345366e-05
2025-09-01,18.65846061706543,0.0004406839486089419
2025-09-02,18.648099899291992,-0.0005554367862596217
2025-09-03,18.728700637817383,0.004312881910952081
2025-09-04,18.706600189208984,-0.0011807278524657207
2025-09-05,18.725799560546875,0.0010258157718910077
2025-09-08,18.726360321044922,2.994542904139549e-05
2025-09-09,18.652870178222656,-0.003932142878874134
2025-09-10,18.62350082397461,-0.0015757628511312899
2025-09-11,18.580799102783203,-0.0022955271313619924
2025-09-12,18.45400047302246,-0.006847566433167685
2025-09-15,18.446989059448242,-0.0003800122298847699
2025-09-16,18.361520767211914,-0.004643950338738911
2025-09-17,18.28580093383789,-0.004132358797920131
2025-09-18,18.30780029296875,0.0012023611256422079
2025-09-19,18.364200592041016,0.0030759348920070886
2025-09-22,18.42020034790039,0.003044757978425922
2025-09-23,18.357690811157227,-0.003399302948918018
2025-09-24,18.346500396728516,-0.0006097622318963727
2025-09-25,18.418739318847656,0.0039297453596295875
2025-09-26,18.484119415283203,0.0035433658575288094
2025-09-29,18.358549118041992,-0.006816595456764733
2025-09-30,18.358999252319336,2.4518754510919815e-05
2025-10-01,18.31382942199707,-0.0024633961871604235
2025-10-02,18.382360458374023,0.0037350534903617906
2025-10-03,18.41200065612793,0.0016111275351769262
2025-10-06,18.433330535888672,0.0011578065091794236
2025-10-07,18.337589263916016,-0.005207456808259928
2025-10-08,18.388530731201172,0.0027741291463136224
2025-10-09,18.334150314331055,-0.0029616822667595734
2025-10-10,18.38343048095703,0.0026842833949713768
2025-10-13,18.522390365600586,0.007530548739845836
2025-10-14,18.45829963684082,-0.003466176154259789
2025-10-15,18.504369735717773,0.0024927919717741007
2025-10-16,18.45509910583496,-0.0026661995214928985
2025-10-17,18.430299758911133,-0.0013446703261355568
2025-10-20,18.364700317382812,-0.003565675276266545
2025-10-21,18.399370193481445,0.0018860744141981744
2025-10-22,18.434099197387695,0.0018857313618233537
2025-10-23,18.43950080871582,0.0002929798753509421
2025-10-24,18.393600463867188,-0.0024923434097587995
2025-10-27,18.418739318847656,0.0013657843558227871
2025-10-28,18.38932991027832,-0.0015979873676338562
2025-10-29,18.425260543823242,0.0019519785232081524
2025-10-30,18.465700149536133,0.002192386489848882
2025-10-31,18.525400161743164,0.0032278068799183853
2025-11-03,18.554079055786133,0.0015468879480988393
2025-11-04,18.491670608520508,-0.0033692667509395333
2025-11-05,18.675500869750977,0.009892157674218596
2025-11-06,18.590700149536133,-0.004551087272874487
2025-11-07,18.556299209594727,-0.0018521522798167695
2025-11-10,18.443740844726562,-0.006084248121201953
2025-11-11,18.378599166870117,-0.003538164374824538
2025-11-12,18.316650390625,-0.0033763953560046267
2025-11-13,18.287799835205078,-0.0015763417407471596
2025-11-14,18.315000534057617,0.0014862635418753853
2025-11-17,18.30643081665039,-0.00046801652734893077
2025-11-18,18.43269920349121,0.006873809148181077
2025-11-19,18.34040069580078,-0.005019903231742287
2025-11-20,18.31679916381836,-0.001287688930634689
2025-11-21,18.36590003967285,0.002677060644103123
2025-11-24,18.473880767822266,0.005862197603538742
2025-11-25,18.493600845336914,0.0010668878984799082
2025-11-26,18.385700225830078,-0.00585157116632089
2025-11-27,18.338970184326172,-0.0025448869221914973
2025-11-28,18.329599380493164,-0.0005111082405567261
2025-12-01,18.284500122070312,-0.0024634925803855333
2025-12-02,18.30590057373047,0.0011697305136505662
2025-12-03,18.27526092529297,-0.001675160347399175
2025-12-04,18.27519989013672,-3.339774924230223e-06
2025-12-05,18.218599319458008,-0.003101930590330058
2025-12-08,18.171600341796875,-0.0025830583085999343
2025-12-09,18.26059913635254,0.004885731460993308
2025-12-10,18.1825008392334,-0.004286046836201363
2025-12-11,18.157400131225586,-0.0013814408586320865
2025-12-12,18.031539916992188,-0.0069557561795623715
2025-12-15,18.00322914123535,-0.0015713036226773097
2025-12-16,17.981300354003906,-0.0012187898662870372
2025-12-17,17.956100463867188,-0.0014024327688432422
2025-12-18,18.011760711669922,0.0030950015049287767
2025-12-19,17.99342918395996,-0.0010182714962515505
2025-12-22,18.015600204467773,0.001231414658267992
2025-12-23,17.964099884033203,-0.0028627451301508487
2025-12-24,17.90428924560547,-0.003335008642147422
2025-12-26,17.932069778442383,0.0015504107648388272
2025-12-29,17.896459579467773,-0.0019878131387826093
2025-12-30,17.97216033935547,0.0042210083607974
2025-12-31,17.97879981994629,0.00036936319012809404
2026-01-02,17.98465919494629,0.0003258515844884427
2026-01-05,17.91115951538086,-0.004095172358485943
2026-01-06,17.915700912475586,0.00025351912307221644
2026-01-07,17.983400344848633,0.0037716550139762456
2026-01-08,17.978200912475586,-0.0002891657894804115
2026-01-09,17.962299346923828,-0.0008848828744502036
2026-01-12,17.974109649658203,0.0006572889996157184
2026-01-13,17.909099578857422,-0.003623429638888162
2026-01-14,17.82360076904297,-0.004785475049334763
2026-01-15,17.785499572753906,-0.0021399704268644498
2026-01-16,17.65329933166504,-0.007460797679527432
2026-01-19,17.63265037536621,-0.0011703785119756569
2026-01-20,17.57710075378418,-0.003155357018413526
2026-01-21,17.591999053955078,0.0008472381234392696
2026-01-22,17.482500076293945,-0.00624381451555929
2026-01-23,17.46809959411621,-0.0008240478348541305
2026-01-26,17.370479583740234,-0.0056041473660058145
2026-01-27,17.35540008544922,-0.0008684876744665886
2026-01-28,17.162500381469727,-0.011176908763554792
2026-01-29,17.149900436401367,-0.0007344251835705354
2026-01-30,17.22517967224121,0.004379879607214567
2026-02-02,17.466890335083008,0.013934860275916023
2026-02-03,17.37529945373535,-0.005257481970883778
2026-02-04,17.238399505615234,-0.007910201224892647
2026-02-05,17.32438087463379,0.004975383660743877
2026-02-06,17.503599166870117,0.010291717975719879
2026-02-09,17.251699447631836,-0.014495869133254007
2026-02-10,17.208799362182617,-0.002489813502007639
2026-02-11,17.183900833129883,-0.0014478964001732547
2026-02-12,17.19301986694336,0.000530532336326826
2026-02-13,17.207000732421875,0.0008128405742028614
2026-02-16,17.161109924316406,-0.0026705474640474885
2026-02-17,17.166149139404297,0.00029359845566081746
2026-02-18,17.11840057373047,-0.0027854294103465036
2026-02-19,17.20854949951172,0.005252382331525725
2026-02-20,17.256729125976562,0.002795837420739382
2026-02-23,17.09827995300293,-0.009224290764235935
2026-02-24,17.259559631347656,0.009388300597236266
2026-02-25,17.17889976501465,-0.004684298614846387
2026-02-26,17.157529830932617,-0.0012447384362713277
2026-02-27,17.202899932861328,0.00264083590387217
2026-03-02,17.316999435424805,0.006610675011995682
2026-03-03,17.30327033996582,-0.0007931247369094582
2026-03-04,17.670869827270508,0.021021990707210225
2026-03-05,17.593059539794922,-0.004413031397846995
2026-03-06,17.702600479125977,0.006207068572669452
2026-03-09,17.992300033569336,0.01623234194836356
2026-03-10,17.673099517822266,-0.01790020820373174
2026-03-11,17.589780807495117,-0.004725584785398307
2026-03-12,17.744600296020508,0.008763163493675905
2026-03-13,17.834299087524414,0.005042257242495172
2026-03-16,17.886369705200195,0.002915435590540391
2026-03-17,17.6835994720459,-0.011401327263013303
2026-03-18,17.65298080444336,-0.0017329733112704645
2026-03-19,17.842899322509766,0.01070097880070226
2026-03-20,17.738100051879883,-0.005890760547830679
2026-03-23,17.938600540161133,0.011239974315773078
2026-03-24,17.783649444580078,-0.00867538116868615
2026-03-25,17.72909927368164,-0.003072148215579795
2026-03-26,17.777240753173828,0.0027117133985663676
2026-03-27,17.91390037536621,0.00765793895776321
2026-03-30,18.143220901489258,0.012720018125531201
2026-03-31,18.13960075378418,-0.0001995516088294992
2026-04-01,17.884580612182617,-0.01415851198291426
2026-04-02,17.823200225830078,-0.0034379311941809274
2026-04-03,17.84712028503418,0.0013411745365355717
2026-04-06,17.880399703979492,0.001862957662918732
2026-04-07,17.76650047302246,-0.006390436083147342
2026-04-08,17.51409912109375,-0.014308467602162372
2026-04-09,17.446399688720703,-0.00387291482095877
2026-04-10,17.371200561523438,-0.004319610977515496
2026-04-13,17.430500030517578,0.003407852224153106
2026-04-14,17.277999877929688,-0.008787538172948044
2026-04-15,17.253999710083008,-0.001390025020119425
2026-04-16,17.243600845336914,-0.0006028746865656057
2026-04-17,17.249399185180664,0.00033620386126088757
2026-04-20,17.372299194335938,0.007099624289683586
2026-04-21,17.309799194335938,-0.0036041687533427025
2026-04-22,17.32029914855957,0.0006064062793831226
2026-04-23,17.340700149536133,0.0011771734078973007
2026-04-24,17.41469955444336,0.0042583033058251835
2026-04-27,17.41345977783203,-7.119392098931138e-05
2026-04-28,17.37700080871582,-0.002095918355099031
2026-04-29,17.384599685668945,0.0004371994940446541
2026-04-30,17.52589988708496,0.008095041592515612
2026-05-01,17.45989990234375,-0.003772962941095175
2026-05-04,17.44659996032715,-0.0007620324416669948
